Spec	FinalStatus	Verdict	BugType	BugFile	BugLine	BugFunc	CWE	Time	Tokens	UniqueBugID	IsDuplicate
0141_xmlschemas_c_23300_local-cpp-cwe-120-overflow	LLM_FP	FP	buffer-overflow	xmlschemas.c	23300		CWE-120	0	24850		
0142_xmlschemas_c_22412_local-cpp-cwe-120-overflow	LLM_FP	FP	buffer-overflow	xmlschemas.c	22412		CWE-120	0	24850		
0148_xmlschemas_c_3519_local-cpp-cwe-120-overflow	LLM_FP	FP	buffer-overflow	xmlschemas.c	3519		CWE-120	0	24850		
0629_xmlschemas_c_26869_local-cpp-cwe-125-cursor-lookahead-missing-bytes-check	LLM_FP	FP	oob-read	xmlschemas.c	26869		CWE-125	0	24850		
0681_xmlschemas_c_23694_local-cpp-cwe-125-cursor-lookahead-missing-bytes-check	LLM_FP	FP	oob-read	xmlschemas.c	23694		CWE-125	0	24850		
0682_xmlschemas_c_23699_local-cpp-cwe-125-cursor-lookahead-missing-bytes-check	LLM_FP	FP	oob-read	xmlschemas.c	23699		CWE-125	0	24850		
0684_xmlschemas_c_23509_local-cpp-cwe-125-cursor-lookahead-missing-bytes-check	LLM_FP	FP	oob-read	xmlschemas.c	23509		CWE-125	0	24850		
0685_xmlschemas_c_23514_local-cpp-cwe-125-cursor-lookahead-missing-bytes-check	LLM_FP	FP	oob-read	xmlschemas.c	23514		CWE-125	0	24850		
0689_xmlschemas_c_23229_local-cpp-cwe-125-cursor-lookahead-missing-bytes-check	LLM_FP	FP	oob-read	xmlschemas.c	23229		CWE-125	0	24850		
0692_xmlschemas_c_23236_local-cpp-cwe-125-cursor-lookahead-missing-bytes-check	LLM_FP	FP	oob-read	xmlschemas.c	23236		CWE-125	0	24850		
0695_xmlschemas_c_22346_local-cpp-cwe-125-cursor-lookahead-missing-bytes-check	LLM_FP	FP	oob-read	xmlschemas.c	22346		CWE-125	0	24850		
0696_xmlschemas_c_22353_local-cpp-cwe-125-cursor-lookahead-missing-bytes-check	LLM_FP	FP	oob-read	xmlschemas.c	22353		CWE-125	0	24850		
0700_xmlschemas_c_22076_local-cpp-cwe-125-cursor-lookahead-missing-bytes-check	LLM_FP	FP	oob-read	xmlschemas.c	22076		CWE-125	0	24850		
0702_xmlschemas_c_22082_local-cpp-cwe-125-cursor-lookahead-missing-bytes-check	LLM_FP	FP	oob-read	xmlschemas.c	22082		CWE-125	0	24850		
0713_xmlschemas_c_21725_local-cpp-cwe-125-cursor-lookahead-missing-bytes-check	LLM_FP	FP	oob-read	xmlschemas.c	21725		CWE-125	0	24850		
0714_xmlschemas_c_21731_local-cpp-cwe-125-cursor-lookahead-missing-bytes-check	LLM_FP	FP	oob-read	xmlschemas.c	21731		CWE-125	0	24850		
0715_xmlschemas_c_21690_local-cpp-cwe-125-cursor-lookahead-missing-bytes-check	LLM_FP	FP	oob-read	xmlschemas.c	21690		CWE-125	0	24850		
0716_xmlschemas_c_21696_local-cpp-cwe-125-cursor-lookahead-missing-bytes-check	LLM_FP	FP	oob-read	xmlschemas.c	21696		CWE-125	0	24850		
0717_xmlschemas_c_21652_local-cpp-cwe-125-cursor-lookahead-missing-bytes-check	LLM_FP	FP	oob-read	xmlschemas.c	21652		CWE-125	0	24850		
0718_xmlschemas_c_21658_local-cpp-cwe-125-cursor-lookahead-missing-bytes-check	LLM_FP	FP	oob-read	xmlschemas.c	21658		CWE-125	0	24850		
0757_xmlschemas_c_3360_local-cpp-cwe-125-cursor-lookahead-missing-bytes-check	LLM_FP	FP	oob-read	xmlschemas.c	3360		CWE-125	0	24850		
0758_xmlschemas_c_3364_local-cpp-cwe-125-cursor-lookahead-missing-bytes-check	LLM_FP	FP	oob-read	xmlschemas.c	3364		CWE-125	0	24850		
0759_xmlschemas_c_2588_local-cpp-cwe-125-cursor-lookahead-missing-bytes-check	LLM_FP	FP	oob-read	xmlschemas.c	2588		CWE-125	0	24850		
0760_xmlschemas_c_2589_local-cpp-cwe-125-cursor-lookahead-missing-bytes-check	LLM_FP	FP	oob-read	xmlschemas.c	2589		CWE-125	0	24850		
0840_xmlschemas_c_23413_sailor-cpp-cwe-476-unchecked-alloc-deref	LLM_FP	FP	null-deref	xmlschemas.c	23413		CWE-476	0	24850		
0841_xmlschemas_c_23412_sailor-cpp-cwe-476-unchecked-alloc-deref	LLM_FP	FP	null-deref	xmlschemas.c	23412		CWE-476	0	24850		
0842_xmlschemas_c_22543_sailor-cpp-cwe-476-unchecked-alloc-deref	LLM_FP	FP	null-deref	xmlschemas.c	22543		CWE-476	0	24850		
0843_xmlschemas_c_22541_sailor-cpp-cwe-476-unchecked-alloc-deref	LLM_FP	FP	null-deref	xmlschemas.c	22541		CWE-476	0	24850		
0844_xmlschemas_c_21375_sailor-cpp-cwe-476-unchecked-alloc-deref	LLM_FP	FP	null-deref	xmlschemas.c	21375		CWE-476	0	24850		
0845_xmlschemas_c_21375_sailor-cpp-cwe-476-unchecked-alloc-deref	LLM_FP	FP	null-deref	xmlschemas.c	21375		CWE-476	0	24850		
0963_xmlschemas_c_27340_sailor-cpp-cwe-674-uncontrolled-recursion	LLM_FP	FP	stack-overflow	xmlschemas.c	27340		CWE-400	0	24850		
0964_xmlschemas_c_27319_sailor-cpp-cwe-674-uncontrolled-recursion	LLM_FP	FP	stack-overflow	xmlschemas.c	27319		CWE-400	0	24850		
0965_xmlschemas_c_27209_sailor-cpp-cwe-674-uncontrolled-recursion	LLM_FP	FP	stack-overflow	xmlschemas.c	27209		CWE-400	0	24850		
0967_xmlschemas_c_24252_sailor-cpp-cwe-674-uncontrolled-recursion	LLM_FP	FP	stack-overflow	xmlschemas.c	24252		CWE-400	0	24850		
0968_xmlschemas_c_24255_sailor-cpp-cwe-674-uncontrolled-recursion	LLM_FP	FP	stack-overflow	xmlschemas.c	24255		CWE-400	0	24850		
0969_xmlschemas_c_24337_sailor-cpp-cwe-674-uncontrolled-recursion	LLM_FP	FP	stack-overflow	xmlschemas.c	24337		CWE-400	0	24850		
0970_xmlschemas_c_24340_sailor-cpp-cwe-674-uncontrolled-recursion	LLM_FP	FP	stack-overflow	xmlschemas.c	24340		CWE-400	0	24850		
0971_xmlschemas_c_21015_sailor-cpp-cwe-674-uncontrolled-recursion	LLM_FP	FP	stack-overflow	xmlschemas.c	21015		CWE-400	0	24850		
0972_xmlschemas_c_20995_sailor-cpp-cwe-674-uncontrolled-recursion	LLM_FP	FP	stack-overflow	xmlschemas.c	20995		CWE-400	0	24850		
0973_xmlschemas_c_20380_sailor-cpp-cwe-674-uncontrolled-recursion	LLM_FP	FP	stack-overflow	xmlschemas.c	20380		CWE-400	0	24850		
0974_xmlschemas_c_19576_sailor-cpp-cwe-674-uncontrolled-recursion	LLM_FP	FP	stack-overflow	xmlschemas.c	19576		CWE-400	0	24850		
0975_xmlschemas_c_19174_sailor-cpp-cwe-674-uncontrolled-recursion	LLM_FP	FP	stack-overflow	xmlschemas.c	19174		CWE-400	0	24850		
0976_xmlschemas_c_19143_sailor-cpp-cwe-674-uncontrolled-recursion	LLM_FP	FP	stack-overflow	xmlschemas.c	19143		CWE-400	0	24850		
0977_xmlschemas_c_18921_sailor-cpp-cwe-674-uncontrolled-recursion	LLM_FP	FP	stack-overflow	xmlschemas.c	18921		CWE-400	0	24850		
0978_xmlschemas_c_18796_sailor-cpp-cwe-674-uncontrolled-recursion	LLM_FP	FP	stack-overflow	xmlschemas.c	18796		CWE-400	0	24850		
0981_xmlschemas_c_18657_sailor-cpp-cwe-674-uncontrolled-recursion	LLM_FP	FP	stack-overflow	xmlschemas.c	18657		CWE-400	0	24850		
0982_xmlschemas_c_18504_sailor-cpp-cwe-674-uncontrolled-recursion	LLM_FP	FP	stack-overflow	xmlschemas.c	18504		CWE-400	0	24850		
0983_xmlschemas_c_18514_sailor-cpp-cwe-674-uncontrolled-recursion	LLM_FP	FP	stack-overflow	xmlschemas.c	18514		CWE-400	0	24850		
0984_xmlschemas_c_18211_sailor-cpp-cwe-674-uncontrolled-recursion	LLM_FP	FP	stack-overflow	xmlschemas.c	18211		CWE-400	0	24850		
0985_xmlschemas_c_18213_sailor-cpp-cwe-674-uncontrolled-recursion	LLM_FP	FP	stack-overflow	xmlschemas.c	18213		CWE-400	0	24850		
0986_xmlschemas_c_17776_sailor-cpp-cwe-674-uncontrolled-recursion	LLM_FP	FP	stack-overflow	xmlschemas.c	17776		CWE-400	0	24850		
0987_xmlschemas_c_17865_sailor-cpp-cwe-674-uncontrolled-recursion	LLM_FP	FP	stack-overflow	xmlschemas.c	17865		CWE-400	0	24850		
0989_xmlschemas_c_17691_sailor-cpp-cwe-674-uncontrolled-recursion	LLM_FP	FP	stack-overflow	xmlschemas.c	17691		CWE-400	0	24850		
0990_xmlschemas_c_17640_sailor-cpp-cwe-674-uncontrolled-recursion	LLM_FP	FP	stack-overflow	xmlschemas.c	17640		CWE-400	0	24850		
0991_xmlschemas_c_15770_sailor-cpp-cwe-674-uncontrolled-recursion	LLM_FP	FP	stack-overflow	xmlschemas.c	15770		CWE-400	0	24850		
0992_xmlschemas_c_14697_sailor-cpp-cwe-674-uncontrolled-recursion	LLM_FP	FP	stack-overflow	xmlschemas.c	14697		CWE-400	0	24850		
0993_xmlschemas_c_14635_sailor-cpp-cwe-674-uncontrolled-recursion	LLM_FP	FP	stack-overflow	xmlschemas.c	14635		CWE-400	0	24850		
0994_xmlschemas_c_14558_sailor-cpp-cwe-674-uncontrolled-recursion	LLM_FP	FP	stack-overflow	xmlschemas.c	14558		CWE-400	0	24850		
0995_xmlschemas_c_14586_sailor-cpp-cwe-674-uncontrolled-recursion	LLM_FP	FP	stack-overflow	xmlschemas.c	14586		CWE-400	0	24850		
0996_xmlschemas_c_14457_sailor-cpp-cwe-674-uncontrolled-recursion	LLM_FP	FP	stack-overflow	xmlschemas.c	14457		CWE-400	0	24850		
0997_xmlschemas_c_13075_sailor-cpp-cwe-674-uncontrolled-recursion	LLM_FP	FP	stack-overflow	xmlschemas.c	13075		CWE-400	0	24850		
0998_xmlschemas_c_13077_sailor-cpp-cwe-674-uncontrolled-recursion	LLM_FP	FP	stack-overflow	xmlschemas.c	13077		CWE-400	0	24850		
0999_xmlschemas_c_12940_sailor-cpp-cwe-674-uncontrolled-recursion	LLM_FP	FP	stack-overflow	xmlschemas.c	12940		CWE-400	0	24850		
1000_xmlschemas_c_12566_sailor-cpp-cwe-674-uncontrolled-recursion	LLM_FP	FP	stack-overflow	xmlschemas.c	12566		CWE-400	0	24850		
1001_xmlschemas_c_12588_sailor-cpp-cwe-674-uncontrolled-recursion	LLM_FP	FP	stack-overflow	xmlschemas.c	12588		CWE-400	0	24850		
1002_xmlschemas_c_12610_sailor-cpp-cwe-674-uncontrolled-recursion	LLM_FP	FP	stack-overflow	xmlschemas.c	12610		CWE-400	0	24850		
1003_xmlschemas_c_12645_sailor-cpp-cwe-674-uncontrolled-recursion	LLM_FP	FP	stack-overflow	xmlschemas.c	12645		CWE-400	0	24850		
1004_xmlschemas_c_12664_sailor-cpp-cwe-674-uncontrolled-recursion	LLM_FP	FP	stack-overflow	xmlschemas.c	12664		CWE-400	0	24850		
1005_xmlschemas_c_12703_sailor-cpp-cwe-674-uncontrolled-recursion	LLM_FP	FP	stack-overflow	xmlschemas.c	12703		CWE-400	0	24850		
1006_xmlschemas_c_12729_sailor-cpp-cwe-674-uncontrolled-recursion	LLM_FP	FP	stack-overflow	xmlschemas.c	12729		CWE-400	0	24850		
1007_xmlschemas_c_12244_sailor-cpp-cwe-674-uncontrolled-recursion	LLM_FP	FP	stack-overflow	xmlschemas.c	12244		CWE-400	0	24850		
1008_xmlschemas_c_11324_sailor-cpp-cwe-674-uncontrolled-recursion	LLM_FP	FP	stack-overflow	xmlschemas.c	11324		CWE-400	0	24850		
1009_xmlschemas_c_11381_sailor-cpp-cwe-674-uncontrolled-recursion	LLM_FP	FP	stack-overflow	xmlschemas.c	11381		CWE-400	0	24850		
1010_xmlschemas_c_8846_sailor-cpp-cwe-674-uncontrolled-recursion	LLM_FP	FP	stack-overflow	xmlschemas.c	8846		CWE-400	0	24850		
1011_xmlschemas_c_8730_sailor-cpp-cwe-674-uncontrolled-recursion	LLM_FP	FP	stack-overflow	xmlschemas.c	8730		CWE-400	0	24850		
1012_xmlschemas_c_4895_sailor-cpp-cwe-674-uncontrolled-recursion	LLM_FP	FP	stack-overflow	xmlschemas.c	4895		CWE-400	0	24850		
1013_xmlschemas_c_4276_sailor-cpp-cwe-674-uncontrolled-recursion	LLM_FP	FP	stack-overflow	xmlschemas.c	4276		CWE-400	0	24850		
1014_xmlschemas_c_4073_sailor-cpp-cwe-674-uncontrolled-recursion	LLM_FP	FP	stack-overflow	xmlschemas.c	4073		CWE-400	0	24850		
1015_xmlschemas_c_3484_sailor-cpp-cwe-674-uncontrolled-recursion	LLM_FP	FP	stack-overflow	xmlschemas.c	3484		CWE-400	0	24850		
1016_xmlschemas_c_1371_sailor-cpp-cwe-674-uncontrolled-recursion	LLM_FP	FP	stack-overflow	xmlschemas.c	1371		CWE-400	0	24850		
1017_xmlschemas_c_1312_sailor-cpp-cwe-674-uncontrolled-recursion	LLM_FP	FP		xmlschemas.c	1312		CWE-400	0	24850		
1159_xmlschemas_c_27277_sailor-cpp-CWE-416-DirectFreeArgUseFast	LLM_FP	FP		xmlschemas.c	27277		CWE-416	0	24850		
1164_xmlschemas_c_20968_sailor-cpp-CWE-416-DirectFreeArgUseFast	LLM_FP	FP		xmlschemas.c	20968		CWE-416	0	24850		
1165_xmlschemas_c_12244_sailor-cpp-CWE-416-DirectFreeArgUseFast	LLM_FP	FP		xmlschemas.c	12244		CWE-416	0	24850		
1166_xmlschemas_c_12247_sailor-cpp-CWE-416-DirectFreeArgUseFast	LLM_FP	FP		xmlschemas.c	12247		CWE-416	0	24850		
1167_xmlschemas_c_12252_sailor-cpp-CWE-416-DirectFreeArgUseFast	LLM_FP	FP		xmlschemas.c	12252		CWE-416	0	24850		
1168_xmlschemas_c_12253_sailor-cpp-CWE-416-DirectFreeArgUseFast	LLM_FP	FP		xmlschemas.c	12253		CWE-416	0	24850		
1169_xmlschemas_c_4055_sailor-cpp-CWE-416-DirectFreeArgUseFast	LLM_FP	FP		xmlschemas.c	4055		CWE-416	0	24850		
1170_xmlschemas_c_4057_sailor-cpp-CWE-416-DirectFreeArgUseFast	LLM_FP	FP		xmlschemas.c	4057		CWE-416	0	24850		
1171_xmlschemas_c_4059_sailor-cpp-CWE-416-DirectFreeArgUseFast	LLM_FP	FP		xmlschemas.c	4059		CWE-416	0	24850		
1172_xmlschemas_c_4061_sailor-cpp-CWE-416-DirectFreeArgUseFast	LLM_FP	FP		xmlschemas.c	4061		CWE-416	0	24850		
1173_xmlschemas_c_4063_sailor-cpp-CWE-416-DirectFreeArgUseFast	LLM_FP	FP		xmlschemas.c	4063		CWE-416	0	24850		
1174_xmlschemas_c_4065_sailor-cpp-CWE-416-DirectFreeArgUseFast	LLM_FP	FP		xmlschemas.c	4065		CWE-416	0	24850		
1175_xmlschemas_c_4068_sailor-cpp-CWE-416-DirectFreeArgUseFast	LLM_FP	FP		xmlschemas.c	4068		CWE-416	0	24850		
1176_xmlschemas_c_4078_sailor-cpp-CWE-416-DirectFreeArgUseFast	LLM_FP	FP		xmlschemas.c	4078		CWE-416	0	24850		
1177_xmlschemas_c_4081_sailor-cpp-CWE-416-DirectFreeArgUseFast	LLM_FP	FP		xmlschemas.c	4081		CWE-416	0	24850		
1178_xmlschemas_c_3921_sailor-cpp-CWE-416-DirectFreeArgUseFast	LLM_FP	FP		xmlschemas.c	3921		CWE-416	0	24850		
1179_xmlschemas_c_3933_sailor-cpp-CWE-416-DirectFreeArgUseFast	LLM_FP	FP		xmlschemas.c	3933		CWE-416	0	24850		
1241_xmlschemas_c_20953_sailor-cpp-uaf-free-then-return-intra.min	LLM_FP	FP		xmlschemas.c	20953		CWE-416	0	24850		
1242_xmlschemas_c_9679_sailor-cpp-uaf-free-then-return-intra.min	LLM_FP	FP		xmlschemas.c	9679		CWE-416	0	24850		
1243_xmlschemas_c_5497_sailor-cpp-uaf-free-then-return-intra.min	LLM_FP	FP		xmlschemas.c	5497		CWE-416	0	24850		
1244_xmlschemas_c_3629_sailor-cpp-uaf-free-then-return-intra.min	LLM_FP	FP		xmlschemas.c	3629		CWE-416	0	24850		
1292_xmlschemas_c_23314_sailor-cpp-cwe-416-use-after-realloc	REPRODUCER_BUILD_FAIL	REPRODUCER_BUILD_FAIL	use-after-free	xmlschemas.c	23314		CWE-416	0	24850		
1293_xmlschemas_c_23315_sailor-cpp-cwe-416-use-after-realloc	LLM_FP	FP		xmlschemas.c	23315		CWE-416	0	24850		
1294_xmlschemas_c_23317_sailor-cpp-cwe-416-use-after-realloc	LLM_FP	FP		xmlschemas.c	23317		CWE-416	0	24850		
1295_xmlschemas_c_23318_sailor-cpp-cwe-416-use-after-realloc	LLM_FP	FP		xmlschemas.c	23318		CWE-416	0	24850		
1326_xmlschemas_c_25009_sailor-wmi-2-type-confusion-leak	LLM_FP	FP		xmlschemas.c	25009		CWE-125	0	24850		
1328_xmlschemas_c_23436_sailor-wmi-2-type-confusion-leak	LLM_FP	FP		xmlschemas.c	23436		CWE-125	0	24850		
1329_xmlschemas_c_20717_sailor-wmi-2-type-confusion-leak	LLM_FP	FP		xmlschemas.c	20717		CWE-125	0	24850		
1330_xmlschemas_c_18949_sailor-wmi-2-type-confusion-leak	LLM_FP	FP		xmlschemas.c	18949		CWE-125	0	24850		
1331_xmlschemas_c_15619_sailor-wmi-2-type-confusion-leak	LLM_FP	FP		xmlschemas.c	15619		CWE-125	0	24850		
1670_xmlschemas_c_25538_sailor-kernel-lifecycle-mismatch	LLM_FP	FP		xmlschemas.c	25538		CWE-416	0	24850		
1671_xmlschemas_c_19596_sailor-kernel-lifecycle-mismatch	LLM_FP	FP		xmlschemas.c	19596		CWE-416	0	24850		
1672_xmlschemas_c_19604_sailor-kernel-lifecycle-mismatch	LLM_FP	FP		xmlschemas.c	19604		CWE-416	0	24850		
1673_xmlschemas_c_19605_sailor-kernel-lifecycle-mismatch	LLM_FP	FP		xmlschemas.c	19605		CWE-416	0	24850		
1674_xmlschemas_c_19610_sailor-kernel-lifecycle-mismatch	LLM_FP	FP		xmlschemas.c	19610		CWE-416	0	24850		
1675_xmlschemas_c_19615_sailor-kernel-lifecycle-mismatch	LLM_FP	FP		xmlschemas.c	19615		CWE-416	0	24850		
1676_xmlschemas_c_19617_sailor-kernel-lifecycle-mismatch	LLM_FP	FP		xmlschemas.c	19617		CWE-416	0	24850		
1677_xmlschemas_c_19627_sailor-kernel-lifecycle-mismatch	LLM_FP	FP		xmlschemas.c	19627		CWE-416	0	24850		
1678_xmlschemas_c_19637_sailor-kernel-lifecycle-mismatch	LLM_FP	FP		xmlschemas.c	19637		CWE-416	0	24850		
1679_xmlschemas_c_19660_sailor-kernel-lifecycle-mismatch	LLM_FP	FP		xmlschemas.c	19660		CWE-416	0	24850		
1680_xmlschemas_c_19666_sailor-kernel-lifecycle-mismatch	LLM_FP	FP		xmlschemas.c	19666		CWE-416	0	24850		
1681_xmlschemas_c_19669_sailor-kernel-lifecycle-mismatch	LLM_FP	FP		xmlschemas.c	19669		CWE-416	0	24850		
1682_xmlschemas_c_18591_sailor-kernel-lifecycle-mismatch	LLM_FP	FP		xmlschemas.c	18591		CWE-416	0	24850		
1683_xmlschemas_c_18594_sailor-kernel-lifecycle-mismatch	LLM_FP	FP		xmlschemas.c	18594		CWE-416	0	24850		
1684_xmlschemas_c_18595_sailor-kernel-lifecycle-mismatch	LLM_FP	FP		xmlschemas.c	18595		CWE-416	0	24850		
1685_xmlschemas_c_18598_sailor-kernel-lifecycle-mismatch	LLM_FP	FP		xmlschemas.c	18598		CWE-416	0	24850		
1686_xmlschemas_c_18601_sailor-kernel-lifecycle-mismatch	LLM_FP	FP		xmlschemas.c	18601		CWE-416	0	24850		
1687_xmlschemas_c_18605_sailor-kernel-lifecycle-mismatch	LLM_FP	FP		xmlschemas.c	18605		CWE-416	0	24850		
1688_xmlschemas_c_18606_sailor-kernel-lifecycle-mismatch	LLM_FP	FP		xmlschemas.c	18606		CWE-416	0	24850		
1689_xmlschemas_c_18612_sailor-kernel-lifecycle-mismatch	LLM_FP	FP		xmlschemas.c	18612		CWE-416	0	24850		
1690_xmlschemas_c_18613_sailor-kernel-lifecycle-mismatch	LLM_FP	FP		xmlschemas.c	18613		CWE-416	0	24850		
1691_xmlschemas_c_18615_sailor-kernel-lifecycle-mismatch	LLM_FP	FP		xmlschemas.c	18615		CWE-416	0	24850		
1692_xmlschemas_c_18488_sailor-kernel-lifecycle-mismatch	LLM_FP	FP		xmlschemas.c	18488		CWE-416	0	24850		
1693_xmlschemas_c_18502_sailor-kernel-lifecycle-mismatch	LLM_FP	FP		xmlschemas.c	18502		CWE-416	0	24850		
1694_xmlschemas_c_18505_sailor-kernel-lifecycle-mismatch	LLM_FP	FP		xmlschemas.c	18505		CWE-416	0	24850		
1695_xmlschemas_c_18505_sailor-kernel-lifecycle-mismatch	LLM_FP	FP		xmlschemas.c	18505		CWE-416	0	24850		
1696_xmlschemas_c_18514_sailor-kernel-lifecycle-mismatch	LLM_FP	FP		xmlschemas.c	18514		CWE-416	0	24850		
1697_xmlschemas_c_18487_sailor-kernel-lifecycle-mismatch	LLM_FP	FP		xmlschemas.c	18487		CWE-416	0	24850		
1698_xmlschemas_c_12864_sailor-kernel-lifecycle-mismatch	LLM_FP	FP		xmlschemas.c	12864		CWE-416	0	24850		
1699_xmlschemas_c_12868_sailor-kernel-lifecycle-mismatch	LLM_FP	FP		xmlschemas.c	12868		CWE-416	0	24850		
1700_xmlschemas_c_12869_sailor-kernel-lifecycle-mismatch	LLM_FP	FP		xmlschemas.c	12869		CWE-416	0	24850		
1701_xmlschemas_c_12874_sailor-kernel-lifecycle-mismatch	LLM_FP	FP		xmlschemas.c	12874		CWE-416	0	24850		
1702_xmlschemas_c_12880_sailor-kernel-lifecycle-mismatch	LLM_FP	FP		xmlschemas.c	12880		CWE-416	0	24850		
1703_xmlschemas_c_12884_sailor-kernel-lifecycle-mismatch	LLM_FP	FP		xmlschemas.c	12884		CWE-416	0	24850		
1704_xmlschemas_c_12453_sailor-kernel-lifecycle-mismatch	LLM_FP	FP		xmlschemas.c	12453		CWE-416	0	24850		
1705_xmlschemas_c_12461_sailor-kernel-lifecycle-mismatch	LLM_FP	FP		xmlschemas.c	12461		CWE-416	0	24850		
1706_xmlschemas_c_12467_sailor-kernel-lifecycle-mismatch	LLM_FP	FP		xmlschemas.c	12467		CWE-416	0	24850		
1707_xmlschemas_c_12469_sailor-kernel-lifecycle-mismatch	LLM_FP	FP		xmlschemas.c	12469		CWE-416	0	24850		
1708_xmlschemas_c_12470_sailor-kernel-lifecycle-mismatch	LLM_FP	FP		xmlschemas.c	12470		CWE-416	0	24850		
1709_xmlschemas_c_12479_sailor-kernel-lifecycle-mismatch	LLM_FP	FP		xmlschemas.c	12479		CWE-416	0	24850		
1710_xmlschemas_c_12480_sailor-kernel-lifecycle-mismatch	LLM_FP	FP		xmlschemas.c	12480		CWE-416	0	24850		
1711_xmlschemas_c_12482_sailor-kernel-lifecycle-mismatch	LLM_FP	FP		xmlschemas.c	12482		CWE-416	0	24850		
1712_xmlschemas_c_12482_sailor-kernel-lifecycle-mismatch	LLM_FP	FP		xmlschemas.c	12482		CWE-416	0	24850		
1713_xmlschemas_c_12486_sailor-kernel-lifecycle-mismatch	LLM_FP	FP		xmlschemas.c	12486		CWE-416	0	24850		
1714_xmlschemas_c_12487_sailor-kernel-lifecycle-mismatch	LLM_FP	FP		xmlschemas.c	12487		CWE-416	0	24850		
1715_xmlschemas_c_12489_sailor-kernel-lifecycle-mismatch	LLM_FP	FP		xmlschemas.c	12489		CWE-416	0	24850		
1716_xmlschemas_c_12489_sailor-kernel-lifecycle-mismatch	LLM_FP	FP		xmlschemas.c	12489		CWE-416	0	24850		
1717_xmlschemas_c_12491_sailor-kernel-lifecycle-mismatch	LLM_FP	FP		xmlschemas.c	12491		CWE-416	0	24850		
1718_xmlschemas_c_12492_sailor-kernel-lifecycle-mismatch	LLM_FP	FP		xmlschemas.c	12492		CWE-416	0	24850		
1719_xmlschemas_c_12494_sailor-kernel-lifecycle-mismatch	LLM_FP	FP	use-after-free	xmlschemas.c	12494		CWE-416	0	24850		
1720_xmlschemas_c_12495_sailor-kernel-lifecycle-mismatch	LLM_FP	FP	use-after-free	xmlschemas.c	12495		CWE-416	0	24850		
1721_xmlschemas_c_12495_sailor-kernel-lifecycle-mismatch	LLM_FP	FP	use-after-free	xmlschemas.c	12495		CWE-416	0	24850		
1722_xmlschemas_c_12496_sailor-kernel-lifecycle-mismatch	LLM_FP	FP	use-after-free	xmlschemas.c	12496		CWE-416	0	24850		
1723_xmlschemas_c_12497_sailor-kernel-lifecycle-mismatch	LLM_FP	FP	use-after-free	xmlschemas.c	12497		CWE-416	0	24850		
1724_xmlschemas_c_12497_sailor-kernel-lifecycle-mismatch	LLM_FP	FP	use-after-free	xmlschemas.c	12497		CWE-416	0	24850		
1725_xmlschemas_c_12498_sailor-kernel-lifecycle-mismatch	LLM_FP	FP	use-after-free	xmlschemas.c	12498		CWE-416	0	24850		
1726_xmlschemas_c_12501_sailor-kernel-lifecycle-mismatch	LLM_FP	FP	use-after-free	xmlschemas.c	12501		CWE-416	0	24850		
1727_xmlschemas_c_12502_sailor-kernel-lifecycle-mismatch	LLM_FP	FP	use-after-free	xmlschemas.c	12502		CWE-416	0	24850		
1728_xmlschemas_c_12502_sailor-kernel-lifecycle-mismatch	LLM_FP	FP	use-after-free	xmlschemas.c	12502		CWE-416	0	24850		
1729_xmlschemas_c_12503_sailor-kernel-lifecycle-mismatch	LLM_FP	FP	use-after-free	xmlschemas.c	12503		CWE-416	0	24850		
1730_xmlschemas_c_12515_sailor-kernel-lifecycle-mismatch	LLM_FP	FP	use-after-free	xmlschemas.c	12515		CWE-416	0	24850		
1731_xmlschemas_c_12516_sailor-kernel-lifecycle-mismatch	LLM_FP	FP	use-after-free	xmlschemas.c	12516		CWE-416	0	24850		
1732_xmlschemas_c_12518_sailor-kernel-lifecycle-mismatch	LLM_FP	FP	use-after-free	xmlschemas.c	12518		CWE-416	0	24850		
1733_xmlschemas_c_12519_sailor-kernel-lifecycle-mismatch	LLM_FP	FP	use-after-free	xmlschemas.c	12519		CWE-416	0	24850		
1734_xmlschemas_c_12521_sailor-kernel-lifecycle-mismatch	LLM_FP	FP	use-after-free	xmlschemas.c	12521		CWE-416	0	24850		
1735_xmlschemas_c_12521_sailor-kernel-lifecycle-mismatch	LLM_FP	FP	use-after-free	xmlschemas.c	12521		CWE-416	0	24850		
1736_xmlschemas_c_12522_sailor-kernel-lifecycle-mismatch	LLM_FP	FP	use-after-free	xmlschemas.c	12522		CWE-416	0	24850		
1737_xmlschemas_c_12523_sailor-kernel-lifecycle-mismatch	LLM_FP	FP	use-after-free	xmlschemas.c	12523		CWE-416	0	24850		
1738_xmlschemas_c_12525_sailor-kernel-lifecycle-mismatch	LLM_FP	FP	use-after-free	xmlschemas.c	12525		CWE-416	0	24850		
1739_xmlschemas_c_12525_sailor-kernel-lifecycle-mismatch	LLM_FP	FP	use-after-free	xmlschemas.c	12525		CWE-416	0	24850		
1740_xmlschemas_c_12526_sailor-kernel-lifecycle-mismatch	LLM_FP	FP	use-after-free	xmlschemas.c	12526		CWE-416	0	24850		
1741_xmlschemas_c_12527_sailor-kernel-lifecycle-mismatch	LLM_FP	FP	use-after-free	xmlschemas.c	12527		CWE-416	0	24850		
1742_xmlschemas_c_12529_sailor-kernel-lifecycle-mismatch	LLM_FP	FP	use-after-free	xmlschemas.c	12529		CWE-416	0	24850		
1743_xmlschemas_c_12530_sailor-kernel-lifecycle-mismatch	LLM_FP	FP	use-after-free	xmlschemas.c	12530		CWE-416	0	24850		
1744_xmlschemas_c_12532_sailor-kernel-lifecycle-mismatch	LLM_FP	FP	use-after-free	xmlschemas.c	12532		CWE-416	0	24850		
1745_xmlschemas_c_12532_sailor-kernel-lifecycle-mismatch	LLM_FP	FP	use-after-free	xmlschemas.c	12532		CWE-416	0	24850		
1746_xmlschemas_c_12533_sailor-kernel-lifecycle-mismatch	LLM_FP	FP	use-after-free	xmlschemas.c	12533		CWE-416	0	24850		
1747_xmlschemas_c_12536_sailor-kernel-lifecycle-mismatch	LLM_FP	FP	use-after-free	xmlschemas.c	12536		CWE-416	0	24850		
1748_xmlschemas_c_12537_sailor-kernel-lifecycle-mismatch	LLM_FP	FP	use-after-free	xmlschemas.c	12537		CWE-416	0	24850		
1749_xmlschemas_c_12537_sailor-kernel-lifecycle-mismatch	LLM_FP	FP	use-after-free	xmlschemas.c	12537		CWE-416	0	24850		
1750_xmlschemas_c_12538_sailor-kernel-lifecycle-mismatch	LLM_FP	FP	use-after-free	xmlschemas.c	12538		CWE-416	0	24850		
1751_xmlschemas_c_12541_sailor-kernel-lifecycle-mismatch	LLM_FP	FP	use-after-free	xmlschemas.c	12541		CWE-416	0	24850		
1752_xmlschemas_c_12542_sailor-kernel-lifecycle-mismatch	LLM_FP	FP	use-after-free	xmlschemas.c	12542		CWE-416	0	24850		
1753_xmlschemas_c_12545_sailor-kernel-lifecycle-mismatch	LLM_FP	FP	use-after-free	xmlschemas.c	12545		CWE-416	0	24850		
1754_xmlschemas_c_12548_sailor-kernel-lifecycle-mismatch	LLM_FP	FP	use-after-free	xmlschemas.c	12548		CWE-416	0	24850		
1755_xmlschemas_c_12563_sailor-kernel-lifecycle-mismatch	LLM_FP	FP	use-after-free	xmlschemas.c	12563		CWE-416	0	24850		
1756_xmlschemas_c_12563_sailor-kernel-lifecycle-mismatch	LLM_FP	FP	use-after-free	xmlschemas.c	12563		CWE-416	0	24850		
1757_xmlschemas_c_12569_sailor-kernel-lifecycle-mismatch	LLM_FP	FP	use-after-free	xmlschemas.c	12569		CWE-416	0	24850		
1758_xmlschemas_c_12572_sailor-kernel-lifecycle-mismatch	LLM_FP	FP	use-after-free	xmlschemas.c	12572		CWE-416	0	24850		
1759_xmlschemas_c_12579_sailor-kernel-lifecycle-mismatch	LLM_FP	FP	use-after-free	xmlschemas.c	12579		CWE-416	0	24850		
1760_xmlschemas_c_12579_sailor-kernel-lifecycle-mismatch	LLM_FP	FP	use-after-free	xmlschemas.c	12579		CWE-416	0	24850		
1761_xmlschemas_c_12581_sailor-kernel-lifecycle-mismatch	LLM_FP	FP	use-after-free	xmlschemas.c	12581		CWE-416	0	24850		
1762_xmlschemas_c_12583_sailor-kernel-lifecycle-mismatch	LLM_FP	FP	use-after-free	xmlschemas.c	12583		CWE-416	0	24850		
1763_xmlschemas_c_12586_sailor-kernel-lifecycle-mismatch	LLM_FP	FP	use-after-free	xmlschemas.c	12586		CWE-416	0	24850		
1764_xmlschemas_c_12586_sailor-kernel-lifecycle-mismatch	LLM_FP	FP	use-after-free	xmlschemas.c	12586		CWE-416	0	24850		
1765_xmlschemas_c_12591_sailor-kernel-lifecycle-mismatch	LLM_FP	FP	use-after-free	xmlschemas.c	12591		CWE-416	0	24850		
1766_xmlschemas_c_12593_sailor-kernel-lifecycle-mismatch	LLM_FP	FP	use-after-free	xmlschemas.c	12593		CWE-416	0	24850		
1767_xmlschemas_c_12594_sailor-kernel-lifecycle-mismatch	LLM_FP	FP	use-after-free	xmlschemas.c	12594		CWE-416	0	24850		
1768_xmlschemas_c_12596_sailor-kernel-lifecycle-mismatch	LLM_FP	FP	use-after-free	xmlschemas.c	12596		CWE-416	0	24850		
1769_xmlschemas_c_12597_sailor-kernel-lifecycle-mismatch	LLM_FP	FP	use-after-free	xmlschemas.c	12597		CWE-416	0	24850		
1770_xmlschemas_c_12600_sailor-kernel-lifecycle-mismatch	LLM_FP	FP	use-after-free	xmlschemas.c	12600		CWE-416	0	24850		
1771_xmlschemas_c_12601_sailor-kernel-lifecycle-mismatch	LLM_FP	FP	use-after-free	xmlschemas.c	12601		CWE-416	0	24850		
1772_xmlschemas_c_12604_sailor-kernel-lifecycle-mismatch	LLM_FP	FP	use-after-free	xmlschemas.c	12604		CWE-416	0	24850		
1773_xmlschemas_c_12604_sailor-kernel-lifecycle-mismatch	LLM_FP	FP	use-after-free	xmlschemas.c	12604		CWE-416	0	24850		
1774_xmlschemas_c_12606_sailor-kernel-lifecycle-mismatch	LLM_FP	FP	use-after-free	xmlschemas.c	12606		CWE-416	0	24850		
1775_xmlschemas_c_12608_sailor-kernel-lifecycle-mismatch	LLM_FP	FP	use-after-free	xmlschemas.c	12608		CWE-416	0	24850		
1776_xmlschemas_c_12608_sailor-kernel-lifecycle-mismatch	LLM_FP	FP	use-after-free	xmlschemas.c	12608		CWE-416	0	24850		
1777_xmlschemas_c_12613_sailor-kernel-lifecycle-mismatch	LLM_FP	FP	use-after-free	xmlschemas.c	12613		CWE-416	0	24850		
1778_xmlschemas_c_12615_sailor-kernel-lifecycle-mismatch	LLM_FP	FP	use-after-free	xmlschemas.c	12615		CWE-416	0	24850		
1779_xmlschemas_c_12615_sailor-kernel-lifecycle-mismatch	LLM_FP	FP	use-after-free	xmlschemas.c	12615		CWE-416	0	24850		
1780_xmlschemas_c_12622_sailor-kernel-lifecycle-mismatch	LLM_FP	FP	use-after-free	xmlschemas.c	12622		CWE-416	0	24850		
1781_xmlschemas_c_12622_sailor-kernel-lifecycle-mismatch	LLM_FP	FP	use-after-free	xmlschemas.c	12622		CWE-416	0	24850		
1782_xmlschemas_c_12623_sailor-kernel-lifecycle-mismatch	LLM_FP	FP	use-after-free	xmlschemas.c	12623		CWE-416	0	24850		
1783_xmlschemas_c_12625_sailor-kernel-lifecycle-mismatch	LLM_FP	FP	use-after-free	xmlschemas.c	12625		CWE-416	0	24850		
1784_xmlschemas_c_12626_sailor-kernel-lifecycle-mismatch	LLM_FP	FP	use-after-free	xmlschemas.c	12626		CWE-416	0	24850		
1785_xmlschemas_c_12635_sailor-kernel-lifecycle-mismatch	LLM_FP	FP	use-after-free	xmlschemas.c	12635		CWE-416	0	24850		
1786_xmlschemas_c_12635_sailor-kernel-lifecycle-mismatch	LLM_FP	FP	use-after-free	xmlschemas.c	12635		CWE-416	0	24850		
1787_xmlschemas_c_12637_sailor-kernel-lifecycle-mismatch	LLM_FP	FP	use-after-free	xmlschemas.c	12637		CWE-416	0	24850		
1788_xmlschemas_c_12639_sailor-kernel-lifecycle-mismatch	LLM_FP	FP	use-after-free	xmlschemas.c	12639		CWE-416	0	24850		
1789_xmlschemas_c_12643_sailor-kernel-lifecycle-mismatch	LLM_FP	FP	use-after-free	xmlschemas.c	12643		CWE-416	0	24850		
1790_xmlschemas_c_12643_sailor-kernel-lifecycle-mismatch	LLM_FP	FP	use-after-free	xmlschemas.c	12643		CWE-416	0	24850		
1791_xmlschemas_c_12648_sailor-kernel-lifecycle-mismatch	LLM_FP	FP	use-after-free	xmlschemas.c	12648		CWE-416	0	24850		
1792_xmlschemas_c_12650_sailor-kernel-lifecycle-mismatch	LLM_FP	FP	use-after-free	xmlschemas.c	12650		CWE-416	0	24850		
1793_xmlschemas_c_12651_sailor-kernel-lifecycle-mismatch	LLM_FP	FP	use-after-free	xmlschemas.c	12651		CWE-416	0	24850		
1794_xmlschemas_c_12653_sailor-kernel-lifecycle-mismatch	LLM_FP	FP	use-after-free	xmlschemas.c	12653		CWE-416	0	24850		
1795_xmlschemas_c_12654_sailor-kernel-lifecycle-mismatch	LLM_FP	FP	use-after-free	xmlschemas.c	12654		CWE-416	0	24850		
1796_xmlschemas_c_12657_sailor-kernel-lifecycle-mismatch	LLM_FP	FP	use-after-free	xmlschemas.c	12657		CWE-416	0	24850		
1797_xmlschemas_c_12658_sailor-kernel-lifecycle-mismatch	LLM_FP	FP	use-after-free	xmlschemas.c	12658		CWE-416	0	24850		
1798_xmlschemas_c_12662_sailor-kernel-lifecycle-mismatch	LLM_FP	FP	use-after-free	xmlschemas.c	12662		CWE-416	0	24850		
1799_xmlschemas_c_12662_sailor-kernel-lifecycle-mismatch	LLM_FP	FP		xmlschemas.c	12662		CWE-416	0	24850		
1800_xmlschemas_c_12667_sailor-kernel-lifecycle-mismatch	LLM_FP	FP		xmlschemas.c	12667		CWE-416	0	24850		
1801_xmlschemas_c_12675_sailor-kernel-lifecycle-mismatch	LLM_FP	FP		xmlschemas.c	12675		CWE-416	0	24850		
1802_xmlschemas_c_12675_sailor-kernel-lifecycle-mismatch	LLM_FP	FP		xmlschemas.c	12675		CWE-416	0	24850		
1803_xmlschemas_c_12676_sailor-kernel-lifecycle-mismatch	LLM_FP	FP		xmlschemas.c	12676		CWE-416	0	24850		
1804_xmlschemas_c_12679_sailor-kernel-lifecycle-mismatch	LLM_FP	FP		xmlschemas.c	12679		CWE-416	0	24850		
1805_xmlschemas_c_12680_sailor-kernel-lifecycle-mismatch	LLM_FP	FP		xmlschemas.c	12680		CWE-416	0	24850		
1806_xmlschemas_c_12692_sailor-kernel-lifecycle-mismatch	LLM_FP	FP		xmlschemas.c	12692		CWE-416	0	24850		
1807_xmlschemas_c_12693_sailor-kernel-lifecycle-mismatch	LLM_FP	FP		xmlschemas.c	12693		CWE-416	0	24850		
1808_xmlschemas_c_12700_sailor-kernel-lifecycle-mismatch	LLM_FP	FP		xmlschemas.c	12700		CWE-416	0	24850		
1809_xmlschemas_c_12700_sailor-kernel-lifecycle-mismatch	LLM_FP	FP		xmlschemas.c	12700		CWE-416	0	24850		
1810_xmlschemas_c_12702_sailor-kernel-lifecycle-mismatch	LLM_FP	FP		xmlschemas.c	12702		CWE-416	0	24850		
1811_xmlschemas_c_12706_sailor-kernel-lifecycle-mismatch	LLM_FP	FP		xmlschemas.c	12706		CWE-416	0	24850		
1812_xmlschemas_c_12706_sailor-kernel-lifecycle-mismatch	LLM_FP	FP		xmlschemas.c	12706		CWE-416	0	24850		
1813_xmlschemas_c_12707_sailor-kernel-lifecycle-mismatch	LLM_FP	FP		xmlschemas.c	12707		CWE-416	0	24850		
1814_xmlschemas_c_12722_sailor-kernel-lifecycle-mismatch	LLM_FP	FP		xmlschemas.c	12722		CWE-416	0	24850		
1815_xmlschemas_c_12723_sailor-kernel-lifecycle-mismatch	LLM_FP	FP		xmlschemas.c	12723		CWE-416	0	24850		
1816_xmlschemas_c_12724_sailor-kernel-lifecycle-mismatch	LLM_FP	FP		xmlschemas.c	12724		CWE-416	0	24850		
1817_xmlschemas_c_12726_sailor-kernel-lifecycle-mismatch	LLM_FP	FP		xmlschemas.c	12726		CWE-416	0	24850		
1818_xmlschemas_c_12726_sailor-kernel-lifecycle-mismatch	LLM_FP	FP		xmlschemas.c	12726		CWE-416	0	24850		
1819_xmlschemas_c_12728_sailor-kernel-lifecycle-mismatch	LLM_FP	FP		xmlschemas.c	12728		CWE-416	0	24850		
1820_xmlschemas_c_12732_sailor-kernel-lifecycle-mismatch	LLM_FP	FP		xmlschemas.c	12732		CWE-416	0	24850		
1821_xmlschemas_c_12732_sailor-kernel-lifecycle-mismatch	LLM_FP	FP		xmlschemas.c	12732		CWE-416	0	24850		
1822_xmlschemas_c_12733_sailor-kernel-lifecycle-mismatch	LLM_FP	FP		xmlschemas.c	12733		CWE-416	0	24850		
1823_xmlschemas_c_12735_sailor-kernel-lifecycle-mismatch	LLM_FP	FP		xmlschemas.c	12735		CWE-416	0	24850		
1824_xmlschemas_c_12736_sailor-kernel-lifecycle-mismatch	LLM_FP	FP		xmlschemas.c	12736		CWE-416	0	24850		
1825_xmlschemas_c_12737_sailor-kernel-lifecycle-mismatch	LLM_FP	FP		xmlschemas.c	12737		CWE-416	0	24850		
1826_xmlschemas_c_12739_sailor-kernel-lifecycle-mismatch	LLM_FP	FP		xmlschemas.c	12739		CWE-416	0	24850		
1827_xmlschemas_c_12742_sailor-kernel-lifecycle-mismatch	LLM_FP	FP		xmlschemas.c	12742		CWE-416	0	24850		
1828_xmlschemas_c_12745_sailor-kernel-lifecycle-mismatch	LLM_FP	FP		xmlschemas.c	12745		CWE-416	0	24850		
1829_xmlschemas_c_12755_sailor-kernel-lifecycle-mismatch	LLM_FP	FP		xmlschemas.c	12755		CWE-416	0	24850		
1830_xmlschemas_c_12755_sailor-kernel-lifecycle-mismatch	LLM_FP	FP		xmlschemas.c	12755		CWE-416	0	24850		
1831_xmlschemas_c_12761_sailor-kernel-lifecycle-mismatch	LLM_FP	FP		xmlschemas.c	12761		CWE-416	0	24850		
1832_xmlschemas_c_12762_sailor-kernel-lifecycle-mismatch	LLM_FP	FP		xmlschemas.c	12762		CWE-416	0	24850		
1833_xmlschemas_c_12763_sailor-kernel-lifecycle-mismatch	LLM_FP	FP		xmlschemas.c	12763		CWE-416	0	24850		
1834_xmlschemas_c_12763_sailor-kernel-lifecycle-mismatch	LLM_FP	FP		xmlschemas.c	12763		CWE-416	0	24850		
1835_xmlschemas_c_12764_sailor-kernel-lifecycle-mismatch	LLM_FP	FP		xmlschemas.c	12764		CWE-416	0	24850		
1836_xmlschemas_c_12766_sailor-kernel-lifecycle-mismatch	LLM_FP	FP		xmlschemas.c	12766		CWE-416	0	24850		
1837_xmlschemas_c_12768_sailor-kernel-lifecycle-mismatch	LLM_FP	FP		xmlschemas.c	12768		CWE-416	0	24850		
1838_xmlschemas_c_12788_sailor-kernel-lifecycle-mismatch	LLM_FP	FP		xmlschemas.c	12788		CWE-416	0	24850		
1839_xmlschemas_c_12791_sailor-kernel-lifecycle-mismatch	LLM_FP	FP		xmlschemas.c	12791		CWE-416	0	24850		
1840_xmlschemas_c_12795_sailor-kernel-lifecycle-mismatch	LLM_FP	FP		xmlschemas.c	12795		CWE-416	0	24850		
1841_xmlschemas_c_12795_sailor-kernel-lifecycle-mismatch	LLM_FP	FP		xmlschemas.c	12795		CWE-416	0	24850		
1842_xmlschemas_c_12796_sailor-kernel-lifecycle-mismatch	LLM_FP	FP		xmlschemas.c	12796		CWE-416	0	24850		
1843_xmlschemas_c_12803_sailor-kernel-lifecycle-mismatch	LLM_FP	FP		xmlschemas.c	12803		CWE-416	0	24850		
1844_xmlschemas_c_12803_sailor-kernel-lifecycle-mismatch	LLM_FP	FP		xmlschemas.c	12803		CWE-416	0	24850		
1845_xmlschemas_c_12804_sailor-kernel-lifecycle-mismatch	LLM_FP	FP		xmlschemas.c	12804		CWE-416	0	24850		
1846_xmlschemas_c_12812_sailor-kernel-lifecycle-mismatch	LLM_FP	FP		xmlschemas.c	12812		CWE-416	0	24850		
1847_xmlschemas_c_12814_sailor-kernel-lifecycle-mismatch	LLM_FP	FP		xmlschemas.c	12814		CWE-416	0	24850		
1848_xmlschemas_c_12815_sailor-kernel-lifecycle-mismatch	LLM_FP	FP		xmlschemas.c	12815		CWE-416	0	24850		
1849_xmlschemas_c_12815_sailor-kernel-lifecycle-mismatch	LLM_FP	FP		xmlschemas.c	12815		CWE-416	0	24850		
1850_xmlschemas_c_12817_sailor-kernel-lifecycle-mismatch	LLM_FP	FP		xmlschemas.c	12817		CWE-416	0	24850		
1851_xmlschemas_c_12817_sailor-kernel-lifecycle-mismatch	LLM_FP	FP		xmlschemas.c	12817		CWE-416	0	24850		
1852_xmlschemas_c_12836_sailor-kernel-lifecycle-mismatch	LLM_FP	FP		xmlschemas.c	12836		CWE-416	0	24850		
1853_xmlschemas_c_12387_sailor-kernel-lifecycle-mismatch	LLM_FP	FP		xmlschemas.c	12387		CWE-416	0	24850		
1854_xmlschemas_c_12397_sailor-kernel-lifecycle-mismatch	LLM_FP	FP		xmlschemas.c	12397		CWE-416	0	24850		
1855_xmlschemas_c_12402_sailor-kernel-lifecycle-mismatch	LLM_FP	FP		xmlschemas.c	12402		CWE-416	0	24850		
1856_xmlschemas_c_12403_sailor-kernel-lifecycle-mismatch	LLM_FP	FP		xmlschemas.c	12403		CWE-416	0	24850		
1857_xmlschemas_c_12403_sailor-kernel-lifecycle-mismatch	LLM_FP	FP		xmlschemas.c	12403		CWE-416	0	24850		
1858_xmlschemas_c_12408_sailor-kernel-lifecycle-mismatch	LLM_FP	FP		xmlschemas.c	12408		CWE-416	0	24850		
1859_xmlschemas_c_12409_sailor-kernel-lifecycle-mismatch	LLM_FP	FP		xmlschemas.c	12409		CWE-416	0	24850		
1860_xmlschemas_c_12409_sailor-kernel-lifecycle-mismatch	LLM_FP	FP		xmlschemas.c	12409		CWE-416	0	24850		
1861_xmlschemas_c_12411_sailor-kernel-lifecycle-mismatch	LLM_FP	FP		xmlschemas.c	12411		CWE-416	0	24850		
1862_xmlschemas_c_12411_sailor-kernel-lifecycle-mismatch	LLM_FP	FP		xmlschemas.c	12411		CWE-416	0	24850		
1863_xmlschemas_c_12411_sailor-kernel-lifecycle-mismatch	LLM_FP	FP		xmlschemas.c	12411		CWE-416	0	24850		
1864_xmlschemas_c_12411_sailor-kernel-lifecycle-mismatch	LLM_FP	FP		xmlschemas.c	12411		CWE-416	0	24850		
1865_xmlschemas_c_12420_sailor-kernel-lifecycle-mismatch	LLM_FP	FP		xmlschemas.c	12420		CWE-416	0	24850		
1866_xmlschemas_c_12420_sailor-kernel-lifecycle-mismatch	LLM_FP	FP		xmlschemas.c	12420		CWE-416	0	24850		
1867_xmlschemas_c_12421_sailor-kernel-lifecycle-mismatch	LLM_FP	FP		xmlschemas.c	12421		CWE-416	0	24850		
1868_xmlschemas_c_12422_sailor-kernel-lifecycle-mismatch	LLM_FP	FP		xmlschemas.c	12422		CWE-416	0	24850		
1869_xmlschemas_c_12422_sailor-kernel-lifecycle-mismatch	LLM_FP	FP		xmlschemas.c	12422		CWE-416	0	24850		
1870_xmlschemas_c_12424_sailor-kernel-lifecycle-mismatch	LLM_FP	FP		xmlschemas.c	12424		CWE-416	0	24850		
1871_xmlschemas_c_12424_sailor-kernel-lifecycle-mismatch	LLM_FP	FP		xmlschemas.c	12424		CWE-416	0	24850		
1872_xmlschemas_c_12425_sailor-kernel-lifecycle-mismatch	LLM_FP	FP		xmlschemas.c	12425		CWE-416	0	24850		
1873_xmlschemas_c_12425_sailor-kernel-lifecycle-mismatch	LLM_FP	FP		xmlschemas.c	12425		CWE-416	0	24850		
1874_xmlschemas_c_12425_sailor-kernel-lifecycle-mismatch	LLM_FP	FP		xmlschemas.c	12425		CWE-416	0	24850		
1875_xmlschemas_c_12429_sailor-kernel-lifecycle-mismatch	LLM_FP	FP		xmlschemas.c	12429		CWE-416	0	24850		
1876_xmlschemas_c_12429_sailor-kernel-lifecycle-mismatch	LLM_FP	FP		xmlschemas.c	12429		CWE-416	0	24850		
1877_xmlschemas_c_12276_sailor-kernel-lifecycle-mismatch	LLM_FP	FP		xmlschemas.c	12276		CWE-416	0	24850		
1878_xmlschemas_c_12280_sailor-kernel-lifecycle-mismatch	LLM_FP	FP		xmlschemas.c	12280		CWE-416	0	24850		
1879_xmlschemas_c_12282_sailor-kernel-lifecycle-mismatch	LLM_FP	FP	use-after-free	xmlschemas.c	12282		CWE-416	0	24850		
1880_xmlschemas_c_12299_sailor-kernel-lifecycle-mismatch	LLM_FP	FP	use-after-free	xmlschemas.c	12299		CWE-416	0	24850		
1881_xmlschemas_c_12300_sailor-kernel-lifecycle-mismatch	LLM_FP	FP	use-after-free	xmlschemas.c	12300		CWE-416	0	24850		
1882_xmlschemas_c_12305_sailor-kernel-lifecycle-mismatch	LLM_FP	FP	use-after-free	xmlschemas.c	12305		CWE-416	0	24850		
1883_xmlschemas_c_12306_sailor-kernel-lifecycle-mismatch	LLM_FP	FP	use-after-free	xmlschemas.c	12306		CWE-416	0	24850		
1884_xmlschemas_c_12307_sailor-kernel-lifecycle-mismatch	LLM_FP	FP	use-after-free	xmlschemas.c	12307		CWE-416	0	24850		
1885_xmlschemas_c_12314_sailor-kernel-lifecycle-mismatch	LLM_FP	FP	use-after-free	xmlschemas.c	12314		CWE-416	0	24850		
1886_xmlschemas_c_12315_sailor-kernel-lifecycle-mismatch	LLM_FP	FP	use-after-free	xmlschemas.c	12315		CWE-416	0	24850		
1887_xmlschemas_c_12321_sailor-kernel-lifecycle-mismatch	LLM_FP	FP	use-after-free	xmlschemas.c	12321		CWE-416	0	24850		
1888_xmlschemas_c_12322_sailor-kernel-lifecycle-mismatch	LLM_FP	FP	use-after-free	xmlschemas.c	12322		CWE-416	0	24850		
1889_xmlschemas_c_12336_sailor-kernel-lifecycle-mismatch	LLM_FP	FP	use-after-free	xmlschemas.c	12336		CWE-416	0	24850		
1890_xmlschemas_c_12338_sailor-kernel-lifecycle-mismatch	LLM_FP	FP	use-after-free	xmlschemas.c	12338		CWE-416	0	24850		
1891_xmlschemas_c_12347_sailor-kernel-lifecycle-mismatch	LLM_FP	FP	use-after-free	xmlschemas.c	12347		CWE-416	0	24850		
1892_xmlschemas_c_12349_sailor-kernel-lifecycle-mismatch	LLM_FP	FP	use-after-free	xmlschemas.c	12349		CWE-416	0	24850		
1893_xmlschemas_c_12351_sailor-kernel-lifecycle-mismatch	LLM_FP	FP	use-after-free	xmlschemas.c	12351		CWE-416	0	24850		
1894_xmlschemas_c_12352_sailor-kernel-lifecycle-mismatch	LLM_FP	FP	use-after-free	xmlschemas.c	12352		CWE-416	0	24850		
1895_xmlschemas_c_12359_sailor-kernel-lifecycle-mismatch	LLM_FP	FP	use-after-free	xmlschemas.c	12359		CWE-416	0	24850		
1896_xmlschemas_c_12360_sailor-kernel-lifecycle-mismatch	LLM_FP	FP	use-after-free	xmlschemas.c	12360		CWE-416	0	24850		
1897_xmlschemas_c_12361_sailor-kernel-lifecycle-mismatch	LLM_FP	FP	use-after-free	xmlschemas.c	12361		CWE-416	0	24850		
1898_xmlschemas_c_12362_sailor-kernel-lifecycle-mismatch	LLM_FP	FP	use-after-free	xmlschemas.c	12362		CWE-416	0	24850		
1899_xmlschemas_c_12367_sailor-kernel-lifecycle-mismatch	LLM_FP	FP	use-after-free	xmlschemas.c	12367		CWE-416	0	24850		
1900_xmlschemas_c_12368_sailor-kernel-lifecycle-mismatch	LLM_FP	FP	use-after-free	xmlschemas.c	12368		CWE-416	0	24850		
1901_xmlschemas_c_12371_sailor-kernel-lifecycle-mismatch	LLM_FP	FP	use-after-free	xmlschemas.c	12371		CWE-416	0	24850		
1902_xmlschemas_c_12374_sailor-kernel-lifecycle-mismatch	LLM_FP	FP	use-after-free	xmlschemas.c	12374		CWE-416	0	24850		
1903_xmlschemas_c_10979_sailor-kernel-lifecycle-mismatch	LLM_FP	FP	use-after-free	xmlschemas.c	10979		CWE-416	0	24850		
1904_xmlschemas_c_10983_sailor-kernel-lifecycle-mismatch	LLM_FP	FP	use-after-free	xmlschemas.c	10983		CWE-416	0	24850		
1905_xmlschemas_c_10985_sailor-kernel-lifecycle-mismatch	LLM_FP	FP	use-after-free	xmlschemas.c	10985		CWE-416	0	24850		
1906_xmlschemas_c_10992_sailor-kernel-lifecycle-mismatch	LLM_FP	FP	use-after-free	xmlschemas.c	10992		CWE-416	0	24850		
1907_xmlschemas_c_10996_sailor-kernel-lifecycle-mismatch	LLM_FP	FP	use-after-free	xmlschemas.c	10996		CWE-416	0	24850		
1908_xmlschemas_c_11002_sailor-kernel-lifecycle-mismatch	LLM_FP	FP	use-after-free	xmlschemas.c	11002		CWE-416	0	24850		
1909_xmlschemas_c_11004_sailor-kernel-lifecycle-mismatch	LLM_FP	FP	use-after-free	xmlschemas.c	11004		CWE-416	0	24850		
1910_xmlschemas_c_11009_sailor-kernel-lifecycle-mismatch	LLM_FP	FP	use-after-free	xmlschemas.c	11009		CWE-416	0	24850		
1911_xmlschemas_c_11013_sailor-kernel-lifecycle-mismatch	LLM_FP	FP	use-after-free	xmlschemas.c	11013		CWE-416	0	24850		
1912_xmlschemas_c_11024_sailor-kernel-lifecycle-mismatch	LLM_FP	FP	use-after-free	xmlschemas.c	11024		CWE-416	0	24850		
1913_xmlschemas_c_11025_sailor-kernel-lifecycle-mismatch	LLM_FP	FP	use-after-free	xmlschemas.c	11025		CWE-416	0	24850		
1914_xmlschemas_c_11026_sailor-kernel-lifecycle-mismatch	LLM_FP	FP	use-after-free	xmlschemas.c	11026		CWE-416	0	24850		
1915_xmlschemas_c_11027_sailor-kernel-lifecycle-mismatch	LLM_FP	FP	use-after-free	xmlschemas.c	11027		CWE-416	0	24850		
1916_xmlschemas_c_11032_sailor-kernel-lifecycle-mismatch	LLM_FP	FP	use-after-free	xmlschemas.c	11032		CWE-416	0	24850		
1917_xmlschemas_c_11062_sailor-kernel-lifecycle-mismatch	LLM_FP	FP	use-after-free	xmlschemas.c	11062		CWE-416	0	24850		
1918_xmlschemas_c_11064_sailor-kernel-lifecycle-mismatch	LLM_FP	FP	use-after-free	xmlschemas.c	11064		CWE-416	0	24850		
1919_xmlschemas_c_11067_sailor-kernel-lifecycle-mismatch	LLM_FP	FP	use-after-free	xmlschemas.c	11067		CWE-416	0	24850		
1920_xmlschemas_c_11079_sailor-kernel-lifecycle-mismatch	LLM_FP	FP	use-after-free	xmlschemas.c	11079		CWE-416	0	24850		
1921_xmlschemas_c_11080_sailor-kernel-lifecycle-mismatch	LLM_FP	FP	use-after-free	xmlschemas.c	11080		CWE-416	0	24850		
1922_xmlschemas_c_11081_sailor-kernel-lifecycle-mismatch	LLM_FP	FP	use-after-free	xmlschemas.c	11081		CWE-416	0	24850		
1923_xmlschemas_c_11082_sailor-kernel-lifecycle-mismatch	LLM_FP	FP	use-after-free	xmlschemas.c	11082		CWE-416	0	24850		
1924_xmlschemas_c_11083_sailor-kernel-lifecycle-mismatch	LLM_FP	FP	use-after-free	xmlschemas.c	11083		CWE-416	0	24850		
1925_xmlschemas_c_11085_sailor-kernel-lifecycle-mismatch	LLM_FP	FP	use-after-free	xmlschemas.c	11085		CWE-416	0	24850		
1926_xmlschemas_c_11090_sailor-kernel-lifecycle-mismatch	LLM_FP	FP	use-after-free	xmlschemas.c	11090		CWE-416	0	24850		
1927_xmlschemas_c_11098_sailor-kernel-lifecycle-mismatch	LLM_FP	FP	use-after-free	xmlschemas.c	11098		CWE-416	0	24850		
1928_xmlschemas_c_11099_sailor-kernel-lifecycle-mismatch	LLM_FP	FP	use-after-free	xmlschemas.c	11099		CWE-416	0	24850		
1929_xmlschemas_c_11099_sailor-kernel-lifecycle-mismatch	LLM_FP	FP	use-after-free	xmlschemas.c	11099		CWE-416	0	24850		
1930_xmlschemas_c_11100_sailor-kernel-lifecycle-mismatch	LLM_FP	FP	use-after-free	xmlschemas.c	11100		CWE-416	0	24850		
1931_xmlschemas_c_11102_sailor-kernel-lifecycle-mismatch	LLM_FP	FP	use-after-free	xmlschemas.c	11102		CWE-416	0	24850		
1932_xmlschemas_c_11103_sailor-kernel-lifecycle-mismatch	LLM_FP	FP	use-after-free	xmlschemas.c	11103		CWE-416	0	24850		
1933_xmlschemas_c_11104_sailor-kernel-lifecycle-mismatch	LLM_FP	FP	use-after-free	xmlschemas.c	11104		CWE-416	0	24850		
1934_xmlschemas_c_11105_sailor-kernel-lifecycle-mismatch	LLM_FP	FP	use-after-free	xmlschemas.c	11105		CWE-416	0	24850		
1935_xmlschemas_c_11125_sailor-kernel-lifecycle-mismatch	LLM_FP	FP	use-after-free	xmlschemas.c	11125		CWE-416	0	24850		
1936_xmlschemas_c_11126_sailor-kernel-lifecycle-mismatch	LLM_FP	FP	use-after-free	xmlschemas.c	11126		CWE-416	0	24850		
1937_xmlschemas_c_11147_sailor-kernel-lifecycle-mismatch	LLM_FP	FP	use-after-free	xmlschemas.c	11147		CWE-416	0	24850		
1938_xmlschemas_c_11148_sailor-kernel-lifecycle-mismatch	LLM_FP	FP	use-after-free	xmlschemas.c	11148		CWE-416	0	24850		
1939_xmlschemas_c_11153_sailor-kernel-lifecycle-mismatch	LLM_FP	FP	use-after-free	xmlschemas.c	11153		CWE-416	0	24850		
1940_xmlschemas_c_11153_sailor-kernel-lifecycle-mismatch	LLM_FP	FP	use-after-free	xmlschemas.c	11153		CWE-416	0	24850		
1941_xmlschemas_c_11157_sailor-kernel-lifecycle-mismatch	LLM_FP	FP	use-after-free	xmlschemas.c	11157		CWE-416	0	24850		
1942_xmlschemas_c_11160_sailor-kernel-lifecycle-mismatch	LLM_FP	FP	use-after-free	xmlschemas.c	11160		CWE-416	0	24850		
1943_xmlschemas_c_11163_sailor-kernel-lifecycle-mismatch	LLM_FP	FP	use-after-free	xmlschemas.c	11163		CWE-416	0	24850		
1944_xmlschemas_c_11169_sailor-kernel-lifecycle-mismatch	LLM_FP	FP	use-after-free	xmlschemas.c	11169		CWE-416	0	24850		
1945_xmlschemas_c_11174_sailor-kernel-lifecycle-mismatch	LLM_FP	FP	use-after-free	xmlschemas.c	11174		CWE-416	0	24850		
1946_xmlschemas_c_11189_sailor-kernel-lifecycle-mismatch	LLM_FP	FP	use-after-free	xmlschemas.c	11189		CWE-416	0	24850		
1947_xmlschemas_c_9228_sailor-kernel-lifecycle-mismatch	LLM_FP	FP	use-after-free	xmlschemas.c	9228		CWE-416	0	24850		
1948_xmlschemas_c_9230_sailor-kernel-lifecycle-mismatch	LLM_FP	FP	use-after-free	xmlschemas.c	9230		CWE-416	0	24850		
1949_xmlschemas_c_9236_sailor-kernel-lifecycle-mismatch	LLM_FP	FP	use-after-free	xmlschemas.c	9236		CWE-416	0	24850		
1950_xmlschemas_c_9240_sailor-kernel-lifecycle-mismatch	LLM_FP	FP	use-after-free	xmlschemas.c	9240		CWE-416	0	24850		
1951_xmlschemas_c_9246_sailor-kernel-lifecycle-mismatch	LLM_FP	FP	use-after-free	xmlschemas.c	9246		CWE-416	0	24850		
1952_xmlschemas_c_9247_sailor-kernel-lifecycle-mismatch	LLM_FP	FP	use-after-free	xmlschemas.c	9247		CWE-416	0	24850		
1953_xmlschemas_c_9248_sailor-kernel-lifecycle-mismatch	LLM_FP	FP	use-after-free	xmlschemas.c	9248		CWE-416	0	24850		
1954_xmlschemas_c_9249_sailor-kernel-lifecycle-mismatch	LLM_FP	FP	use-after-free	xmlschemas.c	9249		CWE-416	0	24850		
1955_xmlschemas_c_9251_sailor-kernel-lifecycle-mismatch	LLM_FP	FP	use-after-free	xmlschemas.c	9251		CWE-416	0	24850		
1956_xmlschemas_c_9254_sailor-kernel-lifecycle-mismatch	LLM_FP	FP	use-after-free	xmlschemas.c	9254		CWE-416	0	24850		
1957_xmlschemas_c_9255_sailor-kernel-lifecycle-mismatch	LLM_FP	FP	use-after-free	xmlschemas.c	9255		CWE-416	0	24850		
1958_xmlschemas_c_9258_sailor-kernel-lifecycle-mismatch	LLM_FP	FP	use-after-free	xmlschemas.c	9258		CWE-416	0	24850		
1959_xmlschemas_c_9259_sailor-kernel-lifecycle-mismatch	LLM_FP	FP		xmlschemas.c	9259		CWE-416	0	24850		
1960_xmlschemas_c_9262_sailor-kernel-lifecycle-mismatch	LLM_FP	FP		xmlschemas.c	9262		CWE-416	0	24850		
1961_xmlschemas_c_9128_sailor-kernel-lifecycle-mismatch	LLM_FP	FP		xmlschemas.c	9128		CWE-416	0	24850		
1962_xmlschemas_c_9130_sailor-kernel-lifecycle-mismatch	LLM_FP	FP		xmlschemas.c	9130		CWE-416	0	24850		
1963_xmlschemas_c_9138_sailor-kernel-lifecycle-mismatch	LLM_FP	FP		xmlschemas.c	9138		CWE-416	0	24850		
1964_xmlschemas_c_9142_sailor-kernel-lifecycle-mismatch	LLM_FP	FP		xmlschemas.c	9142		CWE-416	0	24850		
1965_xmlschemas_c_9152_sailor-kernel-lifecycle-mismatch	LLM_FP	FP		xmlschemas.c	9152		CWE-416	0	24850		
1966_xmlschemas_c_9158_sailor-kernel-lifecycle-mismatch	LLM_FP	FP		xmlschemas.c	9158		CWE-416	0	24850		
1967_xmlschemas_c_9160_sailor-kernel-lifecycle-mismatch	LLM_FP	FP		xmlschemas.c	9160		CWE-416	0	24850		
1968_xmlschemas_c_9164_sailor-kernel-lifecycle-mismatch	LLM_FP	FP		xmlschemas.c	9164		CWE-416	0	24850		
1969_xmlschemas_c_9165_sailor-kernel-lifecycle-mismatch	LLM_FP	FP		xmlschemas.c	9165		CWE-416	0	24850		
1970_xmlschemas_c_5350_sailor-kernel-lifecycle-mismatch	LLM_FP	FP		xmlschemas.c	5350		CWE-416	0	24850		
1971_xmlschemas_c_5350_sailor-kernel-lifecycle-mismatch	LLM_FP	FP		xmlschemas.c	5350		CWE-416	0	24850		
1972_xmlschemas_c_5352_sailor-kernel-lifecycle-mismatch	LLM_FP	FP		xmlschemas.c	5352		CWE-416	0	24850		
1973_xmlschemas_c_5358_sailor-kernel-lifecycle-mismatch	LLM_FP	FP		xmlschemas.c	5358		CWE-416	0	24850		
1974_xmlschemas_c_5359_sailor-kernel-lifecycle-mismatch	LLM_FP	FP		xmlschemas.c	5359		CWE-416	0	24850		
1975_xmlschemas_c_5265_sailor-kernel-lifecycle-mismatch	LLM_FP	FP		xmlschemas.c	5265		CWE-416	0	24850		
1976_xmlschemas_c_5268_sailor-kernel-lifecycle-mismatch	LLM_FP	FP		xmlschemas.c	5268		CWE-416	0	24850		
1977_xmlschemas_c_4228_sailor-kernel-lifecycle-mismatch	LLM_FP	FP		xmlschemas.c	4228		CWE-416	0	24850		
1978_xmlschemas_c_4232_sailor-kernel-lifecycle-mismatch	LLM_FP	FP		xmlschemas.c	4232		CWE-416	0	24850		
1979_xmlschemas_c_4271_sailor-kernel-lifecycle-mismatch	LLM_FP	FP		xmlschemas.c	4271		CWE-416	0	24850		
1980_xmlschemas_c_4272_sailor-kernel-lifecycle-mismatch	LLM_FP	FP		xmlschemas.c	4272		CWE-416	0	24850		
1981_xmlschemas_c_4275_sailor-kernel-lifecycle-mismatch	LLM_FP	FP		xmlschemas.c	4275		CWE-416	0	24850		
1982_xmlschemas_c_4276_sailor-kernel-lifecycle-mismatch	LLM_FP	FP		xmlschemas.c	4276		CWE-416	0	24850		
1983_xmlschemas_c_3958_sailor-kernel-lifecycle-mismatch	LLM_FP	FP		xmlschemas.c	3958		CWE-416	0	24850		
1984_xmlschemas_c_3959_sailor-kernel-lifecycle-mismatch	LLM_FP	FP		xmlschemas.c	3959		CWE-416	0	24850		
1985_xmlschemas_c_3945_sailor-kernel-lifecycle-mismatch	LLM_FP	FP		xmlschemas.c	3945		CWE-416	0	24850		
1986_xmlschemas_c_3946_sailor-kernel-lifecycle-mismatch	LLM_FP	FP		xmlschemas.c	3946		CWE-416	0	24850		
0063_parser_c_9108_local-cpp-cwe-120-overflow	LLM_FP	FP		parser.c	9108		CWE-120	0	24850		
0064_parser_c_9282_local-cpp-cwe-120-overflow	LLM_FP	FP		parser.c	9282		CWE-120	0	24850		
0094_parser_c_5015_local-cpp-cwe-120-overflow	LLM_FP	FP		parser.c	5015		CWE-120	0	24850		
0114_parser_c_3409_local-cpp-cwe-120-overflow	LLM_FP	FP		parser.c	3409		CWE-120	0	24850		
0134_parser_c_1751_local-cpp-cwe-120-overflow	LLM_FP	FP		parser.c	1751		CWE-120	0	24850		
0136_parser_c_1457_local-cpp-cwe-120-overflow	LLM_FP	FP		parser.c	1457		CWE-120	0	24850		
0139_parser_c_731_local-cpp-cwe-120-overflow	LLM_FP	FP		parser.c	731		CWE-120	0	24850		
0152_parser_c_10583_local-cpp-cwe-125-oob-read	LLM_FP	FP		parser.c	10583		CWE-125	0	24850		
0256_parser_c_13012_local-cpp-cwe-125-cursor-lookahead-missing-bytes-check	LLM_FP	FP		parser.c	13012		CWE-125	0	24850		
0330_parser_c_11697_local-cpp-cwe-125-cursor-lookahead-missing-bytes-check	LLM_FP	FP		parser.c	11697		CWE-125	0	24850		
0331_parser_c_11698_local-cpp-cwe-125-cursor-lookahead-missing-bytes-check	LLM_FP	FP		parser.c	11698		CWE-125	0	24850		
0336_parser_c_10862_local-cpp-cwe-125-cursor-lookahead-missing-bytes-check	LLM_FP	FP		parser.c	10862		CWE-125	0	24850		
0337_parser_c_10873_local-cpp-cwe-125-cursor-lookahead-missing-bytes-check	LLM_FP	FP		parser.c	10873		CWE-125	0	24850		
0338_parser_c_10874_local-cpp-cwe-125-cursor-lookahead-missing-bytes-check	LLM_FP	FP		parser.c	10874		CWE-125	0	24850		
0339_parser_c_10880_local-cpp-cwe-125-cursor-lookahead-missing-bytes-check	LLM_FP	FP		parser.c	10880		CWE-125	0	24850		
0340_parser_c_10881_local-cpp-cwe-125-cursor-lookahead-missing-bytes-check	LLM_FP	FP		parser.c	10881		CWE-125	0	24850		
0341_parser_c_10882_local-cpp-cwe-125-cursor-lookahead-missing-bytes-check	LLM_FP	FP		parser.c	10882		CWE-125	0	24850		
0342_parser_c_10883_local-cpp-cwe-125-cursor-lookahead-missing-bytes-check	LLM_FP	FP		parser.c	10883		CWE-125	0	24850		
0343_parser_c_10918_local-cpp-cwe-125-cursor-lookahead-missing-bytes-check	LLM_FP	FP		parser.c	10918		CWE-125	0	24850		
0344_parser_c_10962_local-cpp-cwe-125-cursor-lookahead-missing-bytes-check	LLM_FP	FP		parser.c	10962		CWE-125	0	24850		
0347_parser_c_11002_local-cpp-cwe-125-cursor-lookahead-missing-bytes-check	LLM_FP	FP		parser.c	11002		CWE-125	0	24850		
0348_parser_c_11007_local-cpp-cwe-125-cursor-lookahead-missing-bytes-check	LLM_FP	FP		parser.c	11007		CWE-125	0	24850		
0349_parser_c_11022_local-cpp-cwe-125-cursor-lookahead-missing-bytes-check	LLM_FP	FP		parser.c	11022		CWE-125	0	24850		
0350_parser_c_11027_local-cpp-cwe-125-cursor-lookahead-missing-bytes-check	LLM_FP	FP		parser.c	11027		CWE-125	0	24850		
0351_parser_c_11038_local-cpp-cwe-125-cursor-lookahead-missing-bytes-check	LLM_FP	FP		parser.c	11038		CWE-125	0	24850		
0352_parser_c_11039_local-cpp-cwe-125-cursor-lookahead-missing-bytes-check	LLM_FP	FP		parser.c	11039		CWE-125	0	24850		
0353_parser_c_11040_local-cpp-cwe-125-cursor-lookahead-missing-bytes-check	LLM_FP	FP		parser.c	11040		CWE-125	0	24850		
0354_parser_c_11041_local-cpp-cwe-125-cursor-lookahead-missing-bytes-check	LLM_FP	FP		parser.c	11041		CWE-125	0	24850		
0355_parser_c_11042_local-cpp-cwe-125-cursor-lookahead-missing-bytes-check	LLM_FP	FP		parser.c	11042		CWE-125	0	24850		
0356_parser_c_11043_local-cpp-cwe-125-cursor-lookahead-missing-bytes-check	LLM_FP	FP		parser.c	11043		CWE-125	0	24850		
0357_parser_c_11044_local-cpp-cwe-125-cursor-lookahead-missing-bytes-check	LLM_FP	FP		parser.c	11044		CWE-125	0	24850		
0360_parser_c_11109_local-cpp-cwe-125-cursor-lookahead-missing-bytes-check	LLM_FP	FP		parser.c	11109		CWE-125	0	24850		
0361_parser_c_11112_local-cpp-cwe-125-cursor-lookahead-missing-bytes-check	LLM_FP	FP		parser.c	11112		CWE-125	0	24850		
0364_parser_c_11123_local-cpp-cwe-125-cursor-lookahead-missing-bytes-check	LLM_FP	FP		parser.c	11123		CWE-125	0	24850		
0366_parser_c_11126_local-cpp-cwe-125-cursor-lookahead-missing-bytes-check	LLM_FP	FP		parser.c	11126		CWE-125	0	24850		
0367_parser_c_11136_local-cpp-cwe-125-cursor-lookahead-missing-bytes-check	LLM_FP	FP		parser.c	11136		CWE-125	0	24850		
0368_parser_c_11137_local-cpp-cwe-125-cursor-lookahead-missing-bytes-check	LLM_FP	FP		parser.c	11137		CWE-125	0	24850		
0369_parser_c_11138_local-cpp-cwe-125-cursor-lookahead-missing-bytes-check	LLM_FP	FP		parser.c	11138		CWE-125	0	24850		
0370_parser_c_11139_local-cpp-cwe-125-cursor-lookahead-missing-bytes-check	LLM_FP	FP		parser.c	11139		CWE-125	0	24850		
0371_parser_c_11140_local-cpp-cwe-125-cursor-lookahead-missing-bytes-check	LLM_FP	FP		parser.c	11140		CWE-125	0	24850		
0372_parser_c_11141_local-cpp-cwe-125-cursor-lookahead-missing-bytes-check	LLM_FP	FP		parser.c	11141		CWE-125	0	24850		
0373_parser_c_11142_local-cpp-cwe-125-cursor-lookahead-missing-bytes-check	LLM_FP	FP		parser.c	11142		CWE-125	0	24850		
0375_parser_c_10741_local-cpp-cwe-125-cursor-lookahead-missing-bytes-check	LLM_FP	FP		parser.c	10741		CWE-125	0	24850		
0376_parser_c_10742_local-cpp-cwe-125-cursor-lookahead-missing-bytes-check	LLM_FP	FP		parser.c	10742		CWE-125	0	24850		
0377_parser_c_10782_local-cpp-cwe-125-cursor-lookahead-missing-bytes-check	LLM_FP	FP		parser.c	10782		CWE-125	0	24850		
0378_parser_c_10783_local-cpp-cwe-125-cursor-lookahead-missing-bytes-check	LLM_FP	FP		parser.c	10783		CWE-125	0	24850		
0379_parser_c_10784_local-cpp-cwe-125-cursor-lookahead-missing-bytes-check	LLM_FP	FP		parser.c	10784		CWE-125	0	24850		
0382_parser_c_10525_local-cpp-cwe-125-cursor-lookahead-missing-bytes-check	LLM_FP	FP		parser.c	10525		CWE-125	0	24850		
0383_parser_c_10403_local-cpp-cwe-125-cursor-lookahead-missing-bytes-check	LLM_FP	FP		parser.c	10403		CWE-125	0	24850		
0384_parser_c_10434_local-cpp-cwe-125-cursor-lookahead-missing-bytes-check	LLM_FP	FP		parser.c	10434		CWE-125	0	24850		
0385_parser_c_10338_local-cpp-cwe-125-cursor-lookahead-missing-bytes-check	LLM_FP	FP		parser.c	10338		CWE-125	0	24850		
0386_parser_c_10340_local-cpp-cwe-125-cursor-lookahead-missing-bytes-check	LLM_FP	FP		parser.c	10340		CWE-125	0	24850		
0387_parser_c_10249_local-cpp-cwe-125-cursor-lookahead-missing-bytes-check	LLM_FP	FP		parser.c	10249		CWE-125	0	24850		
0388_parser_c_10261_local-cpp-cwe-125-cursor-lookahead-missing-bytes-check	LLM_FP	FP		parser.c	10261		CWE-125	0	24850		
0389_parser_c_10277_local-cpp-cwe-125-cursor-lookahead-missing-bytes-check	LLM_FP	FP		parser.c	10277		CWE-125	0	24850		
0390_parser_c_10133_local-cpp-cwe-125-cursor-lookahead-missing-bytes-check	LLM_FP	FP		parser.c	10133		CWE-125	0	24850		
0391_parser_c_10144_local-cpp-cwe-125-cursor-lookahead-missing-bytes-check	LLM_FP	FP		parser.c	10144		CWE-125	0	24850		
0392_parser_c_10147_local-cpp-cwe-125-cursor-lookahead-missing-bytes-check	LLM_FP	FP		parser.c	10147		CWE-125	0	24850		
0393_parser_c_10148_local-cpp-cwe-125-cursor-lookahead-missing-bytes-check	LLM_FP	FP		parser.c	10148		CWE-125	0	24850		
0394_parser_c_10160_local-cpp-cwe-125-cursor-lookahead-missing-bytes-check	LLM_FP	FP		parser.c	10160		CWE-125	0	24850		
0395_parser_c_10163_local-cpp-cwe-125-cursor-lookahead-missing-bytes-check	LLM_FP	FP		parser.c	10163		CWE-125	0	24850		
0396_parser_c_10164_local-cpp-cwe-125-cursor-lookahead-missing-bytes-check	LLM_FP	FP		parser.c	10164		CWE-125	0	24850		
0397_parser_c_10056_local-cpp-cwe-125-cursor-lookahead-missing-bytes-check	LLM_FP	FP		parser.c	10056		CWE-125	0	24850		
0398_parser_c_9940_local-cpp-cwe-125-cursor-lookahead-missing-bytes-check	LLM_FP	FP		parser.c	9940		CWE-125	0	24850		
0403_parser_c_9821_local-cpp-cwe-125-cursor-lookahead-missing-bytes-check	LLM_FP	FP		parser.c	9821		CWE-125	0	24850		
0404_parser_c_9758_local-cpp-cwe-125-cursor-lookahead-missing-bytes-check	LLM_FP	FP		parser.c	9758		CWE-125	0	24850		
0405_parser_c_9551_local-cpp-cwe-125-cursor-lookahead-missing-bytes-check	LLM_FP	FP		parser.c	9551		CWE-125	0	24850		
0407_parser_c_9559_local-cpp-cwe-125-cursor-lookahead-missing-bytes-check	LLM_FP	FP		parser.c	9559		CWE-125	0	24850		
0408_parser_c_9566_local-cpp-cwe-125-cursor-lookahead-missing-bytes-check	LLM_FP	FP		parser.c	9566		CWE-125	0	24850		
0409_parser_c_9567_local-cpp-cwe-125-cursor-lookahead-missing-bytes-check	LLM_FP	FP		parser.c	9567		CWE-125	0	24850		
0410_parser_c_9575_local-cpp-cwe-125-cursor-lookahead-missing-bytes-check	LLM_FP	FP		parser.c	9575		CWE-125	0	24850		
0411_parser_c_9452_local-cpp-cwe-125-cursor-lookahead-missing-bytes-check	LLM_FP	FP		parser.c	9452		CWE-125	0	24850		
0412_parser_c_9456_local-cpp-cwe-125-cursor-lookahead-missing-bytes-check	LLM_FP	FP		parser.c	9456		CWE-125	0	24850		
0413_parser_c_9379_local-cpp-cwe-125-cursor-lookahead-missing-bytes-check	LLM_FP	FP		parser.c	9379		CWE-125	0	24850		
0418_parser_c_8826_local-cpp-cwe-125-cursor-lookahead-missing-bytes-check	LLM_FP	FP		parser.c	8826		CWE-125	0	24850		
0419_parser_c_9005_local-cpp-cwe-125-cursor-lookahead-missing-bytes-check	LLM_FP	FP		parser.c	9005		CWE-125	0	24850		
0421_parser_c_9098_local-cpp-cwe-125-cursor-lookahead-missing-bytes-check	LLM_FP	FP		parser.c	9098		CWE-125	0	24850		
0434_parser_c_8309_local-cpp-cwe-125-cursor-lookahead-missing-bytes-check	LLM_FP	FP		parser.c	8309		CWE-125	0	24850		
0440_parser_c_8203_local-cpp-cwe-125-cursor-lookahead-missing-bytes-check	LLM_FP	FP		parser.c	8203		CWE-125	0	24850		
0443_parser_c_8262_local-cpp-cwe-125-cursor-lookahead-missing-bytes-check	LLM_FP	FP		parser.c	8262		CWE-125	0	24850		
0445_parser_c_8020_local-cpp-cwe-125-cursor-lookahead-missing-bytes-check	LLM_FP	FP		parser.c	8020		CWE-125	0	24850		
0446_parser_c_8026_local-cpp-cwe-125-cursor-lookahead-missing-bytes-check	LLM_FP	FP		parser.c	8026		CWE-125	0	24850		
0447_parser_c_8026_local-cpp-cwe-125-cursor-lookahead-missing-bytes-check	LLM_FP	FP		parser.c	8026		CWE-125	0	24850		
0450_parser_c_7755_local-cpp-cwe-125-cursor-lookahead-missing-bytes-check	LLM_FP	FP		parser.c	7755		CWE-125	0	24850		
0451_parser_c_7667_local-cpp-cwe-125-cursor-lookahead-missing-bytes-check	LLM_FP	FP		parser.c	7667		CWE-125	0	24850		
0452_parser_c_7668_local-cpp-cwe-125-cursor-lookahead-missing-bytes-check	LLM_FP	FP		parser.c	7668		CWE-125	0	24850		
0453_parser_c_7107_local-cpp-cwe-125-cursor-lookahead-missing-bytes-check	LLM_FP	FP		parser.c	7107		CWE-125	0	24850		
0454_parser_c_7035_local-cpp-cwe-125-cursor-lookahead-missing-bytes-check	LLM_FP	FP		parser.c	7035		CWE-125	0	24850		
0455_parser_c_7063_local-cpp-cwe-125-cursor-lookahead-missing-bytes-check	LLM_FP	FP		parser.c	7063		CWE-125	0	24850		
0456_parser_c_7065_local-cpp-cwe-125-cursor-lookahead-missing-bytes-check	LLM_FP	FP		parser.c	7065		CWE-125	0	24850		
0457_parser_c_7065_local-cpp-cwe-125-cursor-lookahead-missing-bytes-check	LLM_FP	FP		parser.c	7065		CWE-125	0	24850		
0458_parser_c_6959_local-cpp-cwe-125-cursor-lookahead-missing-bytes-check	LLM_FP	FP		parser.c	6959		CWE-125	0	24850		
0459_parser_c_6995_local-cpp-cwe-125-cursor-lookahead-missing-bytes-check	LLM_FP	FP		parser.c	6995		CWE-125	0	24850		
0460_parser_c_6909_local-cpp-cwe-125-cursor-lookahead-missing-bytes-check	LLM_FP	FP		parser.c	6909		CWE-125	0	24850		
0461_parser_c_6910_local-cpp-cwe-125-cursor-lookahead-missing-bytes-check	LLM_FP	FP		parser.c	6910		CWE-125	0	24850		
0462_parser_c_6912_local-cpp-cwe-125-cursor-lookahead-missing-bytes-check	LLM_FP	FP		parser.c	6912		CWE-125	0	24850		
0463_parser_c_6914_local-cpp-cwe-125-cursor-lookahead-missing-bytes-check	LLM_FP	FP		parser.c	6914		CWE-125	0	24850		
0465_parser_c_6937_local-cpp-cwe-125-cursor-lookahead-missing-bytes-check	LLM_FP	FP		parser.c	6937		CWE-125	0	24850		
0467_parser_c_6761_local-cpp-cwe-125-cursor-lookahead-missing-bytes-check	LLM_FP	FP		parser.c	6761		CWE-125	0	24850		
0468_parser_c_6767_local-cpp-cwe-125-cursor-lookahead-missing-bytes-check	LLM_FP	FP		parser.c	6767		CWE-125	0	24850		
0469_parser_c_6785_local-cpp-cwe-125-cursor-lookahead-missing-bytes-check	LLM_FP	FP		parser.c	6785		CWE-125	0	24850		
0470_parser_c_6809_local-cpp-cwe-125-cursor-lookahead-missing-bytes-check	LLM_FP	FP		parser.c	6809		CWE-125	0	24850		
0471_parser_c_6817_local-cpp-cwe-125-cursor-lookahead-missing-bytes-check	LLM_FP	FP		parser.c	6817		CWE-125	0	24850		
0472_parser_c_6818_local-cpp-cwe-125-cursor-lookahead-missing-bytes-check	LLM_FP	FP		parser.c	6818		CWE-125	0	24850		
0473_parser_c_6841_local-cpp-cwe-125-cursor-lookahead-missing-bytes-check	LLM_FP	FP		parser.c	6841		CWE-125	0	24850		
0474_parser_c_6859_local-cpp-cwe-125-cursor-lookahead-missing-bytes-check	LLM_FP	FP		parser.c	6859		CWE-125	0	24850		
0475_parser_c_6859_local-cpp-cwe-125-cursor-lookahead-missing-bytes-check	LLM_FP	FP		parser.c	6859		CWE-125	0	24850		
0476_parser_c_6640_local-cpp-cwe-125-cursor-lookahead-missing-bytes-check	LLM_FP	FP		parser.c	6640		CWE-125	0	24850		
0477_parser_c_6645_local-cpp-cwe-125-cursor-lookahead-missing-bytes-check	LLM_FP	FP		parser.c	6645		CWE-125	0	24850		
0479_parser_c_6666_local-cpp-cwe-125-cursor-lookahead-missing-bytes-check	LLM_FP	FP		parser.c	6666		CWE-125	0	24850		
0480_parser_c_6672_local-cpp-cwe-125-cursor-lookahead-missing-bytes-check	LLM_FP	FP		parser.c	6672		CWE-125	0	24850		
0481_parser_c_6673_local-cpp-cwe-125-cursor-lookahead-missing-bytes-check	LLM_FP	FP		parser.c	6673		CWE-125	0	24850		
0483_parser_c_6607_local-cpp-cwe-125-cursor-lookahead-missing-bytes-check	LLM_FP	FP		parser.c	6607		CWE-125	0	24850		
0495_parser_c_6147_local-cpp-cwe-125-cursor-lookahead-missing-bytes-check	LLM_FP	FP		parser.c	6147		CWE-125	0	24850		
0498_parser_c_6203_local-cpp-cwe-125-cursor-lookahead-missing-bytes-check	LLM_FP	FP		parser.c	6203		CWE-125	0	24850		
0499_parser_c_5967_local-cpp-cwe-125-cursor-lookahead-missing-bytes-check	LLM_FP	FP		parser.c	5967		CWE-125	0	24850		
0500_parser_c_5971_local-cpp-cwe-125-cursor-lookahead-missing-bytes-check	LLM_FP	FP		parser.c	5971		CWE-125	0	24850		
0507_parser_c_5923_local-cpp-cwe-125-cursor-lookahead-missing-bytes-check	LLM_FP	FP		parser.c	5923		CWE-125	0	24850		
0508_parser_c_5926_local-cpp-cwe-125-cursor-lookahead-missing-bytes-check	LLM_FP	FP		parser.c	5926		CWE-125	0	24850		
0509_parser_c_5929_local-cpp-cwe-125-cursor-lookahead-missing-bytes-check	LLM_FP	FP		parser.c	5929		CWE-125	0	24850		
0511_parser_c_5932_local-cpp-cwe-125-cursor-lookahead-missing-bytes-check	LLM_FP	FP		parser.c	5932		CWE-125	0	24850		
0515_parser_c_5935_local-cpp-cwe-125-cursor-lookahead-missing-bytes-check	LLM_FP	FP		parser.c	5935		CWE-125	0	24850		
0517_parser_c_5938_local-cpp-cwe-125-cursor-lookahead-missing-bytes-check	LLM_FP	FP		parser.c	5938		CWE-125	0	24850		
0519_parser_c_5941_local-cpp-cwe-125-cursor-lookahead-missing-bytes-check	LLM_FP	FP		parser.c	5941		CWE-125	0	24850		
0525_parser_c_5944_local-cpp-cwe-125-cursor-lookahead-missing-bytes-check	LLM_FP	FP		parser.c	5944		CWE-125	0	24850		
0526_parser_c_5860_local-cpp-cwe-125-cursor-lookahead-missing-bytes-check	LLM_FP	FP		parser.c	5860		CWE-125	0	24850		
0567_parser_c_5667_local-cpp-cwe-125-cursor-lookahead-missing-bytes-check	LLM_FP	FP		parser.c	5667		CWE-125	0	24850		
0568_parser_c_5671_local-cpp-cwe-125-cursor-lookahead-missing-bytes-check	LLM_FP	FP		parser.c	5671		CWE-125	0	24850		
0569_parser_c_5676_local-cpp-cwe-125-cursor-lookahead-missing-bytes-check	LLM_FP	FP		parser.c	5676		CWE-125	0	24850		
0570_parser_c_5418_local-cpp-cwe-125-cursor-lookahead-missing-bytes-check	LLM_FP	FP		parser.c	5418		CWE-125	0	24850		
0571_parser_c_5423_local-cpp-cwe-125-cursor-lookahead-missing-bytes-check	LLM_FP	FP		parser.c	5423		CWE-125	0	24850		
0572_parser_c_5537_local-cpp-cwe-125-cursor-lookahead-missing-bytes-check	LLM_FP	FP		parser.c	5537		CWE-125	0	24850		
0573_parser_c_5327_local-cpp-cwe-125-cursor-lookahead-missing-bytes-check	LLM_FP	FP		parser.c	5327		CWE-125	0	24850		
0574_parser_c_5331_local-cpp-cwe-125-cursor-lookahead-missing-bytes-check	LLM_FP	FP		parser.c	5331		CWE-125	0	24850		
0575_parser_c_5208_local-cpp-cwe-125-cursor-lookahead-missing-bytes-check	LLM_FP	FP		parser.c	5208		CWE-125	0	24850		
0576_parser_c_5220_local-cpp-cwe-125-cursor-lookahead-missing-bytes-check	LLM_FP	FP		parser.c	5220		CWE-125	0	24850		
0577_parser_c_5243_local-cpp-cwe-125-cursor-lookahead-missing-bytes-check	LLM_FP	FP		parser.c	5243		CWE-125	0	24850		
0578_parser_c_4946_local-cpp-cwe-125-cursor-lookahead-missing-bytes-check	LLM_FP	FP		parser.c	4946		CWE-125	0	24850		
0579_parser_c_4949_local-cpp-cwe-125-cursor-lookahead-missing-bytes-check	LLM_FP	FP		parser.c	4949		CWE-125	0	24850		
0580_parser_c_4994_local-cpp-cwe-125-cursor-lookahead-missing-bytes-check	LLM_FP	FP		parser.c	4994		CWE-125	0	24850		
0581_parser_c_5038_local-cpp-cwe-125-cursor-lookahead-missing-bytes-check	LLM_FP	FP		parser.c	5038		CWE-125	0	24850		
0582_parser_c_5039_local-cpp-cwe-125-cursor-lookahead-missing-bytes-check	LLM_FP	FP		parser.c	5039		CWE-125	0	24850		
0585_parser_c_4759_local-cpp-cwe-125-cursor-lookahead-missing-bytes-check	LLM_FP	FP		parser.c	4759		CWE-125	0	24850		
0586_parser_c_4769_local-cpp-cwe-125-cursor-lookahead-missing-bytes-check	LLM_FP	FP		parser.c	4769		CWE-125	0	24850		
0587_parser_c_4674_local-cpp-cwe-125-cursor-lookahead-missing-bytes-check	LLM_FP	FP		parser.c	4674		CWE-125	0	24850		
0588_parser_c_4677_local-cpp-cwe-125-cursor-lookahead-missing-bytes-check	LLM_FP	FP		parser.c	4677		CWE-125	0	24850		
0589_parser_c_4591_local-cpp-cwe-125-cursor-lookahead-missing-bytes-check	LLM_FP	FP		parser.c	4591		CWE-125	0	24850		
0590_parser_c_4596_local-cpp-cwe-125-cursor-lookahead-missing-bytes-check	LLM_FP	FP		parser.c	4596		CWE-125	0	24850		
0591_parser_c_4129_local-cpp-cwe-125-cursor-lookahead-missing-bytes-check	LLM_FP	FP		parser.c	4129		CWE-125	0	24850		
0592_parser_c_4134_local-cpp-cwe-125-cursor-lookahead-missing-bytes-check	LLM_FP	FP		parser.c	4134		CWE-125	0	24850		
0609_parser_c_2869_local-cpp-cwe-125-cursor-lookahead-missing-bytes-check	LLM_FP	FP		parser.c	2869		CWE-125	0	24850		
0610_parser_c_2642_local-cpp-cwe-125-cursor-lookahead-missing-bytes-check	LLM_FP	FP		parser.c	2642		CWE-125	0	24850		
0611_parser_c_2665_local-cpp-cwe-125-cursor-lookahead-missing-bytes-check	LLM_FP	FP		parser.c	2665		CWE-125	0	24850		
0612_parser_c_2536_local-cpp-cwe-125-cursor-lookahead-missing-bytes-check	LLM_FP	FP		parser.c	2536		CWE-125	0	24850		
0613_parser_c_2537_local-cpp-cwe-125-cursor-lookahead-missing-bytes-check	LLM_FP	FP		parser.c	2537		CWE-125	0	24850		
0616_parser_c_2567_local-cpp-cwe-125-cursor-lookahead-missing-bytes-check	LLM_FP	FP		parser.c	2567		CWE-125	0	24850		
0619_parser_c_2420_local-cpp-cwe-125-cursor-lookahead-missing-bytes-check	LLM_FP	FP		parser.c	2420		CWE-125	0	24850		
0620_parser_c_2420_local-cpp-cwe-125-cursor-lookahead-missing-bytes-check	LLM_FP	FP		parser.c	2420		CWE-125	0	24850		
0622_parser_c_2158_local-cpp-cwe-125-cursor-lookahead-missing-bytes-check	LLM_FP	FP		parser.c	2158		CWE-125	0	24850		
0623_parser_c_2165_local-cpp-cwe-125-cursor-lookahead-missing-bytes-check	LLM_FP	FP		parser.c	2165		CWE-125	0	24850		
0626_parser_c_2070_local-cpp-cwe-125-cursor-lookahead-missing-bytes-check	LLM_FP	FP		parser.c	2070		CWE-125	0	24850		
0627_parser_c_2070_local-cpp-cwe-125-cursor-lookahead-missing-bytes-check	LLM_FP	FP		parser.c	2070		CWE-125	0	24850		
0628_parser_c_2075_local-cpp-cwe-125-cursor-lookahead-missing-bytes-check	LLM_FP	FP		parser.c	2075		CWE-125	0	24850		
0630_parser_c_2080_local-cpp-cwe-125-cursor-lookahead-missing-bytes-check	LLM_FP	FP		parser.c	2080		CWE-125	0	24850		
0631_parser_c_2087_local-cpp-cwe-125-cursor-lookahead-missing-bytes-check	LLM_FP	FP		parser.c	2087		CWE-125	0	24850		
0632_parser_c_1997_local-cpp-cwe-125-cursor-lookahead-missing-bytes-check	LLM_FP	FP		parser.c	1997		CWE-125	0	24850		
0633_parser_c_2007_local-cpp-cwe-125-cursor-lookahead-missing-bytes-check	LLM_FP	FP		parser.c	2007		CWE-125	0	24850		
0634_parser_c_1905_local-cpp-cwe-125-cursor-lookahead-missing-bytes-check	LLM_FP	FP		parser.c	1905		CWE-125	0	24850		
0635_parser_c_1912_local-cpp-cwe-125-cursor-lookahead-missing-bytes-check	LLM_FP	FP		parser.c	1912		CWE-125	0	24850		
0638_parser_c_1272_local-cpp-cwe-125-cursor-lookahead-missing-bytes-check	LLM_FP	FP		parser.c	1272		CWE-125	0	24850		
0639_parser_c_1273_local-cpp-cwe-125-cursor-lookahead-missing-bytes-check	LLM_FP	FP		parser.c	1273		CWE-125	0	24850		
0640_parser_c_1274_local-cpp-cwe-125-cursor-lookahead-missing-bytes-check	LLM_FP	FP		parser.c	1274		CWE-125	0	24850		
0641_parser_c_1275_local-cpp-cwe-125-cursor-lookahead-missing-bytes-check	LLM_FP	FP		parser.c	1275		CWE-125	0	24850		
0642_parser_c_1282_local-cpp-cwe-125-cursor-lookahead-missing-bytes-check	LLM_FP	FP		parser.c	1282		CWE-125	0	24850		
0643_parser_c_1282_local-cpp-cwe-125-cursor-lookahead-missing-bytes-check	LLM_FP	FP		parser.c	1282		CWE-125	0	24850		
0644_parser_c_1283_local-cpp-cwe-125-cursor-lookahead-missing-bytes-check	LLM_FP	FP		parser.c	1283		CWE-125	0	24850		
0645_parser_c_1283_local-cpp-cwe-125-cursor-lookahead-missing-bytes-check	LLM_FP	FP		parser.c	1283		CWE-125	0	24850		
0646_parser_c_1285_local-cpp-cwe-125-cursor-lookahead-missing-bytes-check	LLM_FP	FP		parser.c	1285		CWE-125	0	24850		
0647_parser_c_1074_local-cpp-cwe-125-cursor-lookahead-missing-bytes-check	REPRODUCER_BUILD_FAIL	REPRODUCER_BUILD_FAIL	heap-buffer-overflow	parser.c	1074		CWE-125	0	24850		
0773_parser_c_5015_local-cpp-cwe-787-oob-write	LLM_FP	FP		parser.c	5015		CWE-787	0	24850		
0783_parser_c_731_local-cpp-cwe-787-oob-write	LLM_FP	FP		parser.c	731		CWE-787	0	24850		
0796_parser_c_5015_local-cpp-cwe-823-pointer-offset	LLM_FP	FP		parser.c	5015		CWE-823	0	24850		
0806_parser_c_731_local-cpp-cwe-823-pointer-offset	LLM_FP	FP		parser.c	731		CWE-823	0	24850		
1042_parser_c_13337_sailor-cpp-CWE-416-DirectFreeArgUseFast	LLM_FP	FP		parser.c	13337		CWE-416	0	24850		
1043_parser_c_13342_sailor-cpp-CWE-416-DirectFreeArgUseFast	LLM_FP	FP		parser.c	13342		CWE-416	0	24850		
1044_parser_c_13344_sailor-cpp-CWE-416-DirectFreeArgUseFast	LLM_FP	FP		parser.c	13344		CWE-416	0	24850		
1045_parser_c_13348_sailor-cpp-CWE-416-DirectFreeArgUseFast	LLM_FP	FP		parser.c	13348		CWE-416	0	24850		
1046_parser_c_13072_sailor-cpp-CWE-416-DirectFreeArgUseFast	LLM_FP	FP		parser.c	13072		CWE-416	0	24850		
1047_parser_c_13075_sailor-cpp-CWE-416-DirectFreeArgUseFast	LLM_FP	FP		parser.c	13075		CWE-416	0	24850		
1048_parser_c_13079_sailor-cpp-CWE-416-DirectFreeArgUseFast	LLM_FP	FP		parser.c	13079		CWE-416	0	24850		
1049_parser_c_13085_sailor-cpp-CWE-416-DirectFreeArgUseFast	LLM_FP	FP		parser.c	13085		CWE-416	0	24850		
1050_parser_c_13090_sailor-cpp-CWE-416-DirectFreeArgUseFast	LLM_FP	FP		parser.c	13090		CWE-416	0	24850		
1051_parser_c_11529_sailor-cpp-CWE-416-DirectFreeArgUseFast	LLM_FP	FP		parser.c	11529		CWE-416	0	24850		
1068_parser_c_6224_sailor-cpp-CWE-416-DirectFreeArgUseFast	LLM_FP	FP		parser.c	6224		CWE-416	0	24850		
1199_parser_c_12915_sailor-cpp-uaf-free-then-return-intra.min	LLM_FP	FP		parser.c	12915		CWE-416	0	24850		
1200_parser_c_12721_sailor-cpp-uaf-free-then-return-intra.min	LLM_FP	FP		parser.c	12721		CWE-416	0	24850		
1203_parser_c_12446_sailor-cpp-uaf-free-then-return-intra.min	LLM_FP	FP		parser.c	12446		CWE-416	0	24850		
1204_parser_c_11447_sailor-cpp-uaf-free-then-return-intra.min	LLM_FP	FP		parser.c	11447		CWE-416	0	24850		
1205_parser_c_11379_sailor-cpp-uaf-free-then-return-intra.min	LLM_FP	FP		parser.c	11379		CWE-416	0	24850		
1222_parser_c_5838_sailor-cpp-uaf-free-then-return-intra.min	LLM_FP	FP		parser.c	5838		CWE-416	0	24850		
1224_parser_c_5841_sailor-cpp-uaf-free-then-return-intra.min	LLM_FP	FP		parser.c	5841		CWE-416	0	24850		
1226_parser_c_5767_sailor-cpp-uaf-free-then-return-intra.min	LLM_FP	FP		parser.c	5767		CWE-416	0	24850		
1635_parser_c_2509_sailor-kernel-lifecycle-mismatch	LLM_FP	FP		parser.c	2509		CWE-416	0	24850		
1636_parser_c_2486_sailor-kernel-lifecycle-mismatch	LLM_FP	FP		parser.c	2486		CWE-416	0	24850		
1637_parser_c_2488_sailor-kernel-lifecycle-mismatch	LLM_FP	FP		parser.c	2488		CWE-416	0	24850		
1652_parser_c_1969_sailor-kernel-lifecycle-mismatch	LLM_FP	FP		parser.c	1969		CWE-416	0	24850		
1653_parser_c_1971_sailor-kernel-lifecycle-mismatch	LLM_FP	FP		parser.c	1971		CWE-416	0	24850		
1654_parser_c_1935_sailor-kernel-lifecycle-mismatch	LLM_FP	FP		parser.c	1935		CWE-416	0	24850		
0037_relaxng_c_9104_local-cpp-cwe-120-overflow	LLM_FP	FP	heap-buffer-overflow	relaxng.c	9104		CWE-120	0	24850		
0038_relaxng_c_9110_local-cpp-cwe-120-overflow	LLM_FP	FP	heap-buffer-overflow	relaxng.c	9110		CWE-120	0	24850		
0118_relaxng_c_1254_local-cpp-cwe-120-overflow	LLM_FP	FP		relaxng.c	1254		CWE-120	0	24850		
0119_relaxng_c_1182_local-cpp-cwe-120-overflow	LLM_FP	FP		relaxng.c	1182		CWE-120	0	24850		
0327_relaxng_c_9076_local-cpp-cwe-125-cursor-lookahead-missing-bytes-check	LLM_FP	FP	heap-buffer-overflow	relaxng.c	9076		CWE-125	0	24850		
0328_relaxng_c_9078_local-cpp-cwe-125-cursor-lookahead-missing-bytes-check	LLM_FP	FP	heap-buffer-overflow	relaxng.c	9078		CWE-125	0	24850		
0329_relaxng_c_9082_local-cpp-cwe-125-cursor-lookahead-missing-bytes-check	LLM_FP	FP	heap-buffer-overflow	relaxng.c	9082		CWE-125	0	24850		
0602_relaxng_c_1437_local-cpp-cwe-125-cursor-lookahead-missing-bytes-check	LLM_FP	FP	heap-buffer-overflow	relaxng.c	1437		CWE-125	0	24850		
0603_relaxng_c_1454_local-cpp-cwe-125-cursor-lookahead-missing-bytes-check	LLM_FP	FP	heap-buffer-overflow	relaxng.c	1454		CWE-125	0	24850		
0850_relaxng_c_10339_sailor-cpp-cwe-674-uncontrolled-recursion	LLM_FP	FP	stack-overflow	relaxng.c	10339		CWE-400	0	24850		
0851_relaxng_c_10362_sailor-cpp-cwe-674-uncontrolled-recursion	LLM_FP	FP	stack-overflow	relaxng.c	10362		CWE-400	0	24850		
0853_relaxng_c_9426_sailor-cpp-cwe-674-uncontrolled-recursion	REPRODUCER_BUILD_FAIL	REPRODUCER_BUILD_FAIL	stack-overflow	relaxng.c	9426		CWE-400	0	24850		
0854_relaxng_c_9453_sailor-cpp-cwe-674-uncontrolled-recursion	LLM_FP	FP	stack-overflow	relaxng.c	9453		CWE-400	0	24850		
0855_relaxng_c_8834_sailor-cpp-cwe-674-uncontrolled-recursion	LLM_FP	FP	stack-overflow	relaxng.c	8834		CWE-400	0	24850		
0856_relaxng_c_8846_sailor-cpp-cwe-674-uncontrolled-recursion	LLM_FP	FP	stack-overflow	relaxng.c	8846		CWE-400	0	24850		
0857_relaxng_c_8584_sailor-cpp-cwe-674-uncontrolled-recursion	LLM_FP	FP	stack-overflow	relaxng.c	8584		CWE-400	0	24850		
0858_relaxng_c_8600_sailor-cpp-cwe-674-uncontrolled-recursion	LLM_FP	FP	stack-overflow	relaxng.c	8600		CWE-400	0	24850		
0859_relaxng_c_8652_sailor-cpp-cwe-674-uncontrolled-recursion	LLM_FP	FP	stack-overflow	relaxng.c	8652		CWE-400	0	24850		
0860_relaxng_c_8671_sailor-cpp-cwe-674-uncontrolled-recursion	LLM_FP	FP	stack-overflow	relaxng.c	8671		CWE-400	0	24850		
0861_relaxng_c_8692_sailor-cpp-cwe-674-uncontrolled-recursion	LLM_FP	FP	stack-overflow	relaxng.c	8692		CWE-400	0	24850		
0862_relaxng_c_8716_sailor-cpp-cwe-674-uncontrolled-recursion	LLM_FP	FP	stack-overflow	relaxng.c	8716		CWE-400	0	24850		
0863_relaxng_c_8734_sailor-cpp-cwe-674-uncontrolled-recursion	LLM_FP	FP	stack-overflow	relaxng.c	8734		CWE-400	0	24850		
0864_relaxng_c_8750_sailor-cpp-cwe-674-uncontrolled-recursion	LLM_FP	FP	stack-overflow	relaxng.c	8750		CWE-400	0	24850		
0865_relaxng_c_8766_sailor-cpp-cwe-674-uncontrolled-recursion	LLM_FP	FP	stack-overflow	relaxng.c	8766		CWE-400	0	24850		
0866_relaxng_c_8501_sailor-cpp-cwe-674-uncontrolled-recursion	LLM_FP	FP	stack-overflow	relaxng.c	8501		CWE-400	0	24850		
0867_relaxng_c_8450_sailor-cpp-cwe-674-uncontrolled-recursion	LLM_FP	FP	stack-overflow	relaxng.c	8450		CWE-400	0	24850		
0870_relaxng_c_7578_sailor-cpp-cwe-674-uncontrolled-recursion	LLM_FP	FP	stack-overflow	relaxng.c	7578		CWE-400	0	24850		
0871_relaxng_c_7579_sailor-cpp-cwe-674-uncontrolled-recursion	LLM_FP	FP	stack-overflow	relaxng.c	7579		CWE-400	0	24850		
0872_relaxng_c_7584_sailor-cpp-cwe-674-uncontrolled-recursion	LLM_FP	FP	stack-overflow	relaxng.c	7584		CWE-400	0	24850		
0873_relaxng_c_7589_sailor-cpp-cwe-674-uncontrolled-recursion	LLM_FP	FP	stack-overflow	relaxng.c	7589		CWE-400	0	24850		
0874_relaxng_c_7594_sailor-cpp-cwe-674-uncontrolled-recursion	LLM_FP	FP	stack-overflow	relaxng.c	7594		CWE-400	0	24850		
0875_relaxng_c_7599_sailor-cpp-cwe-674-uncontrolled-recursion	LLM_FP	FP	stack-overflow	relaxng.c	7599		CWE-400	0	24850		
0876_relaxng_c_7604_sailor-cpp-cwe-674-uncontrolled-recursion	LLM_FP	FP	stack-overflow	relaxng.c	7604		CWE-400	0	24850		
0877_relaxng_c_7609_sailor-cpp-cwe-674-uncontrolled-recursion	LLM_FP	FP	stack-overflow	relaxng.c	7609		CWE-400	0	24850		
0878_relaxng_c_7614_sailor-cpp-cwe-674-uncontrolled-recursion	LLM_FP	FP	stack-overflow	relaxng.c	7614		CWE-400	0	24850		
0879_relaxng_c_7619_sailor-cpp-cwe-674-uncontrolled-recursion	LLM_FP	FP	stack-overflow	relaxng.c	7619		CWE-400	0	24850		
0880_relaxng_c_7627_sailor-cpp-cwe-674-uncontrolled-recursion	LLM_FP	FP	stack-overflow	relaxng.c	7627		CWE-400	0	24850		
0881_relaxng_c_7635_sailor-cpp-cwe-674-uncontrolled-recursion	LLM_FP	FP	stack-overflow	relaxng.c	7635		CWE-400	0	24850		
0882_relaxng_c_7643_sailor-cpp-cwe-674-uncontrolled-recursion	LLM_FP	FP	stack-overflow	relaxng.c	7643		CWE-400	0	24850		
0883_relaxng_c_7648_sailor-cpp-cwe-674-uncontrolled-recursion	LLM_FP	FP	stack-overflow	relaxng.c	7648		CWE-400	0	24850		
0884_relaxng_c_7661_sailor-cpp-cwe-674-uncontrolled-recursion	LLM_FP	FP	stack-overflow	relaxng.c	7661		CWE-400	0	24850		
0885_relaxng_c_7544_sailor-cpp-cwe-674-uncontrolled-recursion	LLM_FP	FP	stack-overflow	relaxng.c	7544		CWE-400	0	24850		
0887_relaxng_c_7121_sailor-cpp-cwe-674-uncontrolled-recursion	LLM_FP	FP	stack-overflow	relaxng.c	7121		CWE-400	0	24850		
0888_relaxng_c_7128_sailor-cpp-cwe-674-uncontrolled-recursion	LLM_FP	FP	stack-overflow	relaxng.c	7128		CWE-400	0	24850		
0889_relaxng_c_6131_sailor-cpp-cwe-674-uncontrolled-recursion	LLM_FP	FP	stack-overflow	relaxng.c	6131		CWE-400	0	24850		
0890_relaxng_c_6170_sailor-cpp-cwe-674-uncontrolled-recursion	LLM_FP	FP	stack-overflow	relaxng.c	6170		CWE-400	0	24850		
0891_relaxng_c_6177_sailor-cpp-cwe-674-uncontrolled-recursion	LLM_FP	FP	stack-overflow	relaxng.c	6177		CWE-400	0	24850		
0892_relaxng_c_6233_sailor-cpp-cwe-674-uncontrolled-recursion	LLM_FP	FP	stack-overflow	relaxng.c	6233		CWE-400	0	24850		
0893_relaxng_c_6249_sailor-cpp-cwe-674-uncontrolled-recursion	LLM_FP	FP	stack-overflow	relaxng.c	6249		CWE-400	0	24850		
0894_relaxng_c_6270_sailor-cpp-cwe-674-uncontrolled-recursion	LLM_FP	FP	stack-overflow	relaxng.c	6270		CWE-400	0	24850		
0895_relaxng_c_6288_sailor-cpp-cwe-674-uncontrolled-recursion	LLM_FP	FP	stack-overflow	relaxng.c	6288		CWE-400	0	24850		
0896_relaxng_c_6315_sailor-cpp-cwe-674-uncontrolled-recursion	LLM_FP	FP	stack-overflow	relaxng.c	6315		CWE-400	0	24850		
0897_relaxng_c_6324_sailor-cpp-cwe-674-uncontrolled-recursion	LLM_FP	FP	stack-overflow	relaxng.c	6324		CWE-400	0	24850		
0898_relaxng_c_6332_sailor-cpp-cwe-674-uncontrolled-recursion	LLM_FP	FP	stack-overflow	relaxng.c	6332		CWE-400	0	24850		
0899_relaxng_c_6340_sailor-cpp-cwe-674-uncontrolled-recursion	LLM_FP	FP	stack-overflow	relaxng.c	6340		CWE-400	0	24850		
0900_relaxng_c_6374_sailor-cpp-cwe-674-uncontrolled-recursion	LLM_FP	FP	stack-overflow	relaxng.c	6374		CWE-400	0	24850		
0901_relaxng_c_6377_sailor-cpp-cwe-674-uncontrolled-recursion	LLM_FP	FP	stack-overflow	relaxng.c	6377		CWE-400	0	24850		
0902_relaxng_c_5865_sailor-cpp-cwe-674-uncontrolled-recursion	LLM_FP	FP	stack-overflow	relaxng.c	5865		CWE-400	0	24850		
0903_relaxng_c_5914_sailor-cpp-cwe-674-uncontrolled-recursion	LLM_FP	FP	stack-overflow	relaxng.c	5914		CWE-400	0	24850		
0904_relaxng_c_5916_sailor-cpp-cwe-674-uncontrolled-recursion	LLM_FP	FP	stack-overflow	relaxng.c	5916		CWE-400	0	24850		
0905_relaxng_c_5918_sailor-cpp-cwe-674-uncontrolled-recursion	LLM_FP	FP	stack-overflow	relaxng.c	5918		CWE-400	0	24850		
0906_relaxng_c_5480_sailor-cpp-cwe-674-uncontrolled-recursion	LLM_FP	FP	stack-overflow	relaxng.c	5480		CWE-400	0	24850		
0907_relaxng_c_5375_sailor-cpp-cwe-674-uncontrolled-recursion	LLM_FP	FP	stack-overflow	relaxng.c	5375		CWE-400	0	24850		
0908_relaxng_c_5269_sailor-cpp-cwe-674-uncontrolled-recursion	LLM_FP	FP	stack-overflow	relaxng.c	5269		CWE-400	0	24850		
0909_relaxng_c_5150_sailor-cpp-cwe-674-uncontrolled-recursion	LLM_FP	FP	stack-overflow	relaxng.c	5150		CWE-400	0	24850		
0910_relaxng_c_5171_sailor-cpp-cwe-674-uncontrolled-recursion	LLM_FP	FP	stack-overflow	relaxng.c	5171		CWE-400	0	24850		
0911_relaxng_c_5196_sailor-cpp-cwe-674-uncontrolled-recursion	LLM_FP	FP	stack-overflow	relaxng.c	5196		CWE-400	0	24850		
0912_relaxng_c_5071_sailor-cpp-cwe-674-uncontrolled-recursion	LLM_FP	FP	stack-overflow	relaxng.c	5071		CWE-400	0	24850		
0913_relaxng_c_4978_sailor-cpp-cwe-674-uncontrolled-recursion	LLM_FP	FP	stack-overflow	relaxng.c	4978		CWE-400	0	24850		
0914_relaxng_c_4668_sailor-cpp-cwe-674-uncontrolled-recursion	LLM_FP	FP	stack-overflow	relaxng.c	4668		CWE-400	0	24850		
0915_relaxng_c_4670_sailor-cpp-cwe-674-uncontrolled-recursion	LLM_FP	FP	stack-overflow	relaxng.c	4670		CWE-400	0	24850		
0916_relaxng_c_4699_sailor-cpp-cwe-674-uncontrolled-recursion	LLM_FP	FP	stack-overflow	relaxng.c	4699		CWE-400	0	24850		
0917_relaxng_c_4711_sailor-cpp-cwe-674-uncontrolled-recursion	LLM_FP	FP	stack-overflow	relaxng.c	4711		CWE-400	0	24850		
0918_relaxng_c_4723_sailor-cpp-cwe-674-uncontrolled-recursion	LLM_FP	FP	stack-overflow	relaxng.c	4723		CWE-400	0	24850		
0919_relaxng_c_4736_sailor-cpp-cwe-674-uncontrolled-recursion	LLM_FP	FP	stack-overflow	relaxng.c	4736		CWE-400	0	24850		
0920_relaxng_c_4748_sailor-cpp-cwe-674-uncontrolled-recursion	LLM_FP	FP	stack-overflow	relaxng.c	4748		CWE-400	0	24850		
0921_relaxng_c_4804_sailor-cpp-cwe-674-uncontrolled-recursion	LLM_FP	FP	stack-overflow	relaxng.c	4804		CWE-400	0	24850		
0922_relaxng_c_4817_sailor-cpp-cwe-674-uncontrolled-recursion	LLM_FP	FP	stack-overflow	relaxng.c	4817		CWE-400	0	24850		
0923_relaxng_c_4820_sailor-cpp-cwe-674-uncontrolled-recursion	LLM_FP	FP	stack-overflow	relaxng.c	4820		CWE-400	0	24850		
0924_relaxng_c_4915_sailor-cpp-cwe-674-uncontrolled-recursion	LLM_FP	FP	stack-overflow	relaxng.c	4915		CWE-400	0	24850		
0925_relaxng_c_4422_sailor-cpp-cwe-674-uncontrolled-recursion	LLM_FP	FP		relaxng.c	4422		CWE-400	0	24850		
0926_relaxng_c_4427_sailor-cpp-cwe-674-uncontrolled-recursion	LLM_FP	FP		relaxng.c	4427		CWE-400	0	24850		
0927_relaxng_c_4369_sailor-cpp-cwe-674-uncontrolled-recursion	LLM_FP	FP		relaxng.c	4369		CWE-400	0	24850		
0930_relaxng_c_3677_sailor-cpp-cwe-674-uncontrolled-recursion	LLM_FP	FP		relaxng.c	3677		CWE-400	0	24850		
0931_relaxng_c_3689_sailor-cpp-cwe-674-uncontrolled-recursion	LLM_FP	FP		relaxng.c	3689		CWE-400	0	24850		
0932_relaxng_c_3719_sailor-cpp-cwe-674-uncontrolled-recursion	LLM_FP	FP		relaxng.c	3719		CWE-400	0	24850		
0933_relaxng_c_3607_sailor-cpp-cwe-674-uncontrolled-recursion	LLM_FP	FP		relaxng.c	3607		CWE-400	0	24850		
0935_relaxng_c_3266_sailor-cpp-cwe-674-uncontrolled-recursion	LLM_FP	FP		relaxng.c	3266		CWE-400	0	24850		
0936_relaxng_c_3282_sailor-cpp-cwe-674-uncontrolled-recursion	LLM_FP	FP		relaxng.c	3282		CWE-400	0	24850		
0937_relaxng_c_3296_sailor-cpp-cwe-674-uncontrolled-recursion	LLM_FP	FP		relaxng.c	3296		CWE-400	0	24850		
0943_relaxng_c_1533_sailor-cpp-cwe-674-uncontrolled-recursion	LLM_FP	FP		relaxng.c	1533		CWE-400	0	24850		
0944_relaxng_c_1540_sailor-cpp-cwe-674-uncontrolled-recursion	LLM_FP	FP		relaxng.c	1540		CWE-400	0	24850		
0955_relaxng_c_807_sailor-cpp-cwe-674-uncontrolled-recursion	LLM_FP	FP		relaxng.c	807		CWE-400	0	24850		
0956_relaxng_c_810_sailor-cpp-cwe-674-uncontrolled-recursion	LLM_FP	FP		relaxng.c	810		CWE-400	0	24850		
1053_relaxng_c_6661_sailor-cpp-CWE-416-DirectFreeArgUseFast	LLM_FP	FP		relaxng.c	6661		CWE-416	0	24850		
1054_relaxng_c_6663_sailor-cpp-CWE-416-DirectFreeArgUseFast	LLM_FP	FP		relaxng.c	6663		CWE-416	0	24850		
1055_relaxng_c_6672_sailor-cpp-CWE-416-DirectFreeArgUseFast	LLM_FP	FP		relaxng.c	6672		CWE-416	0	24850		
1056_relaxng_c_6676_sailor-cpp-CWE-416-DirectFreeArgUseFast	LLM_FP	FP		relaxng.c	6676		CWE-416	0	24850		
1131_relaxng_c_760_sailor-cpp-CWE-416-DirectFreeArgUseFast	REPRODUCER_BUILD_FAIL	REPRODUCER_BUILD_FAIL	double-free	relaxng.c	760		CWE-416	0	24850		
1132_relaxng_c_762_sailor-cpp-CWE-416-DirectFreeArgUseFast	REPRODUCER_BUILD_FAIL	REPRODUCER_BUILD_FAIL	double-free	relaxng.c	762		CWE-416	0	24850		
1133_relaxng_c_767_sailor-cpp-CWE-416-DirectFreeArgUseFast	REPRODUCER_BUILD_FAIL	REPRODUCER_BUILD_FAIL	double-free	relaxng.c	767		CWE-416	0	24850		
1207_relaxng_c_7437_sailor-cpp-uaf-free-then-return-intra.min	LLM_FP	FP		relaxng.c	7437		CWE-416	0	24850		
1208_relaxng_c_6547_sailor-cpp-uaf-free-then-return-intra.min	LLM_FP	FP		relaxng.c	6547		CWE-416	0	24850		
1395_relaxng_c_4199_sailor-kernel-lifecycle-mismatch	LLM_FP	FP		relaxng.c	4199		CWE-416	0	24850		
1396_relaxng_c_4202_sailor-kernel-lifecycle-mismatch	LLM_FP	FP		relaxng.c	4202		CWE-416	0	24850		
1397_relaxng_c_4209_sailor-kernel-lifecycle-mismatch	LLM_FP	FP		relaxng.c	4209		CWE-416	0	24850		
1398_relaxng_c_4221_sailor-kernel-lifecycle-mismatch	LLM_FP	FP		relaxng.c	4221		CWE-416	0	24850		
1399_relaxng_c_4243_sailor-kernel-lifecycle-mismatch	LLM_FP	FP		relaxng.c	4243		CWE-416	0	24850		
1400_relaxng_c_4250_sailor-kernel-lifecycle-mismatch	LLM_FP	FP		relaxng.c	4250		CWE-416	0	24850		
1410_relaxng_c_4285_sailor-kernel-lifecycle-mismatch	LLM_FP	FP		relaxng.c	4285		CWE-416	0	24850		
0107_xmlsave_c_140_local-cpp-cwe-120-overflow	LLM_FP	FP		xmlsave.c	140		CWE-120	0	24850		
0777_xmlsave_c_140_local-cpp-cwe-787-oob-write	LLM_FP	FP		xmlsave.c	140		CWE-787	0	24850		
0800_xmlsave_c_140_local-cpp-cwe-823-pointer-offset	LLM_FP	FP		xmlsave.c	140		CWE-823	0	24850		
0938_xmlsave_c_1320_sailor-cpp-cwe-674-uncontrolled-recursion	LLM_FP	FP		xmlsave.c	1320		CWE-400	0	24850		
0939_xmlsave_c_1323_sailor-cpp-cwe-674-uncontrolled-recursion	LLM_FP	FP		xmlsave.c	1323		CWE-400	0	24850		
0941_xmlsave_c_867_sailor-cpp-cwe-674-uncontrolled-recursion	LLM_FP	FP		xmlsave.c	867		CWE-400	0	24850		
1219_xmlsave_c_1943_sailor-cpp-uaf-free-then-return-intra.min	LLM_FP	FP		xmlsave.c	1943		CWE-416	0	24850		
1220_xmlsave_c_1908_sailor-cpp-uaf-free-then-return-intra.min	LLM_FP	FP		xmlsave.c	1908		CWE-416	0	24850		
1221_xmlsave_c_1876_sailor-cpp-uaf-free-then-return-intra.min	LLM_FP	FP		xmlsave.c	1876		CWE-416	0	24850		
1223_xmlsave_c_1843_sailor-cpp-uaf-free-then-return-intra.min	LLM_FP	FP		xmlsave.c	1843		CWE-416	0	24850		
1233_xmlsave_c_216_sailor-cpp-uaf-free-then-return-intra.min	LLM_FP	FP		xmlsave.c	216		CWE-416	0	24850		
1435_xmlsave_c_1493_sailor-kernel-lifecycle-mismatch	LLM_FP	FP		xmlsave.c	1493		CWE-416	0	24850		
1436_xmlsave_c_1501_sailor-kernel-lifecycle-mismatch	LLM_FP	FP		xmlsave.c	1501		CWE-416	0	24850		
1437_xmlsave_c_1519_sailor-kernel-lifecycle-mismatch	LLM_FP	FP		xmlsave.c	1519		CWE-416	0	24850		
1438_xmlsave_c_1519_sailor-kernel-lifecycle-mismatch	LLM_FP	FP		xmlsave.c	1519		CWE-416	0	24850		
1439_xmlsave_c_1521_sailor-kernel-lifecycle-mismatch	LLM_FP	FP		xmlsave.c	1521		CWE-416	0	24850		
1440_xmlsave_c_1549_sailor-kernel-lifecycle-mismatch	LLM_FP	FP		xmlsave.c	1549		CWE-416	0	24850		
1441_xmlsave_c_1549_sailor-kernel-lifecycle-mismatch	LLM_FP	FP		xmlsave.c	1549		CWE-416	0	24850		
1442_xmlsave_c_1555_sailor-kernel-lifecycle-mismatch	LLM_FP	FP		xmlsave.c	1555		CWE-416	0	24850		
1443_xmlsave_c_1555_sailor-kernel-lifecycle-mismatch	LLM_FP	FP		xmlsave.c	1555		CWE-416	0	24850		
1444_xmlsave_c_1556_sailor-kernel-lifecycle-mismatch	LLM_FP	FP		xmlsave.c	1556		CWE-416	0	24850		
1445_xmlsave_c_1561_sailor-kernel-lifecycle-mismatch	LLM_FP	FP		xmlsave.c	1561		CWE-416	0	24850		
1446_xmlsave_c_1562_sailor-kernel-lifecycle-mismatch	LLM_FP	FP		xmlsave.c	1562		CWE-416	0	24850		
1449_xmlsave_c_1564_sailor-kernel-lifecycle-mismatch	LLM_FP	FP		xmlsave.c	1564		CWE-416	0	24850		
1450_xmlsave_c_1564_sailor-kernel-lifecycle-mismatch	LLM_FP	FP		xmlsave.c	1564		CWE-416	0	24850		
1451_xmlsave_c_1571_sailor-kernel-lifecycle-mismatch	LLM_FP	FP		xmlsave.c	1571		CWE-416	0	24850		
1452_xmlsave_c_1572_sailor-kernel-lifecycle-mismatch	LLM_FP	FP		xmlsave.c	1572		CWE-416	0	24850		
1453_xmlsave_c_1575_sailor-kernel-lifecycle-mismatch	LLM_FP	FP		xmlsave.c	1575		CWE-416	0	24850		
1454_xmlsave_c_1575_sailor-kernel-lifecycle-mismatch	LLM_FP	FP		xmlsave.c	1575		CWE-416	0	24850		
1455_xmlsave_c_1579_sailor-kernel-lifecycle-mismatch	LLM_FP	FP		xmlsave.c	1579		CWE-416	0	24850		
1456_xmlsave_c_1598_sailor-kernel-lifecycle-mismatch	LLM_FP	FP		xmlsave.c	1598		CWE-416	0	24850		
1457_xmlsave_c_1604_sailor-kernel-lifecycle-mismatch	LLM_FP	FP		xmlsave.c	1604		CWE-416	0	24850		
1458_xmlsave_c_1605_sailor-kernel-lifecycle-mismatch	LLM_FP	FP		xmlsave.c	1605		CWE-416	0	24850		
1459_xmlsave_c_1605_sailor-kernel-lifecycle-mismatch	LLM_FP	FP		xmlsave.c	1605		CWE-416	0	24850		
1466_xmlsave_c_1637_sailor-kernel-lifecycle-mismatch	LLM_FP	FP		xmlsave.c	1637		CWE-416	0	24850		
1467_xmlsave_c_1637_sailor-kernel-lifecycle-mismatch	LLM_FP	FP		xmlsave.c	1637		CWE-416	0	24850		
1468_xmlsave_c_1639_sailor-kernel-lifecycle-mismatch	LLM_FP	FP		xmlsave.c	1639		CWE-416	0	24850		
1472_xmlsave_c_1665_sailor-kernel-lifecycle-mismatch	LLM_FP	FP		xmlsave.c	1665		CWE-416	0	24850		
1473_xmlsave_c_1673_sailor-kernel-lifecycle-mismatch	LLM_FP	FP		xmlsave.c	1673		CWE-416	0	24850		
1476_xmlsave_c_1680_sailor-kernel-lifecycle-mismatch	LLM_FP	FP		xmlsave.c	1680		CWE-416	0	24850		
1478_xmlsave_c_1773_sailor-kernel-lifecycle-mismatch	LLM_FP	FP		xmlsave.c	1773		CWE-416	0	24850		
1479_xmlsave_c_1774_sailor-kernel-lifecycle-mismatch	LLM_FP	FP		xmlsave.c	1774		CWE-416	0	24850		
1480_xmlsave_c_1780_sailor-kernel-lifecycle-mismatch	LLM_FP	FP		xmlsave.c	1780		CWE-416	0	24850		
1481_xmlsave_c_1788_sailor-kernel-lifecycle-mismatch	LLM_FP	FP		xmlsave.c	1788		CWE-416	0	24850		
1482_xmlsave_c_1788_sailor-kernel-lifecycle-mismatch	LLM_FP	FP		xmlsave.c	1788		CWE-416	0	24850		
1483_xmlsave_c_1790_sailor-kernel-lifecycle-mismatch	LLM_FP	FP		xmlsave.c	1790		CWE-416	0	24850		
1485_xmlsave_c_1430_sailor-kernel-lifecycle-mismatch	LLM_FP	FP		xmlsave.c	1430		CWE-416	0	24850		
1486_xmlsave_c_1431_sailor-kernel-lifecycle-mismatch	LLM_FP	FP		xmlsave.c	1431		CWE-416	0	24850		
1487_xmlsave_c_1433_sailor-kernel-lifecycle-mismatch	LLM_FP	FP		xmlsave.c	1433		CWE-416	0	24850		
1488_xmlsave_c_1436_sailor-kernel-lifecycle-mismatch	LLM_FP	FP		xmlsave.c	1436		CWE-416	0	24850		
1489_xmlsave_c_1439_sailor-kernel-lifecycle-mismatch	LLM_FP	FP		xmlsave.c	1439		CWE-416	0	24850		
1490_xmlsave_c_1442_sailor-kernel-lifecycle-mismatch	LLM_FP	FP		xmlsave.c	1442		CWE-416	0	24850		
1491_xmlsave_c_1443_sailor-kernel-lifecycle-mismatch	LLM_FP	FP		xmlsave.c	1443		CWE-416	0	24850		
1492_xmlsave_c_1446_sailor-kernel-lifecycle-mismatch	LLM_FP	FP		xmlsave.c	1446		CWE-416	0	24850		
1522_xmlsave_c_969_sailor-kernel-lifecycle-mismatch	LLM_FP	FP		xmlsave.c	969		CWE-416	0	24850		
1523_xmlsave_c_972_sailor-kernel-lifecycle-mismatch	LLM_FP	FP		xmlsave.c	972		CWE-416	0	24850		
1524_xmlsave_c_986_sailor-kernel-lifecycle-mismatch	LLM_FP	FP		xmlsave.c	986		CWE-416	0	24850		
1525_xmlsave_c_986_sailor-kernel-lifecycle-mismatch	LLM_FP	FP		xmlsave.c	986		CWE-416	0	24850		
1526_xmlsave_c_988_sailor-kernel-lifecycle-mismatch	LLM_FP	FP		xmlsave.c	988		CWE-416	0	24850		
1527_xmlsave_c_1014_sailor-kernel-lifecycle-mismatch	LLM_FP	FP		xmlsave.c	1014		CWE-416	0	24850		
1528_xmlsave_c_1014_sailor-kernel-lifecycle-mismatch	LLM_FP	FP		xmlsave.c	1014		CWE-416	0	24850		
1529_xmlsave_c_1020_sailor-kernel-lifecycle-mismatch	LLM_FP	FP		xmlsave.c	1020		CWE-416	0	24850		
1530_xmlsave_c_1020_sailor-kernel-lifecycle-mismatch	LLM_FP	FP		xmlsave.c	1020		CWE-416	0	24850		
1531_xmlsave_c_1021_sailor-kernel-lifecycle-mismatch	LLM_FP	FP		xmlsave.c	1021		CWE-416	0	24850		
1532_xmlsave_c_1025_sailor-kernel-lifecycle-mismatch	LLM_FP	FP		xmlsave.c	1025		CWE-416	0	24850		
1533_xmlsave_c_1026_sailor-kernel-lifecycle-mismatch	LLM_FP	FP		xmlsave.c	1026		CWE-416	0	24850		
1534_xmlsave_c_1027_sailor-kernel-lifecycle-mismatch	LLM_FP	FP		xmlsave.c	1027		CWE-416	0	24850		
1535_xmlsave_c_1027_sailor-kernel-lifecycle-mismatch	LLM_FP	FP		xmlsave.c	1027		CWE-416	0	24850		
1536_xmlsave_c_1030_sailor-kernel-lifecycle-mismatch	LLM_FP	FP		xmlsave.c	1030		CWE-416	0	24850		
1537_xmlsave_c_1039_sailor-kernel-lifecycle-mismatch	LLM_FP	FP		xmlsave.c	1039		CWE-416	0	24850		
1538_xmlsave_c_1039_sailor-kernel-lifecycle-mismatch	LLM_FP	FP		xmlsave.c	1039		CWE-416	0	24850		
1539_xmlsave_c_1041_sailor-kernel-lifecycle-mismatch	LLM_FP	FP		xmlsave.c	1041		CWE-416	0	24850		
1540_xmlsave_c_1051_sailor-kernel-lifecycle-mismatch	LLM_FP	FP		xmlsave.c	1051		CWE-416	0	24850		
1541_xmlsave_c_1060_sailor-kernel-lifecycle-mismatch	LLM_FP	FP		xmlsave.c	1060		CWE-416	0	24850		
1542_xmlsave_c_1069_sailor-kernel-lifecycle-mismatch	LLM_FP	FP		xmlsave.c	1069		CWE-416	0	24850		
1543_xmlsave_c_1182_sailor-kernel-lifecycle-mismatch	LLM_FP	FP		xmlsave.c	1182		CWE-416	0	24850		
1544_xmlsave_c_1183_sailor-kernel-lifecycle-mismatch	LLM_FP	FP		xmlsave.c	1183		CWE-416	0	24850		
1545_xmlsave_c_1189_sailor-kernel-lifecycle-mismatch	LLM_FP	FP		xmlsave.c	1189		CWE-416	0	24850		
1546_xmlsave_c_1197_sailor-kernel-lifecycle-mismatch	LLM_FP	FP		xmlsave.c	1197		CWE-416	0	24850		
1547_xmlsave_c_1197_sailor-kernel-lifecycle-mismatch	LLM_FP	FP		xmlsave.c	1197		CWE-416	0	24850		
1548_xmlsave_c_1199_sailor-kernel-lifecycle-mismatch	LLM_FP	FP		xmlsave.c	1199		CWE-416	0	24850		
1549_xmlsave_c_930_sailor-kernel-lifecycle-mismatch	LLM_FP	FP		xmlsave.c	930		CWE-416	0	24850		
1550_xmlsave_c_931_sailor-kernel-lifecycle-mismatch	LLM_FP	FP		xmlsave.c	931		CWE-416	0	24850		
1551_xmlsave_c_944_sailor-kernel-lifecycle-mismatch	LLM_FP	FP		xmlsave.c	944		CWE-416	0	24850		
1552_xmlsave_c_885_sailor-kernel-lifecycle-mismatch	LLM_FP	FP		xmlsave.c	885		CWE-416	0	24850		
1553_xmlsave_c_891_sailor-kernel-lifecycle-mismatch	LLM_FP	FP		xmlsave.c	891		CWE-416	0	24850		
1554_xmlsave_c_891_sailor-kernel-lifecycle-mismatch	LLM_FP	FP		xmlsave.c	891		CWE-416	0	24850		
1555_xmlsave_c_892_sailor-kernel-lifecycle-mismatch	LLM_FP	FP		xmlsave.c	892		CWE-416	0	24850		
1556_xmlsave_c_899_sailor-kernel-lifecycle-mismatch	LLM_FP	FP		xmlsave.c	899		CWE-416	0	24850		
1557_xmlsave_c_900_sailor-kernel-lifecycle-mismatch	LLM_FP	FP		xmlsave.c	900		CWE-416	0	24850		
1558_xmlsave_c_901_sailor-kernel-lifecycle-mismatch	LLM_FP	FP		xmlsave.c	901		CWE-416	0	24850		
1559_xmlsave_c_902_sailor-kernel-lifecycle-mismatch	LLM_FP	FP		xmlsave.c	902		CWE-416	0	24850		
1560_xmlsave_c_833_sailor-kernel-lifecycle-mismatch	LLM_FP	FP		xmlsave.c	833		CWE-416	0	24850		
1561_xmlsave_c_835_sailor-kernel-lifecycle-mismatch	LLM_FP	FP		xmlsave.c	835		CWE-416	0	24850		
1562_xmlsave_c_858_sailor-kernel-lifecycle-mismatch	LLM_FP	FP		xmlsave.c	858		CWE-416	0	24850		
1563_xmlsave_c_859_sailor-kernel-lifecycle-mismatch	LLM_FP	FP		xmlsave.c	859		CWE-416	0	24850		
1564_xmlsave_c_859_sailor-kernel-lifecycle-mismatch	LLM_FP	FP		xmlsave.c	859		CWE-416	0	24850		
1565_xmlsave_c_866_sailor-kernel-lifecycle-mismatch	LLM_FP	FP		xmlsave.c	866		CWE-416	0	24850		
1566_xmlsave_c_866_sailor-kernel-lifecycle-mismatch	LLM_FP	FP		xmlsave.c	866		CWE-416	0	24850		
1567_xmlsave_c_816_sailor-kernel-lifecycle-mismatch	LLM_FP	FP		xmlsave.c	816		CWE-416	0	24850		
1568_xmlsave_c_801_sailor-kernel-lifecycle-mismatch	LLM_FP	FP		xmlsave.c	801		CWE-416	0	24850		
1569_xmlsave_c_802_sailor-kernel-lifecycle-mismatch	LLM_FP	FP		xmlsave.c	802		CWE-416	0	24850		
1570_xmlsave_c_741_sailor-kernel-lifecycle-mismatch	LLM_FP	FP		xmlsave.c	741		CWE-416	0	24850		
1571_xmlsave_c_743_sailor-kernel-lifecycle-mismatch	LLM_FP	FP		xmlsave.c	743		CWE-416	0	24850		
1572_xmlsave_c_745_sailor-kernel-lifecycle-mismatch	LLM_FP	FP		xmlsave.c	745		CWE-416	0	24850		
0527_valid_c_4940_local-cpp-cwe-125-cursor-lookahead-missing-bytes-check	LLM_FP	FP		valid.c	4940		CWE-125	0	24850		
0607_valid_c_631_local-cpp-cwe-125-cursor-lookahead-missing-bytes-check	REPRODUCER_BUILD_FAIL	REPRODUCER_BUILD_FAIL	stack-buffer-underflow	valid.c	631		CWE-125	0	24850		
0614_valid_c_379_local-cpp-cwe-125-cursor-lookahead-missing-bytes-check	LLM_FP	FP		valid.c	379		CWE-125	0	24850		
0615_valid_c_385_local-cpp-cwe-125-cursor-lookahead-missing-bytes-check	LLM_FP	FP		valid.c	385		CWE-125	0	24850		
0617_valid_c_221_local-cpp-cwe-125-cursor-lookahead-missing-bytes-check	LLM_FP	FP		valid.c	221		CWE-125	0	24850		
0618_valid_c_227_local-cpp-cwe-125-cursor-lookahead-missing-bytes-check	LLM_FP	FP		valid.c	227		CWE-125	0	24850		
0945_valid_c_1008_sailor-cpp-cwe-674-uncontrolled-recursion	LLM_FP	FP		valid.c	1008		CWE-400	0	24850		
0946_valid_c_1010_sailor-cpp-cwe-674-uncontrolled-recursion	LLM_FP	FP		valid.c	1010		CWE-400	0	24850		
0947_valid_c_1021_sailor-cpp-cwe-674-uncontrolled-recursion	LLM_FP	FP		valid.c	1021		CWE-400	0	24850		
0948_valid_c_1023_sailor-cpp-cwe-674-uncontrolled-recursion	LLM_FP	FP		valid.c	1023		CWE-400	0	24850		
0949_valid_c_1028_sailor-cpp-cwe-674-uncontrolled-recursion	LLM_FP	FP		valid.c	1028		CWE-400	0	24850		
0950_valid_c_1030_sailor-cpp-cwe-674-uncontrolled-recursion	LLM_FP	FP		valid.c	1030		CWE-400	0	24850		
0951_valid_c_1041_sailor-cpp-cwe-674-uncontrolled-recursion	LLM_FP	FP		valid.c	1041		CWE-400	0	24850		
0952_valid_c_1043_sailor-cpp-cwe-674-uncontrolled-recursion	LLM_FP	FP		valid.c	1043		CWE-400	0	24850		
0953_valid_c_811_sailor-cpp-cwe-674-uncontrolled-recursion	LLM_FP	FP		valid.c	811		CWE-400	0	24850		
0954_valid_c_846_sailor-cpp-cwe-674-uncontrolled-recursion	LLM_FP	FP		valid.c	846		CWE-400	0	24850		
0958_valid_c_507_sailor-cpp-cwe-674-uncontrolled-recursion	LLM_FP	FP		valid.c	507		CWE-400	0	24850		
0959_valid_c_512_sailor-cpp-cwe-674-uncontrolled-recursion	LLM_FP	FP		valid.c	512		CWE-400	0	24850		
0961_valid_c_551_sailor-cpp-cwe-674-uncontrolled-recursion	LLM_FP	FP		valid.c	551		CWE-400	0	24850		
0962_valid_c_558_sailor-cpp-cwe-674-uncontrolled-recursion	LLM_FP	FP		valid.c	558		CWE-400	0	24850		
1061_valid_c_6068_sailor-cpp-CWE-416-DirectFreeArgUseFast	LLM_FP	FP		valid.c	6068		CWE-416	0	24850		
1062_valid_c_6072_sailor-cpp-CWE-416-DirectFreeArgUseFast	LLM_FP	FP		valid.c	6072		CWE-416	0	24850		
1063_valid_c_6074_sailor-cpp-CWE-416-DirectFreeArgUseFast	LLM_FP	FP		valid.c	6074		CWE-416	0	24850		
1064_valid_c_6075_sailor-cpp-CWE-416-DirectFreeArgUseFast	LLM_FP	FP		valid.c	6075		CWE-416	0	24850		
1065_valid_c_6076_sailor-cpp-CWE-416-DirectFreeArgUseFast	LLM_FP	FP		valid.c	6076		CWE-416	0	24850		
1066_valid_c_6082_sailor-cpp-CWE-416-DirectFreeArgUseFast	LLM_FP	FP		valid.c	6082		CWE-416	0	24850		
1067_valid_c_6086_sailor-cpp-CWE-416-DirectFreeArgUseFast	LLM_FP	FP		valid.c	6086		CWE-416	0	24850		
1180_valid_c_2615_sailor-cpp-uaf-lookup-remove-use-intra	LLM_FP	FP		valid.c	2615		CWE-416	0	24850		
1191_valid_c_1164_sailor-cpp-uaf-lookup-remove-use-intra	LLM_FP	FP		valid.c	1164		CWE-416	0	24850		
1237_valid_c_1994_sailor-cpp-uaf-free-then-return-intra.min	LLM_FP	FP		valid.c	1994		CWE-416	0	24850		
1238_valid_c_1740_sailor-cpp-uaf-free-then-return-intra.min	LLM_FP	FP		valid.c	1740		CWE-416	0	24850		
1239_valid_c_1481_sailor-cpp-uaf-free-then-return-intra.min	LLM_FP	FP		valid.c	1481		CWE-416	0	24850		
1240_valid_c_1262_sailor-cpp-uaf-free-then-return-intra.min	LLM_FP	FP		valid.c	1262		CWE-416	0	24850		
1323_valid_c_2506_sailor-wmi-2-type-confusion-leak	LLM_FP	FP		valid.c	2506		CWE-125	0	24850		
1324_valid_c_2507_sailor-wmi-2-type-confusion-leak	LLM_FP	FP		valid.c	2507		CWE-125	0	24850		
1325_valid_c_2508_sailor-wmi-2-type-confusion-leak	LLM_FP	FP		valid.c	2508		CWE-125	0	24850		
1573_valid_c_620_sailor-kernel-lifecycle-mismatch	LLM_FP	FP		valid.c	620		CWE-416	0	24850		
1574_valid_c_621_sailor-kernel-lifecycle-mismatch	LLM_FP	FP		valid.c	621		CWE-416	0	24850		
1575_valid_c_623_sailor-kernel-lifecycle-mismatch	LLM_FP	FP		valid.c	623		CWE-416	0	24850		
1576_valid_c_632_sailor-kernel-lifecycle-mismatch	LLM_FP	FP		valid.c	632		CWE-416	0	24850		
1577_valid_c_644_sailor-kernel-lifecycle-mismatch	LLM_FP	FP		valid.c	644		CWE-416	0	24850		
1578_valid_c_456_sailor-kernel-lifecycle-mismatch	LLM_FP	FP		valid.c	456		CWE-416	0	24850		
1579_valid_c_468_sailor-kernel-lifecycle-mismatch	LLM_FP	FP		valid.c	468		CWE-416	0	24850		
1580_valid_c_468_sailor-kernel-lifecycle-mismatch	LLM_FP	FP		valid.c	468		CWE-416	0	24850		
1581_valid_c_469_sailor-kernel-lifecycle-mismatch	LLM_FP	FP		valid.c	469		CWE-416	0	24850		
1582_valid_c_472_sailor-kernel-lifecycle-mismatch	LLM_FP	FP		valid.c	472		CWE-416	0	24850		
1583_valid_c_472_sailor-kernel-lifecycle-mismatch	LLM_FP	FP		valid.c	472		CWE-416	0	24850		
1584_valid_c_473_sailor-kernel-lifecycle-mismatch	LLM_FP	FP		valid.c	473		CWE-416	0	24850		
1585_valid_c_474_sailor-kernel-lifecycle-mismatch	LLM_FP	FP		valid.c	474		CWE-416	0	24850		
1586_valid_c_474_sailor-kernel-lifecycle-mismatch	LLM_FP	FP		valid.c	474		CWE-416	0	24850		
1587_valid_c_477_sailor-kernel-lifecycle-mismatch	LLM_FP	FP		valid.c	477		CWE-416	0	24850		
1588_valid_c_477_sailor-kernel-lifecycle-mismatch	LLM_FP	FP		valid.c	477		CWE-416	0	24850		
1589_valid_c_478_sailor-kernel-lifecycle-mismatch	LLM_FP	FP		valid.c	478		CWE-416	0	24850		
1590_valid_c_479_sailor-kernel-lifecycle-mismatch	LLM_FP	FP		valid.c	479		CWE-416	0	24850		
1591_valid_c_479_sailor-kernel-lifecycle-mismatch	LLM_FP	FP		valid.c	479		CWE-416	0	24850		
1592_valid_c_480_sailor-kernel-lifecycle-mismatch	LLM_FP	FP		valid.c	480		CWE-416	0	24850		
1593_valid_c_483_sailor-kernel-lifecycle-mismatch	LLM_FP	FP		valid.c	483		CWE-416	0	24850		
1594_valid_c_483_sailor-kernel-lifecycle-mismatch	LLM_FP	FP		valid.c	483		CWE-416	0	24850		
1595_valid_c_484_sailor-kernel-lifecycle-mismatch	LLM_FP	FP		valid.c	484		CWE-416	0	24850		
1596_valid_c_485_sailor-kernel-lifecycle-mismatch	LLM_FP	FP		valid.c	485		CWE-416	0	24850		
1597_valid_c_486_sailor-kernel-lifecycle-mismatch	LLM_FP	FP		valid.c	486		CWE-416	0	24850		
1598_valid_c_486_sailor-kernel-lifecycle-mismatch	LLM_FP	FP		valid.c	486		CWE-416	0	24850		
1599_valid_c_500_sailor-kernel-lifecycle-mismatch	LLM_FP	FP		valid.c	500		CWE-416	0	24850		
1600_valid_c_503_sailor-kernel-lifecycle-mismatch	LLM_FP	FP		valid.c	503		CWE-416	0	24850		
1601_valid_c_503_sailor-kernel-lifecycle-mismatch	LLM_FP	FP		valid.c	503		CWE-416	0	24850		
1602_valid_c_504_sailor-kernel-lifecycle-mismatch	LLM_FP	FP		valid.c	504		CWE-416	0	24850		
1603_valid_c_507_sailor-kernel-lifecycle-mismatch	LLM_FP	FP		valid.c	507		CWE-416	0	24850		
1604_valid_c_509_sailor-kernel-lifecycle-mismatch	LLM_FP	FP		valid.c	509		CWE-416	0	24850		
1605_valid_c_514_sailor-kernel-lifecycle-mismatch	LLM_FP	FP		valid.c	514		CWE-416	0	24850		
1606_valid_c_515_sailor-kernel-lifecycle-mismatch	LLM_FP	FP		valid.c	515		CWE-416	0	24850		
1607_valid_c_515_sailor-kernel-lifecycle-mismatch	LLM_FP	FP		valid.c	515		CWE-416	0	24850		
1608_valid_c_520_sailor-kernel-lifecycle-mismatch	LLM_FP	FP		valid.c	520		CWE-416	0	24850		
1609_valid_c_520_sailor-kernel-lifecycle-mismatch	LLM_FP	FP		valid.c	520		CWE-416	0	24850		
1610_valid_c_523_sailor-kernel-lifecycle-mismatch	LLM_FP	FP		valid.c	523		CWE-416	0	24850		
1611_valid_c_523_sailor-kernel-lifecycle-mismatch	LLM_FP	FP		valid.c	523		CWE-416	0	24850		
1612_valid_c_524_sailor-kernel-lifecycle-mismatch	LLM_FP	FP		valid.c	524		CWE-416	0	24850		
1613_valid_c_527_sailor-kernel-lifecycle-mismatch	LLM_FP	FP		valid.c	527		CWE-416	0	24850		
1614_valid_c_539_sailor-kernel-lifecycle-mismatch	LLM_FP	FP		valid.c	539		CWE-416	0	24850		
1615_valid_c_539_sailor-kernel-lifecycle-mismatch	LLM_FP	FP		valid.c	539		CWE-416	0	24850		
1616_valid_c_540_sailor-kernel-lifecycle-mismatch	LLM_FP	FP		valid.c	540		CWE-416	0	24850		
1617_valid_c_542_sailor-kernel-lifecycle-mismatch	LLM_FP	FP		valid.c	542		CWE-416	0	24850		
1618_valid_c_543_sailor-kernel-lifecycle-mismatch	LLM_FP	FP		valid.c	543		CWE-416	0	24850		
1619_valid_c_550_sailor-kernel-lifecycle-mismatch	LLM_FP	FP		valid.c	550		CWE-416	0	24850		
1620_valid_c_551_sailor-kernel-lifecycle-mismatch	LLM_FP	FP		valid.c	551		CWE-416	0	24850		
1621_valid_c_553_sailor-kernel-lifecycle-mismatch	LLM_FP	FP		valid.c	553		CWE-416	0	24850		
1622_valid_c_553_sailor-kernel-lifecycle-mismatch	LLM_FP	FP		valid.c	553		CWE-416	0	24850		
1623_valid_c_554_sailor-kernel-lifecycle-mismatch	LLM_FP	FP		valid.c	554		CWE-416	0	24850		
1624_valid_c_557_sailor-kernel-lifecycle-mismatch	LLM_FP	FP		valid.c	557		CWE-416	0	24850		
1625_valid_c_560_sailor-kernel-lifecycle-mismatch	LLM_FP	FP		valid.c	560		CWE-416	0	24850		
1626_valid_c_560_sailor-kernel-lifecycle-mismatch	LLM_FP	FP		valid.c	560		CWE-416	0	24850		
1627_valid_c_561_sailor-kernel-lifecycle-mismatch	LLM_FP	FP		valid.c	561		CWE-416	0	24850		
1628_valid_c_561_sailor-kernel-lifecycle-mismatch	LLM_FP	FP		valid.c	561		CWE-416	0	24850		
1629_valid_c_566_sailor-kernel-lifecycle-mismatch	LLM_FP	FP		valid.c	566		CWE-416	0	24850		
1630_valid_c_566_sailor-kernel-lifecycle-mismatch	LLM_FP	FP		valid.c	566		CWE-416	0	24850		
1631_valid_c_569_sailor-kernel-lifecycle-mismatch	LLM_FP	FP		valid.c	569		CWE-416	0	24850		
1632_valid_c_569_sailor-kernel-lifecycle-mismatch	LLM_FP	FP		valid.c	569		CWE-416	0	24850		
1633_valid_c_570_sailor-kernel-lifecycle-mismatch	LLM_FP	FP		valid.c	570		CWE-416	0	24850		
1634_valid_c_573_sailor-kernel-lifecycle-mismatch	LLM_FP	FP		valid.c	573		CWE-416	0	24850		
0077_xmlIO_c_2718_local-cpp-cwe-120-overflow	LLM_FP	FP	heap-buffer-overflow	xmlIO.c	2718		CWE-120	0	24850		
0086_xmlIO_c_1914_local-cpp-cwe-120-overflow	LLM_FP	FP	heap-buffer-overflow	xmlIO.c	1914		CWE-120	0	24850		
0092_xmlIO_c_805_local-cpp-cwe-120-overflow	LLM_FP	FP	heap-buffer-overflow	xmlIO.c	805		CWE-120	0	24850		
0100_xmlIO_c_288_local-cpp-cwe-120-overflow	LLM_FP	FP	heap-buffer-overflow	xmlIO.c	288		CWE-120	0	24850		
0101_xmlIO_c_290_local-cpp-cwe-120-overflow	LLM_FP	FP	heap-buffer-overflow	xmlIO.c	290		CWE-120	0	24850		
0166_xmlIO_c_842_local-cpp-cwe-125-oob-read	LLM_FP	FP	oob-read	xmlIO.c	842		CWE-125	0	24850		
0493_xmlIO_c_2777_local-cpp-cwe-125-cursor-lookahead-missing-bytes-check	LLM_FP	FP	oob-read	xmlIO.c	2777		CWE-125	0	24850		
0494_xmlIO_c_2781_local-cpp-cwe-125-cursor-lookahead-missing-bytes-check	LLM_FP	FP	oob-read	xmlIO.c	2781		CWE-125	0	24850		
1102_xmlIO_c_1482_sailor-cpp-CWE-416-DirectFreeArgUseFast	LLM_FP	FP	use-after-free	xmlIO.c	1482		CWE-416	0	24850		
1103_xmlIO_c_1485_sailor-cpp-CWE-416-DirectFreeArgUseFast	LLM_FP	FP	use-after-free	xmlIO.c	1485		CWE-416	0	24850		
1104_xmlIO_c_1427_sailor-cpp-CWE-416-DirectFreeArgUseFast	LLM_FP	FP	use-after-free	xmlIO.c	1427		CWE-416	0	24850		
1105_xmlIO_c_1433_sailor-cpp-CWE-416-DirectFreeArgUseFast	LLM_FP	FP	use-after-free	xmlIO.c	1433		CWE-416	0	24850		
1225_xmlIO_c_1982_sailor-cpp-uaf-free-then-return-intra.min	LLM_FP	FP	use-after-free	xmlIO.c	1982		CWE-416	0	24850		
1228_xmlIO_c_1362_sailor-cpp-uaf-free-then-return-intra.min	LLM_FP	FP	use-after-free	xmlIO.c	1362		CWE-416	0	24850		
1401_xmlIO_c_2657_sailor-kernel-lifecycle-mismatch	LLM_FP	FP	use-after-free	xmlIO.c	2657		CWE-416	0	24850		
1402_xmlIO_c_2657_sailor-kernel-lifecycle-mismatch	LLM_FP	FP	use-after-free	xmlIO.c	2657		CWE-416	0	24850		
1403_xmlIO_c_2671_sailor-kernel-lifecycle-mismatch	LLM_FP	FP	use-after-free	xmlIO.c	2671		CWE-416	0	24850		
1404_xmlIO_c_2671_sailor-kernel-lifecycle-mismatch	LLM_FP	FP	use-after-free	xmlIO.c	2671		CWE-416	0	24850		
1405_xmlIO_c_2674_sailor-kernel-lifecycle-mismatch	LLM_FP	FP	use-after-free	xmlIO.c	2674		CWE-416	0	24850		
1406_xmlIO_c_2675_sailor-kernel-lifecycle-mismatch	LLM_FP	FP	use-after-free	xmlIO.c	2675		CWE-416	0	24850		
1407_xmlIO_c_2677_sailor-kernel-lifecycle-mismatch	LLM_FP	FP	use-after-free	xmlIO.c	2677		CWE-416	0	24850		
1408_xmlIO_c_2680_sailor-kernel-lifecycle-mismatch	LLM_FP	FP	use-after-free	xmlIO.c	2680		CWE-416	0	24850		
1409_xmlIO_c_2681_sailor-kernel-lifecycle-mismatch	LLM_FP	FP	use-after-free	xmlIO.c	2681		CWE-416	0	24850		
1411_xmlIO_c_2683_sailor-kernel-lifecycle-mismatch	LLM_FP	FP	use-after-free	xmlIO.c	2683		CWE-416	0	24850		
1412_xmlIO_c_2413_sailor-kernel-lifecycle-mismatch	LLM_FP	FP	use-after-free	xmlIO.c	2413		CWE-416	0	24850		
1413_xmlIO_c_2422_sailor-kernel-lifecycle-mismatch	LLM_FP	FP	use-after-free	xmlIO.c	2422		CWE-416	0	24850		
1414_xmlIO_c_2426_sailor-kernel-lifecycle-mismatch	LLM_FP	FP	use-after-free	xmlIO.c	2426		CWE-416	0	24850		
1415_xmlIO_c_2427_sailor-kernel-lifecycle-mismatch	LLM_FP	FP	use-after-free	xmlIO.c	2427		CWE-416	0	24850		
1416_xmlIO_c_2428_sailor-kernel-lifecycle-mismatch	LLM_FP	FP	use-after-free	xmlIO.c	2428		CWE-416	0	24850		
1417_xmlIO_c_2437_sailor-kernel-lifecycle-mismatch	LLM_FP	FP	use-after-free	xmlIO.c	2437		CWE-416	0	24850		
1418_xmlIO_c_2446_sailor-kernel-lifecycle-mismatch	LLM_FP	FP	use-after-free	xmlIO.c	2446		CWE-416	0	24850		
1419_xmlIO_c_2451_sailor-kernel-lifecycle-mismatch	LLM_FP	FP	use-after-free	xmlIO.c	2451		CWE-416	0	24850		
1420_xmlIO_c_2313_sailor-kernel-lifecycle-mismatch	LLM_FP	FP	use-after-free	xmlIO.c	2313		CWE-416	0	24850		
1421_xmlIO_c_2314_sailor-kernel-lifecycle-mismatch	LLM_FP	FP	use-after-free	xmlIO.c	2314		CWE-416	0	24850		
1422_xmlIO_c_2320_sailor-kernel-lifecycle-mismatch	LLM_FP	FP	use-after-free	xmlIO.c	2320		CWE-416	0	24850		
1423_xmlIO_c_2321_sailor-kernel-lifecycle-mismatch	LLM_FP	FP	use-after-free	xmlIO.c	2321		CWE-416	0	24850		
1424_xmlIO_c_2322_sailor-kernel-lifecycle-mismatch	LLM_FP	FP	use-after-free	xmlIO.c	2322		CWE-416	0	24850		
1425_xmlIO_c_2327_sailor-kernel-lifecycle-mismatch	LLM_FP	FP	use-after-free	xmlIO.c	2327		CWE-416	0	24850		
1426_xmlIO_c_2355_sailor-kernel-lifecycle-mismatch	LLM_FP	FP	use-after-free	xmlIO.c	2355		CWE-416	0	24850		
1427_xmlIO_c_2237_sailor-kernel-lifecycle-mismatch	LLM_FP	FP	use-after-free	xmlIO.c	2237		CWE-416	0	24850		
1428_xmlIO_c_2241_sailor-kernel-lifecycle-mismatch	LLM_FP	FP	use-after-free	xmlIO.c	2241		CWE-416	0	24850		
1429_xmlIO_c_2242_sailor-kernel-lifecycle-mismatch	LLM_FP	FP	use-after-free	xmlIO.c	2242		CWE-416	0	24850		
1430_xmlIO_c_2243_sailor-kernel-lifecycle-mismatch	LLM_FP	FP	use-after-free	xmlIO.c	2243		CWE-416	0	24850		
1431_xmlIO_c_2248_sailor-kernel-lifecycle-mismatch	LLM_FP	FP	use-after-free	xmlIO.c	2248		CWE-416	0	24850		
1432_xmlIO_c_2265_sailor-kernel-lifecycle-mismatch	LLM_FP	FP	use-after-free	xmlIO.c	2265		CWE-416	0	24850		
1433_xmlIO_c_2058_sailor-kernel-lifecycle-mismatch	LLM_FP	FP	use-after-free	xmlIO.c	2058		CWE-416	0	24850		
1434_xmlIO_c_2060_sailor-kernel-lifecycle-mismatch	LLM_FP	FP	use-after-free	xmlIO.c	2060		CWE-416	0	24850		
1447_xmlIO_c_1974_sailor-kernel-lifecycle-mismatch	LLM_FP	FP	use-after-free	xmlIO.c	1974		CWE-416	0	24850		
1448_xmlIO_c_1976_sailor-kernel-lifecycle-mismatch	LLM_FP	FP	use-after-free	xmlIO.c	1976		CWE-416	0	24850		
1460_xmlIO_c_1852_sailor-kernel-lifecycle-mismatch	LLM_FP	FP	use-after-free	xmlIO.c	1852		CWE-416	0	24850		
1461_xmlIO_c_1852_sailor-kernel-lifecycle-mismatch	LLM_FP	FP	use-after-free	xmlIO.c	1852		CWE-416	0	24850		
1462_xmlIO_c_1852_sailor-kernel-lifecycle-mismatch	LLM_FP	FP	use-after-free	xmlIO.c	1852		CWE-416	0	24850		
1463_xmlIO_c_1855_sailor-kernel-lifecycle-mismatch	LLM_FP	FP	use-after-free	xmlIO.c	1855		CWE-416	0	24850		
1464_xmlIO_c_1856_sailor-kernel-lifecycle-mismatch	LLM_FP	FP	use-after-free	xmlIO.c	1856		CWE-416	0	24850		
1465_xmlIO_c_1858_sailor-kernel-lifecycle-mismatch	LLM_FP	FP	use-after-free	xmlIO.c	1858		CWE-416	0	24850		
1469_xmlIO_c_1835_sailor-kernel-lifecycle-mismatch	LLM_FP	FP	use-after-free	xmlIO.c	1835		CWE-416	0	24850		
1470_xmlIO_c_1835_sailor-kernel-lifecycle-mismatch	LLM_FP	FP	use-after-free	xmlIO.c	1835		CWE-416	0	24850		
1471_xmlIO_c_1835_sailor-kernel-lifecycle-mismatch	LLM_FP	FP	use-after-free	xmlIO.c	1835		CWE-416	0	24850		
1474_xmlIO_c_1838_sailor-kernel-lifecycle-mismatch	LLM_FP	FP	use-after-free	xmlIO.c	1838		CWE-416	0	24850		
1475_xmlIO_c_1839_sailor-kernel-lifecycle-mismatch	LLM_FP	FP	use-after-free	xmlIO.c	1839		CWE-416	0	24850		
1477_xmlIO_c_1841_sailor-kernel-lifecycle-mismatch	LLM_FP	FP	use-after-free	xmlIO.c	1841		CWE-416	0	24850		
1484_xmlIO_c_1707_sailor-kernel-lifecycle-mismatch	LLM_FP	FP	use-after-free	xmlIO.c	1707		CWE-416	0	24850		
1493_xmlIO_c_1477_sailor-kernel-lifecycle-mismatch	LLM_FP	FP	use-after-free	xmlIO.c	1477		CWE-416	0	24850		
1494_xmlIO_c_1478_sailor-kernel-lifecycle-mismatch	LLM_FP	FP	use-after-free	xmlIO.c	1478		CWE-416	0	24850		
1495_xmlIO_c_1479_sailor-kernel-lifecycle-mismatch	LLM_FP	FP	use-after-free	xmlIO.c	1479		CWE-416	0	24850		
1496_xmlIO_c_1481_sailor-kernel-lifecycle-mismatch	LLM_FP	FP	use-after-free	xmlIO.c	1481		CWE-416	0	24850		
1497_xmlIO_c_1482_sailor-kernel-lifecycle-mismatch	LLM_FP	FP	use-after-free	xmlIO.c	1482		CWE-416	0	24850		
1498_xmlIO_c_1484_sailor-kernel-lifecycle-mismatch	LLM_FP	FP	use-after-free	xmlIO.c	1484		CWE-416	0	24850		
1499_xmlIO_c_1485_sailor-kernel-lifecycle-mismatch	LLM_FP	FP	use-after-free	xmlIO.c	1485		CWE-416	0	24850		
1500_xmlIO_c_1486_sailor-kernel-lifecycle-mismatch	LLM_FP	FP	use-after-free	xmlIO.c	1486		CWE-416	0	24850		
1501_xmlIO_c_1422_sailor-kernel-lifecycle-mismatch	LLM_FP	FP	use-after-free	xmlIO.c	1422		CWE-416	0	24850		
1502_xmlIO_c_1423_sailor-kernel-lifecycle-mismatch	LLM_FP	FP	use-after-free	xmlIO.c	1423		CWE-416	0	24850		
1503_xmlIO_c_1424_sailor-kernel-lifecycle-mismatch	LLM_FP	FP	use-after-free	xmlIO.c	1424		CWE-416	0	24850		
1504_xmlIO_c_1426_sailor-kernel-lifecycle-mismatch	LLM_FP	FP	use-after-free	xmlIO.c	1426		CWE-416	0	24850		
1505_xmlIO_c_1427_sailor-kernel-lifecycle-mismatch	LLM_FP	FP	use-after-free	xmlIO.c	1427		CWE-416	0	24850		
1506_xmlIO_c_1432_sailor-kernel-lifecycle-mismatch	LLM_FP	FP	use-after-free	xmlIO.c	1432		CWE-416	0	24850		
1507_xmlIO_c_1433_sailor-kernel-lifecycle-mismatch	LLM_FP	FP	use-after-free	xmlIO.c	1433		CWE-416	0	24850		
1508_xmlIO_c_1434_sailor-kernel-lifecycle-mismatch	LLM_FP	FP	use-after-free	xmlIO.c	1434		CWE-416	0	24850		
1509_xmlIO_c_1383_sailor-kernel-lifecycle-mismatch	LLM_FP	FP	use-after-free	xmlIO.c	1383		CWE-416	0	24850		
1510_xmlIO_c_1384_sailor-kernel-lifecycle-mismatch	LLM_FP	FP	use-after-free	xmlIO.c	1384		CWE-416	0	24850		
1511_xmlIO_c_1389_sailor-kernel-lifecycle-mismatch	LLM_FP	FP		xmlIO.c	1389		CWE-416	0	24850		
1512_xmlIO_c_1391_sailor-kernel-lifecycle-mismatch	LLM_FP	FP		xmlIO.c	1391		CWE-416	0	24850		
1513_xmlIO_c_1392_sailor-kernel-lifecycle-mismatch	LLM_FP	FP		xmlIO.c	1392		CWE-416	0	24850		
1514_xmlIO_c_1393_sailor-kernel-lifecycle-mismatch	LLM_FP	FP		xmlIO.c	1393		CWE-416	0	24850		
1515_xmlIO_c_1403_sailor-kernel-lifecycle-mismatch	LLM_FP	FP		xmlIO.c	1403		CWE-416	0	24850		
1516_xmlIO_c_1340_sailor-kernel-lifecycle-mismatch	LLM_FP	FP		xmlIO.c	1340		CWE-416	0	24850		
1517_xmlIO_c_1341_sailor-kernel-lifecycle-mismatch	LLM_FP	FP		xmlIO.c	1341		CWE-416	0	24850		
1518_xmlIO_c_1346_sailor-kernel-lifecycle-mismatch	LLM_FP	FP		xmlIO.c	1346		CWE-416	0	24850		
1519_xmlIO_c_1352_sailor-kernel-lifecycle-mismatch	LLM_FP	FP		xmlIO.c	1352		CWE-416	0	24850		
1520_xmlIO_c_1353_sailor-kernel-lifecycle-mismatch	LLM_FP	FP		xmlIO.c	1353		CWE-416	0	24850		
1521_xmlIO_c_1355_sailor-kernel-lifecycle-mismatch	LLM_FP	FP		xmlIO.c	1355		CWE-416	0	24850		
0228_parserInternals_c_3646_local-cpp-cwe-125-cursor-lookahead-missing-bytes-check	LLM_FP	FP		parserInternals.c	3646		CWE-125	0	24850		
0229_parserInternals_c_3652_local-cpp-cwe-125-cursor-lookahead-missing-bytes-check	LLM_FP	FP		parserInternals.c	3652		CWE-125	0	24850		
0246_parserInternals_c_2857_local-cpp-cwe-125-cursor-lookahead-missing-bytes-check	LLM_FP	FP		parserInternals.c	2857		CWE-125	0	24850		
0273_parserInternals_c_1515_local-cpp-cwe-125-cursor-lookahead-missing-bytes-check	LLM_FP	FP		parserInternals.c	1515		CWE-125	0	24850		
0277_parserInternals_c_1531_local-cpp-cwe-125-cursor-lookahead-missing-bytes-check	LLM_FP	FP		parserInternals.c	1531		CWE-125	0	24850		
0279_parserInternals_c_1534_local-cpp-cwe-125-cursor-lookahead-missing-bytes-check	LLM_FP	FP		parserInternals.c	1534		CWE-125	0	24850		
0280_parserInternals_c_1537_local-cpp-cwe-125-cursor-lookahead-missing-bytes-check	LLM_FP	FP		parserInternals.c	1537		CWE-125	0	24850		
0282_parserInternals_c_1548_local-cpp-cwe-125-cursor-lookahead-missing-bytes-check	LLM_FP	FP		parserInternals.c	1548		CWE-125	0	24850		
0285_parserInternals_c_1550_local-cpp-cwe-125-cursor-lookahead-missing-bytes-check	LLM_FP	FP		parserInternals.c	1550		CWE-125	0	24850		
0287_parserInternals_c_1553_local-cpp-cwe-125-cursor-lookahead-missing-bytes-check	LLM_FP	FP		parserInternals.c	1553		CWE-125	0	24850		
0290_parserInternals_c_1566_local-cpp-cwe-125-cursor-lookahead-missing-bytes-check	LLM_FP	FP		parserInternals.c	1566		CWE-125	0	24850		
0292_parserInternals_c_1573_local-cpp-cwe-125-cursor-lookahead-missing-bytes-check	LLM_FP	FP		parserInternals.c	1573		CWE-125	0	24850		
0294_parserInternals_c_1581_local-cpp-cwe-125-cursor-lookahead-missing-bytes-check	LLM_FP	FP		parserInternals.c	1581		CWE-125	0	24850		
0295_parserInternals_c_1589_local-cpp-cwe-125-cursor-lookahead-missing-bytes-check	LLM_FP	FP		parserInternals.c	1589		CWE-125	0	24850		
0304_parserInternals_c_956_local-cpp-cwe-125-cursor-lookahead-missing-bytes-check	LLM_FP	FP		parserInternals.c	956		CWE-125	0	24850		
0305_parserInternals_c_985_local-cpp-cwe-125-cursor-lookahead-missing-bytes-check	LLM_FP	FP		parserInternals.c	985		CWE-125	0	24850		
0306_parserInternals_c_993_local-cpp-cwe-125-cursor-lookahead-missing-bytes-check	LLM_FP	FP		parserInternals.c	993		CWE-125	0	24850		
0307_parserInternals_c_998_local-cpp-cwe-125-cursor-lookahead-missing-bytes-check	LLM_FP	FP		parserInternals.c	998		CWE-125	0	24850		
0308_parserInternals_c_1004_local-cpp-cwe-125-cursor-lookahead-missing-bytes-check	LLM_FP	FP		parserInternals.c	1004		CWE-125	0	24850		
0310_parserInternals_c_1005_local-cpp-cwe-125-cursor-lookahead-missing-bytes-check	LLM_FP	FP		parserInternals.c	1005		CWE-125	0	24850		
0313_parserInternals_c_1012_local-cpp-cwe-125-cursor-lookahead-missing-bytes-check	LLM_FP	FP		parserInternals.c	1012		CWE-125	0	24850		
0314_parserInternals_c_1017_local-cpp-cwe-125-cursor-lookahead-missing-bytes-check	LLM_FP	FP		parserInternals.c	1017		CWE-125	0	24850		
0315_parserInternals_c_1018_local-cpp-cwe-125-cursor-lookahead-missing-bytes-check	LLM_FP	FP		parserInternals.c	1018		CWE-125	0	24850		
0316_parserInternals_c_1019_local-cpp-cwe-125-cursor-lookahead-missing-bytes-check	LLM_FP	FP		parserInternals.c	1019		CWE-125	0	24850		
0322_parserInternals_c_850_local-cpp-cwe-125-cursor-lookahead-missing-bytes-check	LLM_FP	FP		parserInternals.c	850		CWE-125	0	24850		
0323_parserInternals_c_861_local-cpp-cwe-125-cursor-lookahead-missing-bytes-check	LLM_FP	FP		parserInternals.c	861		CWE-125	0	24850		
0324_parserInternals_c_870_local-cpp-cwe-125-cursor-lookahead-missing-bytes-check	LLM_FP	FP		parserInternals.c	870		CWE-125	0	24850		
0325_parserInternals_c_872_local-cpp-cwe-125-cursor-lookahead-missing-bytes-check	LLM_FP	FP		parserInternals.c	872		CWE-125	0	24850		
0326_parserInternals_c_881_local-cpp-cwe-125-cursor-lookahead-missing-bytes-check	LLM_FP	FP		parserInternals.c	881		CWE-125	0	24850		
0807_parserInternals_c_2313_sailor-cpp-cwe-476-unchecked-alloc-deref	LLM_FP	FP	null-deref	parserInternals.c	2313		CWE-476	0	24850		
0808_parserInternals_c_2314_sailor-cpp-cwe-476-unchecked-alloc-deref	LLM_FP	FP	null-deref	parserInternals.c	2314		CWE-476	0	24850		
0809_parserInternals_c_2349_sailor-cpp-cwe-476-unchecked-alloc-deref	LLM_FP	FP	null-deref	parserInternals.c	2349		CWE-476	0	24850		
0810_parserInternals_c_2356_sailor-cpp-cwe-476-unchecked-alloc-deref	LLM_FP	FP	null-deref	parserInternals.c	2356		CWE-476	0	24850		
1038_parserInternals_c_2976_sailor-cpp-CWE-416-DirectFreeArgUseFast	LLM_FP	FP	use-after-free	parserInternals.c	2976		CWE-416	0	24850		
1039_parserInternals_c_2981_sailor-cpp-CWE-416-DirectFreeArgUseFast	LLM_FP	FP	use-after-free	parserInternals.c	2981		CWE-416	0	24850		
1040_parserInternals_c_2983_sailor-cpp-CWE-416-DirectFreeArgUseFast	LLM_FP	FP	use-after-free	parserInternals.c	2983		CWE-416	0	24850		
1041_parserInternals_c_3020_sailor-cpp-CWE-416-DirectFreeArgUseFast	LLM_FP	FP	use-after-free	parserInternals.c	3020		CWE-416	0	24850		
1196_parserInternals_c_3067_sailor-cpp-uaf-free-then-return-intra.min	LLM_FP	FP	use-after-free	parserInternals.c	3067		CWE-416	0	24850		
1197_parserInternals_c_2180_sailor-cpp-uaf-free-then-return-intra.min	LLM_FP	FP	use-after-free	parserInternals.c	2180		CWE-416	0	24850		
1198_parserInternals_c_1865_sailor-cpp-uaf-free-then-return-intra.min	LLM_FP	FP	use-after-free	parserInternals.c	1865		CWE-416	0	24850		
1355_parserInternals_c_2172_sailor-kernel-lifecycle-mismatch	LLM_FP	FP	use-after-free	parserInternals.c	2172		CWE-416	0	24850		
1356_parserInternals_c_2173_sailor-kernel-lifecycle-mismatch	LLM_FP	FP	use-after-free	parserInternals.c	2173		CWE-416	0	24850		
1357_parserInternals_c_2173_sailor-kernel-lifecycle-mismatch	LLM_FP	FP	use-after-free	parserInternals.c	2173		CWE-416	0	24850		
1358_parserInternals_c_1854_sailor-kernel-lifecycle-mismatch	LLM_FP	FP	use-after-free	parserInternals.c	1854		CWE-416	0	24850		
1359_parserInternals_c_1855_sailor-kernel-lifecycle-mismatch	LLM_FP	FP	use-after-free	parserInternals.c	1855		CWE-416	0	24850		
1360_parserInternals_c_1855_sailor-kernel-lifecycle-mismatch	LLM_FP	FP	use-after-free	parserInternals.c	1855		CWE-416	0	24850		
1361_parserInternals_c_1775_sailor-kernel-lifecycle-mismatch	LLM_FP	FP	use-after-free	parserInternals.c	1775		CWE-416	0	24850		
1362_parserInternals_c_1776_sailor-kernel-lifecycle-mismatch	LLM_FP	FP	use-after-free	parserInternals.c	1776		CWE-416	0	24850		
1363_parserInternals_c_1358_sailor-kernel-lifecycle-mismatch	LLM_FP	FP	use-after-free	parserInternals.c	1358		CWE-416	0	24850		
1364_parserInternals_c_1362_sailor-kernel-lifecycle-mismatch	LLM_FP	FP	use-after-free	parserInternals.c	1362		CWE-416	0	24850		
1365_parserInternals_c_1375_sailor-kernel-lifecycle-mismatch	LLM_FP	FP	use-after-free	parserInternals.c	1375		CWE-416	0	24850		
1366_parserInternals_c_1378_sailor-kernel-lifecycle-mismatch	LLM_FP	FP	use-after-free	parserInternals.c	1378		CWE-416	0	24850		
1367_parserInternals_c_1388_sailor-kernel-lifecycle-mismatch	LLM_FP	FP	use-after-free	parserInternals.c	1388		CWE-416	0	24850		
1368_parserInternals_c_1389_sailor-kernel-lifecycle-mismatch	LLM_FP	FP	use-after-free	parserInternals.c	1389		CWE-416	0	24850		
1369_parserInternals_c_1399_sailor-kernel-lifecycle-mismatch	LLM_FP	FP	use-after-free	parserInternals.c	1399		CWE-416	0	24850		
1370_parserInternals_c_1400_sailor-kernel-lifecycle-mismatch	LLM_FP	FP	use-after-free	parserInternals.c	1400		CWE-416	0	24850		
1371_parserInternals_c_1400_sailor-kernel-lifecycle-mismatch	LLM_FP	FP	use-after-free	parserInternals.c	1400		CWE-416	0	24850		
1372_parserInternals_c_1401_sailor-kernel-lifecycle-mismatch	LLM_FP	FP	use-after-free	parserInternals.c	1401		CWE-416	0	24850		
1373_parserInternals_c_1416_sailor-kernel-lifecycle-mismatch	LLM_FP	FP	use-after-free	parserInternals.c	1416		CWE-416	0	24850		
1374_parserInternals_c_1435_sailor-kernel-lifecycle-mismatch	LLM_FP	FP	use-after-free	parserInternals.c	1435		CWE-416	0	24850		
1375_parserInternals_c_784_sailor-kernel-lifecycle-mismatch	LLM_FP	FP	use-after-free	parserInternals.c	784		CWE-416	0	24850		
1376_parserInternals_c_787_sailor-kernel-lifecycle-mismatch	LLM_FP	FP	use-after-free	parserInternals.c	787		CWE-416	0	24850		
1377_parserInternals_c_787_sailor-kernel-lifecycle-mismatch	LLM_FP	FP	use-after-free	parserInternals.c	787		CWE-416	0	24850		
1378_parserInternals_c_792_sailor-kernel-lifecycle-mismatch	LLM_FP	FP	use-after-free	parserInternals.c	792		CWE-416	0	24850		
1379_parserInternals_c_792_sailor-kernel-lifecycle-mismatch	LLM_FP	FP	use-after-free	parserInternals.c	792		CWE-416	0	24850		
1380_parserInternals_c_798_sailor-kernel-lifecycle-mismatch	LLM_FP	FP	use-after-free	parserInternals.c	798		CWE-416	0	24850		
1381_parserInternals_c_798_sailor-kernel-lifecycle-mismatch	LLM_FP	FP	use-after-free	parserInternals.c	798		CWE-416	0	24850		
1382_parserInternals_c_715_sailor-kernel-lifecycle-mismatch	LLM_FP	FP	use-after-free	parserInternals.c	715		CWE-416	0	24850		
1383_parserInternals_c_718_sailor-kernel-lifecycle-mismatch	LLM_FP	FP	use-after-free	parserInternals.c	718		CWE-416	0	24850		
1384_parserInternals_c_718_sailor-kernel-lifecycle-mismatch	LLM_FP	FP	use-after-free	parserInternals.c	718		CWE-416	0	24850		
1385_parserInternals_c_721_sailor-kernel-lifecycle-mismatch	LLM_FP	FP	use-after-free	parserInternals.c	721		CWE-416	0	24850		
1386_parserInternals_c_721_sailor-kernel-lifecycle-mismatch	LLM_FP	FP	use-after-free	parserInternals.c	721		CWE-416	0	24850		
1387_parserInternals_c_721_sailor-kernel-lifecycle-mismatch	LLM_FP	FP	use-after-free	parserInternals.c	721		CWE-416	0	24850		
1388_parserInternals_c_725_sailor-kernel-lifecycle-mismatch	LLM_FP	FP	use-after-free	parserInternals.c	725		CWE-416	0	24850		
1389_parserInternals_c_725_sailor-kernel-lifecycle-mismatch	LLM_FP	FP	use-after-free	parserInternals.c	725		CWE-416	0	24850		
1390_parserInternals_c_728_sailor-kernel-lifecycle-mismatch	LLM_FP	FP	use-after-free	parserInternals.c	728		CWE-416	0	24850		
1391_parserInternals_c_730_sailor-kernel-lifecycle-mismatch	LLM_FP	FP	use-after-free	parserInternals.c	730		CWE-416	0	24850		
1392_parserInternals_c_730_sailor-kernel-lifecycle-mismatch	LLM_FP	FP	use-after-free	parserInternals.c	730		CWE-416	0	24850		
1393_parserInternals_c_738_sailor-kernel-lifecycle-mismatch	LLM_FP	FP	use-after-free	parserInternals.c	738		CWE-416	0	24850		
1394_parserInternals_c_738_sailor-kernel-lifecycle-mismatch	LLM_FP	FP	use-after-free	parserInternals.c	738		CWE-416	0	24850		
0008_HTMLparser_c_3947_local-cpp-cwe-120-overflow	LLM_FP	FP		HTMLparser.c	3947		CWE-120	0	24850		
0021_HTMLparser_c_2808_local-cpp-cwe-120-overflow	LLM_FP	FP		HTMLparser.c	2808		CWE-120	0	24850		
0022_HTMLparser_c_2814_local-cpp-cwe-120-overflow	LLM_FP	FP		HTMLparser.c	2814		CWE-120	0	24850		
0023_HTMLparser_c_2839_local-cpp-cwe-120-overflow	LLM_FP	FP		HTMLparser.c	2839		CWE-120	0	24850		
0027_HTMLparser_c_2370_local-cpp-cwe-120-overflow	LLM_FP	FP		HTMLparser.c	2370		CWE-120	0	24850		
0035_HTMLparser_c_2124_local-cpp-cwe-120-overflow	LLM_FP	FP		HTMLparser.c	2124		CWE-120	0	24850		
0036_HTMLparser_c_2021_local-cpp-cwe-120-overflow	LLM_FP	FP		HTMLparser.c	2021		CWE-120	0	24850		
0149_HTMLparser_c_3652_local-cpp-cwe-125-oob-read	LLM_FP	FP		HTMLparser.c	3652		CWE-125	0	24850		
0150_HTMLparser_c_2479_local-cpp-cwe-125-oob-read	LLM_FP	FP		HTMLparser.c	2479		CWE-125	0	24850		
0151_HTMLparser_c_2486_local-cpp-cwe-125-oob-read	LLM_FP	FP		HTMLparser.c	2486		CWE-125	0	24850		
0176_HTMLparser_c_5032_local-cpp-cwe-125-cursor-lookahead-missing-bytes-check	LLM_FP	FP		HTMLparser.c	5032		CWE-125	0	24850		
0177_HTMLparser_c_5040_local-cpp-cwe-125-cursor-lookahead-missing-bytes-check	LLM_FP	FP		HTMLparser.c	5040		CWE-125	0	24850		
0178_HTMLparser_c_5046_local-cpp-cwe-125-cursor-lookahead-missing-bytes-check	LLM_FP	FP		HTMLparser.c	5046		CWE-125	0	24850		
0179_HTMLparser_c_5058_local-cpp-cwe-125-cursor-lookahead-missing-bytes-check	LLM_FP	FP		HTMLparser.c	5058		CWE-125	0	24850		
0180_HTMLparser_c_5059_local-cpp-cwe-125-cursor-lookahead-missing-bytes-check	LLM_FP	FP		HTMLparser.c	5059		CWE-125	0	24850		
0181_HTMLparser_c_5060_local-cpp-cwe-125-cursor-lookahead-missing-bytes-check	LLM_FP	FP		HTMLparser.c	5060		CWE-125	0	24850		
0182_HTMLparser_c_5061_local-cpp-cwe-125-cursor-lookahead-missing-bytes-check	LLM_FP	FP		HTMLparser.c	5061		CWE-125	0	24850		
0184_HTMLparser_c_4436_local-cpp-cwe-125-cursor-lookahead-missing-bytes-check	LLM_FP	FP		HTMLparser.c	4436		CWE-125	0	24850		
0185_HTMLparser_c_4437_local-cpp-cwe-125-cursor-lookahead-missing-bytes-check	LLM_FP	FP		HTMLparser.c	4437		CWE-125	0	24850		
0186_HTMLparser_c_4440_local-cpp-cwe-125-cursor-lookahead-missing-bytes-check	LLM_FP	FP		HTMLparser.c	4440		CWE-125	0	24850		
0187_HTMLparser_c_4441_local-cpp-cwe-125-cursor-lookahead-missing-bytes-check	LLM_FP	FP		HTMLparser.c	4441		CWE-125	0	24850		
0188_HTMLparser_c_4442_local-cpp-cwe-125-cursor-lookahead-missing-bytes-check	LLM_FP	FP		HTMLparser.c	4442		CWE-125	0	24850		
0189_HTMLparser_c_4443_local-cpp-cwe-125-cursor-lookahead-missing-bytes-check	LLM_FP	FP		HTMLparser.c	4443		CWE-125	0	24850		
0190_HTMLparser_c_4450_local-cpp-cwe-125-cursor-lookahead-missing-bytes-check	LLM_FP	FP		HTMLparser.c	4450		CWE-125	0	24850		
0191_HTMLparser_c_4260_local-cpp-cwe-125-cursor-lookahead-missing-bytes-check	LLM_FP	FP		HTMLparser.c	4260		CWE-125	0	24850		
0195_HTMLparser_c_4186_local-cpp-cwe-125-cursor-lookahead-missing-bytes-check	LLM_FP	FP		HTMLparser.c	4186		CWE-125	0	24850		
0196_HTMLparser_c_4188_local-cpp-cwe-125-cursor-lookahead-missing-bytes-check	LLM_FP	FP		HTMLparser.c	4188		CWE-125	0	24850		
0197_HTMLparser_c_4192_local-cpp-cwe-125-cursor-lookahead-missing-bytes-check	LLM_FP	FP		HTMLparser.c	4192		CWE-125	0	24850		
0198_HTMLparser_c_4193_local-cpp-cwe-125-cursor-lookahead-missing-bytes-check	LLM_FP	FP		HTMLparser.c	4193		CWE-125	0	24850		
0200_HTMLparser_c_4194_local-cpp-cwe-125-cursor-lookahead-missing-bytes-check	LLM_FP	FP		HTMLparser.c	4194		CWE-125	0	24850		
0201_HTMLparser_c_4195_local-cpp-cwe-125-cursor-lookahead-missing-bytes-check	LLM_FP	FP		HTMLparser.c	4195		CWE-125	0	24850		
0202_HTMLparser_c_4197_local-cpp-cwe-125-cursor-lookahead-missing-bytes-check	LLM_FP	FP		HTMLparser.c	4197		CWE-125	0	24850		
0203_HTMLparser_c_4204_local-cpp-cwe-125-cursor-lookahead-missing-bytes-check	LLM_FP	FP		HTMLparser.c	4204		CWE-125	0	24850		
0204_HTMLparser_c_4207_local-cpp-cwe-125-cursor-lookahead-missing-bytes-check	LLM_FP	FP		HTMLparser.c	4207		CWE-125	0	24850		
0205_HTMLparser_c_4080_local-cpp-cwe-125-cursor-lookahead-missing-bytes-check	LLM_FP	FP		HTMLparser.c	4080		CWE-125	0	24850		
0206_HTMLparser_c_4100_local-cpp-cwe-125-cursor-lookahead-missing-bytes-check	LLM_FP	FP		HTMLparser.c	4100		CWE-125	0	24850		
0208_HTMLparser_c_3851_local-cpp-cwe-125-cursor-lookahead-missing-bytes-check	LLM_FP	FP		HTMLparser.c	3851		CWE-125	0	24850		
0209_HTMLparser_c_3875_local-cpp-cwe-125-cursor-lookahead-missing-bytes-check	LLM_FP	FP		HTMLparser.c	3875		CWE-125	0	24850		
0211_HTMLparser_c_3875_local-cpp-cwe-125-cursor-lookahead-missing-bytes-check	LLM_FP	FP		HTMLparser.c	3875		CWE-125	0	24850		
0212_HTMLparser_c_3885_local-cpp-cwe-125-cursor-lookahead-missing-bytes-check	LLM_FP	FP		HTMLparser.c	3885		CWE-125	0	24850		
0213_HTMLparser_c_3893_local-cpp-cwe-125-cursor-lookahead-missing-bytes-check	LLM_FP	FP		HTMLparser.c	3893		CWE-125	0	24850		
0218_HTMLparser_c_3937_local-cpp-cwe-125-cursor-lookahead-missing-bytes-check	LLM_FP	FP		HTMLparser.c	3937		CWE-125	0	24850		
0222_HTMLparser_c_3545_local-cpp-cwe-125-cursor-lookahead-missing-bytes-check	LLM_FP	FP		HTMLparser.c	3545		CWE-125	0	24850		
0223_HTMLparser_c_3546_local-cpp-cwe-125-cursor-lookahead-missing-bytes-check	LLM_FP	FP		HTMLparser.c	3546		CWE-125	0	24850		
0224_HTMLparser_c_3547_local-cpp-cwe-125-cursor-lookahead-missing-bytes-check	LLM_FP	FP		HTMLparser.c	3547		CWE-125	0	24850		
0225_HTMLparser_c_3555_local-cpp-cwe-125-cursor-lookahead-missing-bytes-check	LLM_FP	FP		HTMLparser.c	3555		CWE-125	0	24850		
0226_HTMLparser_c_3556_local-cpp-cwe-125-cursor-lookahead-missing-bytes-check	LLM_FP	FP		HTMLparser.c	3556		CWE-125	0	24850		
0227_HTMLparser_c_3557_local-cpp-cwe-125-cursor-lookahead-missing-bytes-check	LLM_FP	FP		HTMLparser.c	3557		CWE-125	0	24850		
0230_HTMLparser_c_3389_local-cpp-cwe-125-cursor-lookahead-missing-bytes-check	LLM_FP	FP		HTMLparser.c	3389		CWE-125	0	24850		
0234_HTMLparser_c_3270_local-cpp-cwe-125-cursor-lookahead-missing-bytes-check	LLM_FP	FP		HTMLparser.c	3270		CWE-125	0	24850		
0238_HTMLparser_c_2626_local-cpp-cwe-125-cursor-lookahead-missing-bytes-check	LLM_FP	FP		HTMLparser.c	2626		CWE-125	0	24850		
0239_HTMLparser_c_2629_local-cpp-cwe-125-cursor-lookahead-missing-bytes-check	LLM_FP	FP		HTMLparser.c	2629		CWE-125	0	24850		
0240_HTMLparser_c_2631_local-cpp-cwe-125-cursor-lookahead-missing-bytes-check	LLM_FP	FP		HTMLparser.c	2631		CWE-125	0	24850		
0241_HTMLparser_c_2634_local-cpp-cwe-125-cursor-lookahead-missing-bytes-check	LLM_FP	FP		HTMLparser.c	2634		CWE-125	0	24850		
0242_HTMLparser_c_2726_local-cpp-cwe-125-cursor-lookahead-missing-bytes-check	LLM_FP	FP		HTMLparser.c	2726		CWE-125	0	24850		
0247_HTMLparser_c_2446_local-cpp-cwe-125-cursor-lookahead-missing-bytes-check	LLM_FP	FP		HTMLparser.c	2446		CWE-125	0	24850		
0267_HTMLparser_c_2201_local-cpp-cwe-125-cursor-lookahead-missing-bytes-check	LLM_FP	FP		HTMLparser.c	2201		CWE-125	0	24850		
0268_HTMLparser_c_2211_local-cpp-cwe-125-cursor-lookahead-missing-bytes-check	LLM_FP	FP		HTMLparser.c	2211		CWE-125	0	24850		
0303_HTMLparser_c_1579_local-cpp-cwe-125-cursor-lookahead-missing-bytes-check	LLM_FP	FP		HTMLparser.c	1579		CWE-125	0	24850		
0332_HTMLparser_c_220_local-cpp-cwe-125-cursor-lookahead-missing-bytes-check	LLM_FP	FP		HTMLparser.c	220		CWE-125	0	24850		
0333_HTMLparser_c_226_local-cpp-cwe-125-cursor-lookahead-missing-bytes-check	LLM_FP	FP		HTMLparser.c	226		CWE-125	0	24850		
0334_HTMLparser_c_163_local-cpp-cwe-125-cursor-lookahead-missing-bytes-check	LLM_FP	FP		HTMLparser.c	163		CWE-125	0	24850		
0335_HTMLparser_c_169_local-cpp-cwe-125-cursor-lookahead-missing-bytes-check	LLM_FP	FP		HTMLparser.c	169		CWE-125	0	24850		
0766_HTMLparser_c_2808_local-cpp-cwe-787-oob-write	LLM_FP	FP		HTMLparser.c	2808		CWE-787	0	24850		
0767_HTMLparser_c_2814_local-cpp-cwe-787-oob-write	LLM_FP	FP		HTMLparser.c	2814		CWE-787	0	24850		
0768_HTMLparser_c_2370_local-cpp-cwe-787-oob-write	LLM_FP	FP		HTMLparser.c	2370		CWE-787	0	24850		
0789_HTMLparser_c_2808_local-cpp-cwe-823-pointer-offset	LLM_FP	FP		HTMLparser.c	2808		CWE-823	0	24850		
0790_HTMLparser_c_2814_local-cpp-cwe-823-pointer-offset	LLM_FP	FP		HTMLparser.c	2814		CWE-823	0	24850		
0791_HTMLparser_c_2370_local-cpp-cwe-823-pointer-offset	LLM_FP	FP		HTMLparser.c	2370		CWE-823	0	24850		
0811_HTMLparser_c_2194_sailor-cpp-cwe-476-unchecked-alloc-deref	LLM_FP	FP	null-deref	HTMLparser.c	2194		CWE-476	0	24850		
0812_HTMLparser_c_2195_sailor-cpp-cwe-476-unchecked-alloc-deref	LLM_FP	FP	null-deref	HTMLparser.c	2195		CWE-476	0	24850		
1033_HTMLparser_c_5636_sailor-cpp-CWE-416-DirectFreeArgUseFast	REPRODUCER_BUILD_FAIL	REPRODUCER_BUILD_FAIL	use-after-free	HTMLparser.c	5636		CWE-416	0	24850		
1034_HTMLparser_c_5642_sailor-cpp-CWE-416-DirectFreeArgUseFast	REPRODUCER_BUILD_FAIL	REPRODUCER_BUILD_FAIL	use-after-free	HTMLparser.c	5642		CWE-416	0	24850		
1035_HTMLparser_c_5644_sailor-cpp-CWE-416-DirectFreeArgUseFast	REPRODUCER_BUILD_FAIL	REPRODUCER_BUILD_FAIL	use-after-free	HTMLparser.c	5644		CWE-416	0	24850		
1036_HTMLparser_c_5648_sailor-cpp-CWE-416-DirectFreeArgUseFast	REPRODUCER_BUILD_FAIL	REPRODUCER_BUILD_FAIL	use-after-free	HTMLparser.c	5648		CWE-416	0	24850		
1192_HTMLparser_c_5346_sailor-cpp-uaf-free-then-return-intra.min	LLM_FP	FP	use-after-free	HTMLparser.c	5346		CWE-416	0	24850		
1193_HTMLparser_c_5245_sailor-cpp-uaf-free-then-return-intra.min	LLM_FP	FP	use-after-free	HTMLparser.c	5245		CWE-416	0	24850		
1194_HTMLparser_c_4722_sailor-cpp-uaf-free-then-return-intra.min	LLM_FP	FP	use-after-free	HTMLparser.c	4722		CWE-416	0	24850		
1195_HTMLparser_c_4667_sailor-cpp-uaf-free-then-return-intra.min	LLM_FP	FP	use-after-free	HTMLparser.c	4667		CWE-416	0	24850		
0097_xmlregexp_c_6068_local-cpp-cwe-120-overflow	REPRODUCER_BUILD_FAIL	REPRODUCER_BUILD_FAIL	heap-buffer-overflow	xmlregexp.c	6068		CWE-120	0	24850		
0098_xmlregexp_c_6070_local-cpp-cwe-120-overflow	LLM_FP	FP		xmlregexp.c	6070		CWE-120	0	24850		
0102_xmlregexp_c_5895_local-cpp-cwe-120-overflow	LLM_FP	FP		xmlregexp.c	5895		CWE-120	0	24850		
0103_xmlregexp_c_5897_local-cpp-cwe-120-overflow	LLM_FP	FP		xmlregexp.c	5897		CWE-120	0	24850		
0104_xmlregexp_c_5825_local-cpp-cwe-120-overflow	LLM_FP	FP		xmlregexp.c	5825		CWE-120	0	24850		
0105_xmlregexp_c_5827_local-cpp-cwe-120-overflow	LLM_FP	FP		xmlregexp.c	5827		CWE-120	0	24850		
0106_xmlregexp_c_5763_local-cpp-cwe-120-overflow	LLM_FP	FP		xmlregexp.c	5763		CWE-120	0	24850		
0108_xmlregexp_c_5765_local-cpp-cwe-120-overflow	LLM_FP	FP		xmlregexp.c	5765		CWE-120	0	24850		
0126_xmlregexp_c_4238_local-cpp-cwe-120-overflow	LLM_FP	FP		xmlregexp.c	4238		CWE-120	0	24850		
0127_xmlregexp_c_4240_local-cpp-cwe-120-overflow	LLM_FP	FP		xmlregexp.c	4240		CWE-120	0	24850		
0128_xmlregexp_c_4116_local-cpp-cwe-120-overflow	LLM_FP	FP		xmlregexp.c	4116		CWE-120	0	24850		
0129_xmlregexp_c_4155_local-cpp-cwe-120-overflow	LLM_FP	FP		xmlregexp.c	4155		CWE-120	0	24850		
0130_xmlregexp_c_3647_local-cpp-cwe-120-overflow	LLM_FP	FP		xmlregexp.c	3647		CWE-120	0	24850		
0131_xmlregexp_c_3340_local-cpp-cwe-120-overflow	LLM_FP	FP		xmlregexp.c	3340		CWE-120	0	24850		
0135_xmlregexp_c_3303_local-cpp-cwe-120-overflow	LLM_FP	FP		xmlregexp.c	3303		CWE-120	0	24850		
0137_xmlregexp_c_3265_local-cpp-cwe-120-overflow	LLM_FP	FP		xmlregexp.c	3265		CWE-120	0	24850		
0138_xmlregexp_c_3279_local-cpp-cwe-120-overflow	LLM_FP	FP		xmlregexp.c	3279		CWE-120	0	24850		
0140_xmlregexp_c_489_local-cpp-cwe-120-overflow	LLM_FP	FP		xmlregexp.c	489		CWE-120	0	24850		
0594_xmlregexp_c_5095_local-cpp-cwe-125-cursor-lookahead-missing-bytes-check	REPRODUCER_BUILD_FAIL	REPRODUCER_BUILD_FAIL	heap-buffer-overflow	xmlregexp.c	5095		CWE-125	0	24850		
0599_xmlregexp_c_5008_local-cpp-cwe-125-cursor-lookahead-missing-bytes-check	LLM_FP	FP		xmlregexp.c	5008		CWE-125	0	24850		
0600_xmlregexp_c_5014_local-cpp-cwe-125-cursor-lookahead-missing-bytes-check	LLM_FP	FP		xmlregexp.c	5014		CWE-125	0	24850		
0601_xmlregexp_c_5014_local-cpp-cwe-125-cursor-lookahead-missing-bytes-check	LLM_FP	FP		xmlregexp.c	5014		CWE-125	0	24850		
0624_xmlregexp_c_3723_local-cpp-cwe-125-cursor-lookahead-missing-bytes-check	LLM_FP	FP		xmlregexp.c	3723		CWE-125	0	24850		
0625_xmlregexp_c_3733_local-cpp-cwe-125-cursor-lookahead-missing-bytes-check	LLM_FP	FP		xmlregexp.c	3733		CWE-125	0	24850		
0636_xmlregexp_c_3251_local-cpp-cwe-125-cursor-lookahead-missing-bytes-check	LLM_FP	FP		xmlregexp.c	3251		CWE-125	0	24850		
0637_xmlregexp_c_3257_local-cpp-cwe-125-cursor-lookahead-missing-bytes-check	LLM_FP	FP		xmlregexp.c	3257		CWE-125	0	24850		
0654_xmlregexp_c_1581_local-cpp-cwe-125-cursor-lookahead-missing-bytes-check	LLM_FP	FP		xmlregexp.c	1581		CWE-125	0	24850		
0655_xmlregexp_c_1587_local-cpp-cwe-125-cursor-lookahead-missing-bytes-check	LLM_FP	FP		xmlregexp.c	1587		CWE-125	0	24850		
0656_xmlregexp_c_1549_local-cpp-cwe-125-cursor-lookahead-missing-bytes-check	LLM_FP	FP		xmlregexp.c	1549		CWE-125	0	24850		
0657_xmlregexp_c_1555_local-cpp-cwe-125-cursor-lookahead-missing-bytes-check	LLM_FP	FP		xmlregexp.c	1555		CWE-125	0	24850		
0658_xmlregexp_c_1496_local-cpp-cwe-125-cursor-lookahead-missing-bytes-check	LLM_FP	FP		xmlregexp.c	1496		CWE-125	0	24850		
0659_xmlregexp_c_1502_local-cpp-cwe-125-cursor-lookahead-missing-bytes-check	LLM_FP	FP		xmlregexp.c	1502		CWE-125	0	24850		
0660_xmlregexp_c_1470_local-cpp-cwe-125-cursor-lookahead-missing-bytes-check	LLM_FP	FP		xmlregexp.c	1470		CWE-125	0	24850		
0661_xmlregexp_c_1476_local-cpp-cwe-125-cursor-lookahead-missing-bytes-check	LLM_FP	FP		xmlregexp.c	1476		CWE-125	0	24850		
0662_xmlregexp_c_1441_local-cpp-cwe-125-cursor-lookahead-missing-bytes-check	LLM_FP	FP		xmlregexp.c	1441		CWE-125	0	24850		
0663_xmlregexp_c_1447_local-cpp-cwe-125-cursor-lookahead-missing-bytes-check	LLM_FP	FP		xmlregexp.c	1447		CWE-125	0	24850		
0665_xmlregexp_c_1412_local-cpp-cwe-125-cursor-lookahead-missing-bytes-check	LLM_FP	FP		xmlregexp.c	1412		CWE-125	0	24850		
0666_xmlregexp_c_1418_local-cpp-cwe-125-cursor-lookahead-missing-bytes-check	LLM_FP	FP		xmlregexp.c	1418		CWE-125	0	24850		
0774_xmlregexp_c_6070_local-cpp-cwe-787-oob-write	LLM_FP	FP		xmlregexp.c	6070		CWE-787	0	24850		
0775_xmlregexp_c_5897_local-cpp-cwe-787-oob-write	LLM_FP	FP		xmlregexp.c	5897		CWE-787	0	24850		
0776_xmlregexp_c_5827_local-cpp-cwe-787-oob-write	LLM_FP	FP		xmlregexp.c	5827		CWE-787	0	24850		
0778_xmlregexp_c_5765_local-cpp-cwe-787-oob-write	LLM_FP	FP		xmlregexp.c	5765		CWE-787	0	24850		
0781_xmlregexp_c_4240_local-cpp-cwe-787-oob-write	LLM_FP	FP		xmlregexp.c	4240		CWE-787	0	24850		
0797_xmlregexp_c_6070_local-cpp-cwe-823-pointer-offset	LLM_FP	FP		xmlregexp.c	6070		CWE-823	0	24850		
0798_xmlregexp_c_5897_local-cpp-cwe-823-pointer-offset	LLM_FP	FP		xmlregexp.c	5897		CWE-823	0	24850		
0799_xmlregexp_c_5827_local-cpp-cwe-823-pointer-offset	LLM_FP	FP		xmlregexp.c	5827		CWE-823	0	24850		
0801_xmlregexp_c_5765_local-cpp-cwe-823-pointer-offset	LLM_FP	FP		xmlregexp.c	5765		CWE-823	0	24850		
0804_xmlregexp_c_4240_local-cpp-cwe-823-pointer-offset	LLM_FP	FP		xmlregexp.c	4240		CWE-823	0	24850		
0942_xmlregexp_c_5099_sailor-cpp-cwe-674-uncontrolled-recursion	REPRODUCER_BUILD_FAIL	REPRODUCER_BUILD_FAIL	stack-overflow	xmlregexp.c	5099		CWE-400	0	24850		
1234_xmlregexp_c_5614_sailor-cpp-uaf-free-then-return-intra.min	LLM_FP	FP		xmlregexp.c	5614		CWE-416	0	24850		
1644_xmlregexp_c_3733_sailor-kernel-lifecycle-mismatch	LLM_FP	FP		xmlregexp.c	3733		CWE-416	0	24850		
1645_xmlregexp_c_3738_sailor-kernel-lifecycle-mismatch	LLM_FP	FP		xmlregexp.c	3738		CWE-416	0	24850		
1646_xmlregexp_c_3742_sailor-kernel-lifecycle-mismatch	LLM_FP	FP		xmlregexp.c	3742		CWE-416	0	24850		
1647_xmlregexp_c_3744_sailor-kernel-lifecycle-mismatch	LLM_FP	FP		xmlregexp.c	3744		CWE-416	0	24850		
1648_xmlregexp_c_3745_sailor-kernel-lifecycle-mismatch	LLM_FP	FP		xmlregexp.c	3745		CWE-416	0	24850		
1649_xmlregexp_c_3750_sailor-kernel-lifecycle-mismatch	LLM_FP	FP		xmlregexp.c	3750		CWE-416	0	24850		
1650_xmlregexp_c_3752_sailor-kernel-lifecycle-mismatch	LLM_FP	FP		xmlregexp.c	3752		CWE-416	0	24850		
1651_xmlregexp_c_3753_sailor-kernel-lifecycle-mismatch	LLM_FP	FP		xmlregexp.c	3753		CWE-416	0	24850		
1655_xmlregexp_c_2823_sailor-kernel-lifecycle-mismatch	LLM_FP	FP		xmlregexp.c	2823		CWE-416	0	24850		
1656_xmlregexp_c_2828_sailor-kernel-lifecycle-mismatch	LLM_FP	FP		xmlregexp.c	2828		CWE-416	0	24850		
1657_xmlregexp_c_2835_sailor-kernel-lifecycle-mismatch	LLM_FP	FP		xmlregexp.c	2835		CWE-416	0	24850		
1658_xmlregexp_c_2838_sailor-kernel-lifecycle-mismatch	LLM_FP	FP		xmlregexp.c	2838		CWE-416	0	24850		
1659_xmlregexp_c_2844_sailor-kernel-lifecycle-mismatch	LLM_FP	FP		xmlregexp.c	2844		CWE-416	0	24850		
1660_xmlregexp_c_2844_sailor-kernel-lifecycle-mismatch	LLM_FP	FP		xmlregexp.c	2844		CWE-416	0	24850		
1661_xmlregexp_c_2866_sailor-kernel-lifecycle-mismatch	LLM_FP	FP		xmlregexp.c	2866		CWE-416	0	24850		
1662_xmlregexp_c_2871_sailor-kernel-lifecycle-mismatch	LLM_FP	FP		xmlregexp.c	2871		CWE-416	0	24850		
1663_xmlregexp_c_2877_sailor-kernel-lifecycle-mismatch	LLM_FP	FP		xmlregexp.c	2877		CWE-416	0	24850		
1664_xmlregexp_c_2880_sailor-kernel-lifecycle-mismatch	LLM_FP	FP		xmlregexp.c	2880		CWE-416	0	24850		
1665_xmlregexp_c_2885_sailor-kernel-lifecycle-mismatch	LLM_FP	FP		xmlregexp.c	2885		CWE-416	0	24850		
1666_xmlregexp_c_2885_sailor-kernel-lifecycle-mismatch	LLM_FP	FP		xmlregexp.c	2885		CWE-416	0	24850		
1667_xmlregexp_c_2892_sailor-kernel-lifecycle-mismatch	LLM_FP	FP		xmlregexp.c	2892		CWE-416	0	24850		
1668_xmlregexp_c_2892_sailor-kernel-lifecycle-mismatch	LLM_FP	FP		xmlregexp.c	2892		CWE-416	0	24850		
1669_xmlregexp_c_2907_sailor-kernel-lifecycle-mismatch	LLM_FP	FP		xmlregexp.c	2907		CWE-416	0	24850		
0078_testchar_c_840_local-cpp-cwe-120-overflow	LLM_FP	FP		testchar.c	840		CWE-120	0	24850		
0080_testchar_c_637_local-cpp-cwe-120-overflow	LLM_FP	FP		testchar.c	637		CWE-120	0	24850		
0160_testchar_c_895_local-cpp-cwe-125-oob-read	LLM_FP	FP		testchar.c	895		CWE-125	0	24850		
0161_testchar_c_849_local-cpp-cwe-125-oob-read	LLM_FP	FP		testchar.c	849		CWE-125	0	24850		
0162_testchar_c_855_local-cpp-cwe-125-oob-read	LLM_FP	FP		testchar.c	855		CWE-125	0	24850		
0501_testchar_c_526_local-cpp-cwe-125-cursor-lookahead-missing-bytes-check	LLM_FP	FP		testchar.c	526		CWE-125	0	24850		
0502_testchar_c_531_local-cpp-cwe-125-cursor-lookahead-missing-bytes-check	LLM_FP	FP		testchar.c	531		CWE-125	0	24850		
0503_testchar_c_532_local-cpp-cwe-125-cursor-lookahead-missing-bytes-check	LLM_FP	FP		testchar.c	532		CWE-125	0	24850		
0504_testchar_c_534_local-cpp-cwe-125-cursor-lookahead-missing-bytes-check	LLM_FP	FP		testchar.c	534		CWE-125	0	24850		
0505_testchar_c_536_local-cpp-cwe-125-cursor-lookahead-missing-bytes-check	LLM_FP	FP		testchar.c	536		CWE-125	0	24850		
0506_testchar_c_553_local-cpp-cwe-125-cursor-lookahead-missing-bytes-check	LLM_FP	FP		testchar.c	553		CWE-125	0	24850		
0510_testchar_c_614_local-cpp-cwe-125-cursor-lookahead-missing-bytes-check	LLM_FP	FP		testchar.c	614		CWE-125	0	24850		
0512_testchar_c_428_local-cpp-cwe-125-cursor-lookahead-missing-bytes-check	LLM_FP	FP		testchar.c	428		CWE-125	0	24850		
0513_testchar_c_432_local-cpp-cwe-125-cursor-lookahead-missing-bytes-check	LLM_FP	FP		testchar.c	432		CWE-125	0	24850		
0514_testchar_c_433_local-cpp-cwe-125-cursor-lookahead-missing-bytes-check	LLM_FP	FP		testchar.c	433		CWE-125	0	24850		
0516_testchar_c_435_local-cpp-cwe-125-cursor-lookahead-missing-bytes-check	LLM_FP	FP		testchar.c	435		CWE-125	0	24850		
0518_testchar_c_451_local-cpp-cwe-125-cursor-lookahead-missing-bytes-check	LLM_FP	FP		testchar.c	451		CWE-125	0	24850		
0520_testchar_c_510_local-cpp-cwe-125-cursor-lookahead-missing-bytes-check	LLM_FP	FP		testchar.c	510		CWE-125	0	24850		
0521_testchar_c_337_local-cpp-cwe-125-cursor-lookahead-missing-bytes-check	LLM_FP	FP		testchar.c	337		CWE-125	0	24850		
0522_testchar_c_338_local-cpp-cwe-125-cursor-lookahead-missing-bytes-check	LLM_FP	FP		testchar.c	338		CWE-125	0	24850		
0523_testchar_c_341_local-cpp-cwe-125-cursor-lookahead-missing-bytes-check	LLM_FP	FP		testchar.c	341		CWE-125	0	24850		
0524_testchar_c_342_local-cpp-cwe-125-cursor-lookahead-missing-bytes-check	LLM_FP	FP		testchar.c	342		CWE-125	0	24850		
0528_testchar_c_302_local-cpp-cwe-125-cursor-lookahead-missing-bytes-check	LLM_FP	FP		testchar.c	302		CWE-125	0	24850		
0529_testchar_c_303_local-cpp-cwe-125-cursor-lookahead-missing-bytes-check	LLM_FP	FP		testchar.c	303		CWE-125	0	24850		
0530_testchar_c_304_local-cpp-cwe-125-cursor-lookahead-missing-bytes-check	LLM_FP	FP		testchar.c	304		CWE-125	0	24850		
0531_testchar_c_306_local-cpp-cwe-125-cursor-lookahead-missing-bytes-check	LLM_FP	FP		testchar.c	306		CWE-125	0	24850		
0532_testchar_c_180_local-cpp-cwe-125-cursor-lookahead-missing-bytes-check	LLM_FP	FP		testchar.c	180		CWE-125	0	24850		
0533_testchar_c_181_local-cpp-cwe-125-cursor-lookahead-missing-bytes-check	LLM_FP	FP		testchar.c	181		CWE-125	0	24850		
0534_testchar_c_182_local-cpp-cwe-125-cursor-lookahead-missing-bytes-check	LLM_FP	FP		testchar.c	182		CWE-125	0	24850		
0535_testchar_c_183_local-cpp-cwe-125-cursor-lookahead-missing-bytes-check	LLM_FP	FP		testchar.c	183		CWE-125	0	24850		
0536_testchar_c_189_local-cpp-cwe-125-cursor-lookahead-missing-bytes-check	LLM_FP	FP		testchar.c	189		CWE-125	0	24850		
0537_testchar_c_190_local-cpp-cwe-125-cursor-lookahead-missing-bytes-check	LLM_FP	FP		testchar.c	190		CWE-125	0	24850		
0538_testchar_c_191_local-cpp-cwe-125-cursor-lookahead-missing-bytes-check	LLM_FP	FP		testchar.c	191		CWE-125	0	24850		
0539_testchar_c_192_local-cpp-cwe-125-cursor-lookahead-missing-bytes-check	LLM_FP	FP		testchar.c	192		CWE-125	0	24850		
0540_testchar_c_200_local-cpp-cwe-125-cursor-lookahead-missing-bytes-check	LLM_FP	FP		testchar.c	200		CWE-125	0	24850		
0541_testchar_c_201_local-cpp-cwe-125-cursor-lookahead-missing-bytes-check	LLM_FP	FP		testchar.c	201		CWE-125	0	24850		
0542_testchar_c_202_local-cpp-cwe-125-cursor-lookahead-missing-bytes-check	LLM_FP	FP		testchar.c	202		CWE-125	0	24850		
0543_testchar_c_203_local-cpp-cwe-125-cursor-lookahead-missing-bytes-check	LLM_FP	FP		testchar.c	203		CWE-125	0	24850		
0544_testchar_c_209_local-cpp-cwe-125-cursor-lookahead-missing-bytes-check	LLM_FP	FP		testchar.c	209		CWE-125	0	24850		
0545_testchar_c_210_local-cpp-cwe-125-cursor-lookahead-missing-bytes-check	LLM_FP	FP		testchar.c	210		CWE-125	0	24850		
0546_testchar_c_211_local-cpp-cwe-125-cursor-lookahead-missing-bytes-check	LLM_FP	FP		testchar.c	211		CWE-125	0	24850		
0547_testchar_c_212_local-cpp-cwe-125-cursor-lookahead-missing-bytes-check	LLM_FP	FP		testchar.c	212		CWE-125	0	24850		
0548_testchar_c_221_local-cpp-cwe-125-cursor-lookahead-missing-bytes-check	LLM_FP	FP		testchar.c	221		CWE-125	0	24850		
0549_testchar_c_222_local-cpp-cwe-125-cursor-lookahead-missing-bytes-check	LLM_FP	FP		testchar.c	222		CWE-125	0	24850		
0550_testchar_c_223_local-cpp-cwe-125-cursor-lookahead-missing-bytes-check	LLM_FP	FP		testchar.c	223		CWE-125	0	24850		
0551_testchar_c_224_local-cpp-cwe-125-cursor-lookahead-missing-bytes-check	LLM_FP	FP		testchar.c	224		CWE-125	0	24850		
0552_testchar_c_230_local-cpp-cwe-125-cursor-lookahead-missing-bytes-check	LLM_FP	FP		testchar.c	230		CWE-125	0	24850		
0553_testchar_c_231_local-cpp-cwe-125-cursor-lookahead-missing-bytes-check	LLM_FP	FP		testchar.c	231		CWE-125	0	24850		
0554_testchar_c_232_local-cpp-cwe-125-cursor-lookahead-missing-bytes-check	LLM_FP	FP		testchar.c	232		CWE-125	0	24850		
0555_testchar_c_233_local-cpp-cwe-125-cursor-lookahead-missing-bytes-check	LLM_FP	FP		testchar.c	233		CWE-125	0	24850		
0556_testchar_c_241_local-cpp-cwe-125-cursor-lookahead-missing-bytes-check	LLM_FP	FP		testchar.c	241		CWE-125	0	24850		
0557_testchar_c_242_local-cpp-cwe-125-cursor-lookahead-missing-bytes-check	LLM_FP	FP		testchar.c	242		CWE-125	0	24850		
0558_testchar_c_243_local-cpp-cwe-125-cursor-lookahead-missing-bytes-check	LLM_FP	FP		testchar.c	243		CWE-125	0	24850		
0559_testchar_c_244_local-cpp-cwe-125-cursor-lookahead-missing-bytes-check	LLM_FP	FP		testchar.c	244		CWE-125	0	24850		
0560_testchar_c_250_local-cpp-cwe-125-cursor-lookahead-missing-bytes-check	LLM_FP	FP		testchar.c	250		CWE-125	0	24850		
0561_testchar_c_251_local-cpp-cwe-125-cursor-lookahead-missing-bytes-check	LLM_FP	FP		testchar.c	251		CWE-125	0	24850		
0562_testchar_c_252_local-cpp-cwe-125-cursor-lookahead-missing-bytes-check	LLM_FP	FP		testchar.c	252		CWE-125	0	24850		
0563_testchar_c_253_local-cpp-cwe-125-cursor-lookahead-missing-bytes-check	LLM_FP	FP		testchar.c	253		CWE-125	0	24850		
0564_testchar_c_86_local-cpp-cwe-125-cursor-lookahead-missing-bytes-check	LLM_FP	FP		testchar.c	86		CWE-125	0	24850		
0565_testchar_c_87_local-cpp-cwe-125-cursor-lookahead-missing-bytes-check	LLM_FP	FP		testchar.c	87		CWE-125	0	24850		
0566_testchar_c_37_local-cpp-cwe-125-cursor-lookahead-missing-bytes-check	LLM_FP	FP		testchar.c	37		CWE-125	0	24850		
0771_testchar_c_840_local-cpp-cwe-787-oob-write	LLM_FP	FP		testchar.c	840		CWE-787	0	24850		
0794_testchar_c_840_local-cpp-cwe-823-pointer-offset	LLM_FP	FP		testchar.c	840		CWE-823	0	24850		
0819_testchar_c_819_sailor-cpp-cwe-476-unchecked-alloc-deref	LLM_FP	FP	null-deref	testchar.c	819		CWE-476	0	24850		
0820_testchar_c_827_sailor-cpp-cwe-476-unchecked-alloc-deref	LLM_FP	FP	null-deref	testchar.c	827		CWE-476	0	24850		
0821_testchar_c_848_sailor-cpp-cwe-476-unchecked-alloc-deref	LLM_FP	FP	null-deref	testchar.c	848		CWE-476	0	24850		
0822_testchar_c_869_sailor-cpp-cwe-476-unchecked-alloc-deref	LLM_FP	FP	null-deref	testchar.c	869		CWE-476	0	24850		
0823_testchar_c_786_sailor-cpp-cwe-476-unchecked-alloc-deref	LLM_FP	FP	null-deref	testchar.c	786		CWE-476	0	24850		
0824_testchar_c_759_sailor-cpp-cwe-476-unchecked-alloc-deref	LLM_FP	FP	null-deref	testchar.c	759		CWE-476	0	24850		
0132_tree_c_195_local-cpp-cwe-120-overflow	LLM_FP	FP		tree.c	195		CWE-120	0	24850		
0133_tree_c_197_local-cpp-cwe-120-overflow	LLM_FP	FP		tree.c	197		CWE-120	0	24850		
0416_tree_c_8697_local-cpp-cwe-125-cursor-lookahead-missing-bytes-check	LLM_FP	FP		tree.c	8697		CWE-125	0	24850		
0435_tree_c_7483_local-cpp-cwe-125-cursor-lookahead-missing-bytes-check	LLM_FP	FP		tree.c	7483		CWE-125	0	24850		
0444_tree_c_7334_local-cpp-cwe-125-cursor-lookahead-missing-bytes-check	LLM_FP	FP		tree.c	7334		CWE-125	0	24850		
0448_tree_c_7055_local-cpp-cwe-125-cursor-lookahead-missing-bytes-check	LLM_FP	FP		tree.c	7055		CWE-125	0	24850		
0449_tree_c_7058_local-cpp-cwe-125-cursor-lookahead-missing-bytes-check	LLM_FP	FP		tree.c	7058		CWE-125	0	24850		
0464_tree_c_5969_local-cpp-cwe-125-cursor-lookahead-missing-bytes-check	LLM_FP	FP		tree.c	5969		CWE-125	0	24850		
0466_tree_c_5973_local-cpp-cwe-125-cursor-lookahead-missing-bytes-check	LLM_FP	FP		tree.c	5973		CWE-125	0	24850		
0478_tree_c_5662_local-cpp-cwe-125-cursor-lookahead-missing-bytes-check	LLM_FP	FP		tree.c	5662		CWE-125	0	24850		
0482_tree_c_5706_local-cpp-cwe-125-cursor-lookahead-missing-bytes-check	LLM_FP	FP		tree.c	5706		CWE-125	0	24850		
0486_tree_c_5538_local-cpp-cwe-125-cursor-lookahead-missing-bytes-check	LLM_FP	FP		tree.c	5538		CWE-125	0	24850		
0487_tree_c_5549_local-cpp-cwe-125-cursor-lookahead-missing-bytes-check	LLM_FP	FP		tree.c	5549		CWE-125	0	24850		
0604_tree_c_1022_local-cpp-cwe-125-cursor-lookahead-missing-bytes-check	LLM_FP	FP		tree.c	1022		CWE-125	0	24850		
0605_tree_c_1034_local-cpp-cwe-125-cursor-lookahead-missing-bytes-check	LLM_FP	FP		tree.c	1034		CWE-125	0	24850		
0606_tree_c_1060_local-cpp-cwe-125-cursor-lookahead-missing-bytes-check	LLM_FP	FP		tree.c	1060		CWE-125	0	24850		
0782_tree_c_197_local-cpp-cwe-787-oob-write	LLM_FP	FP		tree.c	197		CWE-787	0	24850		
0805_tree_c_197_local-cpp-cwe-823-pointer-offset	LLM_FP	FP		tree.c	197		CWE-823	0	24850		
0928_tree_c_5166_sailor-cpp-cwe-674-uncontrolled-recursion	LLM_FP	FP		tree.c	5166		CWE-400	0	24850		
0929_tree_c_5150_sailor-cpp-cwe-674-uncontrolled-recursion	LLM_FP	FP		tree.c	5150		CWE-400	0	24850		
0934_tree_c_3994_sailor-cpp-cwe-674-uncontrolled-recursion	LLM_FP	FP		tree.c	3994		CWE-400	0	24850		
0940_tree_c_3424_sailor-cpp-cwe-674-uncontrolled-recursion	LLM_FP	FP		tree.c	3424		CWE-400	0	24850		
0957_tree_c_1134_sailor-cpp-cwe-674-uncontrolled-recursion	LLM_FP	FP		tree.c	1134		CWE-400	0	24850		
0960_tree_c_844_sailor-cpp-cwe-674-uncontrolled-recursion	LLM_FP	FP		tree.c	844		CWE-400	0	24850		
1024_tree_c_959_sailor-cpp-pattern-free-then-use-intra	LLM_FP	FP		tree.c	959		CWE-416	0	24850		
1025_tree_c_959_sailor-cpp-pattern-free-then-use-intra	LLM_FP	FP		tree.c	959		CWE-416	0	24850		
1026_tree_c_961_sailor-cpp-pattern-free-then-use-intra	LLM_FP	FP		tree.c	961		CWE-416	0	24850		
1027_tree_c_963_sailor-cpp-pattern-free-then-use-intra	LLM_FP	FP		tree.c	963		CWE-416	0	24850		
1028_tree_c_964_sailor-cpp-pattern-free-then-use-intra	LLM_FP	FP		tree.c	964		CWE-416	0	24850		
1029_tree_c_965_sailor-cpp-pattern-free-then-use-intra	LLM_FP	FP		tree.c	965		CWE-416	0	24850		
1030_tree_c_966_sailor-cpp-pattern-free-then-use-intra	LLM_FP	FP		tree.c	966		CWE-416	0	24850		
1031_tree_c_967_sailor-cpp-pattern-free-then-use-intra	LLM_FP	FP		tree.c	967		CWE-416	0	24850		
1032_tree_c_968_sailor-cpp-pattern-free-then-use-intra	LLM_FP	FP		tree.c	968		CWE-416	0	24850		
1109_tree_c_3453_sailor-cpp-CWE-416-DirectFreeArgUseFast	LLM_FP	FP		tree.c	3453		CWE-416	0	24850		
1110_tree_c_3455_sailor-cpp-CWE-416-DirectFreeArgUseFast	LLM_FP	FP		tree.c	3455		CWE-416	0	24850		
1111_tree_c_3459_sailor-cpp-CWE-416-DirectFreeArgUseFast	LLM_FP	FP		tree.c	3459		CWE-416	0	24850		
1112_tree_c_3470_sailor-cpp-CWE-416-DirectFreeArgUseFast	LLM_FP	FP		tree.c	3470		CWE-416	0	24850		
1113_tree_c_3375_sailor-cpp-CWE-416-DirectFreeArgUseFast	LLM_FP	FP		tree.c	3375		CWE-416	0	24850		
1114_tree_c_3381_sailor-cpp-CWE-416-DirectFreeArgUseFast	LLM_FP	FP		tree.c	3381		CWE-416	0	24850		
1115_tree_c_3392_sailor-cpp-CWE-416-DirectFreeArgUseFast	LLM_FP	FP		tree.c	3392		CWE-416	0	24850		
1130_tree_c_1698_sailor-cpp-CWE-416-DirectFreeArgUseFast	LLM_FP	FP		tree.c	1698		CWE-416	0	24850		
1149_tree_c_941_sailor-cpp-CWE-416-DirectFreeArgUseFast	LLM_FP	FP		tree.c	941		CWE-416	0	24850		
1150_tree_c_948_sailor-cpp-CWE-416-DirectFreeArgUseFast	LLM_FP	FP		tree.c	948		CWE-416	0	24850		
1151_tree_c_953_sailor-cpp-CWE-416-DirectFreeArgUseFast	LLM_FP	FP		tree.c	953		CWE-416	0	24850		
1152_tree_c_958_sailor-cpp-CWE-416-DirectFreeArgUseFast	LLM_FP	FP		tree.c	958		CWE-416	0	24850		
1153_tree_c_959_sailor-cpp-CWE-416-DirectFreeArgUseFast	LLM_FP	FP		tree.c	959		CWE-416	0	24850		
1154_tree_c_961_sailor-cpp-CWE-416-DirectFreeArgUseFast	LLM_FP	FP		tree.c	961		CWE-416	0	24850		
1155_tree_c_862_sailor-cpp-CWE-416-DirectFreeArgUseFast	LLM_FP	FP		tree.c	862		CWE-416	0	24850		
1156_tree_c_864_sailor-cpp-CWE-416-DirectFreeArgUseFast	LLM_FP	FP		tree.c	864		CWE-416	0	24850		
1157_tree_c_866_sailor-cpp-CWE-416-DirectFreeArgUseFast	LLM_FP	FP		tree.c	866		CWE-416	0	24850		
1158_tree_c_868_sailor-cpp-CWE-416-DirectFreeArgUseFast	LLM_FP	FP		tree.c	868		CWE-416	0	24850		
1181_tree_c_2516_sailor-cpp-uaf-lookup-remove-use-intra	LLM_FP	FP		tree.c	2516		CWE-416	0	24850		
1182_tree_c_2517_sailor-cpp-uaf-lookup-remove-use-intra	LLM_FP	FP		tree.c	2517		CWE-416	0	24850		
1183_tree_c_2518_sailor-cpp-uaf-lookup-remove-use-intra	LLM_FP	FP		tree.c	2518		CWE-416	0	24850		
1184_tree_c_2527_sailor-cpp-uaf-lookup-remove-use-intra	LLM_FP	FP		tree.c	2527		CWE-416	0	24850		
1185_tree_c_2527_sailor-cpp-uaf-lookup-remove-use-intra	LLM_FP	FP		tree.c	2527		CWE-416	0	24850		
1186_tree_c_2529_sailor-cpp-uaf-lookup-remove-use-intra	LLM_FP	FP		tree.c	2529		CWE-416	0	24850		
1187_tree_c_2530_sailor-cpp-uaf-lookup-remove-use-intra	LLM_FP	FP		tree.c	2530		CWE-416	0	24850		
1188_tree_c_2531_sailor-cpp-uaf-lookup-remove-use-intra	LLM_FP	FP		tree.c	2531		CWE-416	0	24850		
1189_tree_c_2548_sailor-cpp-uaf-lookup-remove-use-intra	LLM_FP	FP		tree.c	2548		CWE-416	0	24850		
1190_tree_c_2564_sailor-cpp-uaf-lookup-remove-use-intra	LLM_FP	FP		tree.c	2564		CWE-416	0	24850		
1211_tree_c_5611_sailor-cpp-uaf-free-then-return-intra.min	LLM_FP	FP		tree.c	5611		CWE-416	0	24850		
1227_tree_c_3827_sailor-cpp-uaf-free-then-return-intra.min	LLM_FP	FP		tree.c	3827		CWE-416	0	24850		
1229_tree_c_3655_sailor-cpp-uaf-free-then-return-intra.min	LLM_FP	FP		tree.c	3655		CWE-416	0	24850		
1230_tree_c_3128_sailor-cpp-uaf-free-then-return-intra.min	LLM_FP	FP		tree.c	3128		CWE-416	0	24850		
1231_tree_c_3049_sailor-cpp-uaf-free-then-return-intra.min	LLM_FP	FP		tree.c	3049		CWE-416	0	24850		
1232_tree_c_2873_sailor-cpp-uaf-free-then-return-intra.min	LLM_FP	FP		tree.c	2873		CWE-416	0	24850		
1235_tree_c_2311_sailor-cpp-uaf-free-then-return-intra.min	LLM_FP	FP		tree.c	2311		CWE-416	0	24850		
1236_tree_c_1997_sailor-cpp-uaf-free-then-return-intra.min	LLM_FP	FP		tree.c	1997		CWE-416	0	24850		
0583_xmlreader_c_3868_local-cpp-cwe-125-cursor-lookahead-missing-bytes-check	LLM_FP	FP		xmlreader.c	3868		CWE-125	0	24850		
0584_xmlreader_c_3874_local-cpp-cwe-125-cursor-lookahead-missing-bytes-check	LLM_FP	FP		xmlreader.c	3874		CWE-125	0	24850		
0648_xmlreader_c_713_local-cpp-cwe-125-cursor-lookahead-missing-bytes-check	REPRODUCER_BUILD_FAIL	REPRODUCER_BUILD_FAIL	heap-buffer-overflow	xmlreader.c	713		CWE-125	0	24850		
0649_xmlreader_c_714_local-cpp-cwe-125-cursor-lookahead-missing-bytes-check	REPRODUCER_BUILD_FAIL	REPRODUCER_BUILD_FAIL	heap-buffer-overflow	xmlreader.c	714		CWE-125	0	24850		
0650_xmlreader_c_656_local-cpp-cwe-125-cursor-lookahead-missing-bytes-check	REPRODUCER_BUILD_FAIL	REPRODUCER_BUILD_FAIL	heap-buffer-overflow	xmlreader.c	656		CWE-125	0	24850		
0651_xmlreader_c_657_local-cpp-cwe-125-cursor-lookahead-missing-bytes-check	REPRODUCER_BUILD_FAIL	REPRODUCER_BUILD_FAIL	heap-buffer-overflow	xmlreader.c	657		CWE-125	0	24850		
0652_xmlreader_c_598_local-cpp-cwe-125-cursor-lookahead-missing-bytes-check	LLM_FP	FP		xmlreader.c	598		CWE-125	0	24850		
0653_xmlreader_c_604_local-cpp-cwe-125-cursor-lookahead-missing-bytes-check	LLM_FP	FP		xmlreader.c	604		CWE-125	0	24850		
0966_xmlreader_c_1862_sailor-cpp-cwe-674-uncontrolled-recursion	LLM_FP	FP		xmlreader.c	1862		CWE-400	0	24850		
1069_xmlreader_c_5179_sailor-cpp-CWE-416-DirectFreeArgUseFast	LLM_FP	FP		xmlreader.c	5179		CWE-416	0	24850		
1070_xmlreader_c_4749_sailor-cpp-CWE-416-DirectFreeArgUseFast	LLM_FP	FP		xmlreader.c	4749		CWE-416	0	24850		
1071_xmlreader_c_4777_sailor-cpp-CWE-416-DirectFreeArgUseFast	LLM_FP	FP		xmlreader.c	4777		CWE-416	0	24850		
1072_xmlreader_c_4781_sailor-cpp-CWE-416-DirectFreeArgUseFast	LLM_FP	FP		xmlreader.c	4781		CWE-416	0	24850		
1073_xmlreader_c_4782_sailor-cpp-CWE-416-DirectFreeArgUseFast	LLM_FP	FP		xmlreader.c	4782		CWE-416	0	24850		
1075_xmlreader_c_4783_sailor-cpp-CWE-416-DirectFreeArgUseFast	LLM_FP	FP		xmlreader.c	4783		CWE-416	0	24850		
1076_xmlreader_c_4789_sailor-cpp-CWE-416-DirectFreeArgUseFast	LLM_FP	FP		xmlreader.c	4789		CWE-416	0	24850		
1077_xmlreader_c_4800_sailor-cpp-CWE-416-DirectFreeArgUseFast	LLM_FP	FP		xmlreader.c	4800		CWE-416	0	24850		
1078_xmlreader_c_4803_sailor-cpp-CWE-416-DirectFreeArgUseFast	LLM_FP	FP		xmlreader.c	4803		CWE-416	0	24850		
1083_xmlreader_c_4817_sailor-cpp-CWE-416-DirectFreeArgUseFast	LLM_FP	FP		xmlreader.c	4817		CWE-416	0	24850		
1086_xmlreader_c_4827_sailor-cpp-CWE-416-DirectFreeArgUseFast	LLM_FP	FP		xmlreader.c	4827		CWE-416	0	24850		
1088_xmlreader_c_4847_sailor-cpp-CWE-416-DirectFreeArgUseFast	LLM_FP	FP		xmlreader.c	4847		CWE-416	0	24850		
1089_xmlreader_c_4865_sailor-cpp-CWE-416-DirectFreeArgUseFast	LLM_FP	FP		xmlreader.c	4865		CWE-416	0	24850		
1090_xmlreader_c_4865_sailor-cpp-CWE-416-DirectFreeArgUseFast	LLM_FP	FP		xmlreader.c	4865		CWE-416	0	24850		
1091_xmlreader_c_4874_sailor-cpp-CWE-416-DirectFreeArgUseFast	LLM_FP	FP		xmlreader.c	4874		CWE-416	0	24850		
1092_xmlreader_c_4876_sailor-cpp-CWE-416-DirectFreeArgUseFast	LLM_FP	FP		xmlreader.c	4876		CWE-416	0	24850		
1116_xmlreader_c_4069_sailor-cpp-CWE-416-DirectFreeArgUseFast	LLM_FP	FP		xmlreader.c	4069		CWE-416	0	24850		
1117_xmlreader_c_4073_sailor-cpp-CWE-416-DirectFreeArgUseFast	LLM_FP	FP		xmlreader.c	4073		CWE-416	0	24850		
1118_xmlreader_c_4074_sailor-cpp-CWE-416-DirectFreeArgUseFast	LLM_FP	FP		xmlreader.c	4074		CWE-416	0	24850		
1119_xmlreader_c_4075_sailor-cpp-CWE-416-DirectFreeArgUseFast	LLM_FP	FP		xmlreader.c	4075		CWE-416	0	24850		
1120_xmlreader_c_4077_sailor-cpp-CWE-416-DirectFreeArgUseFast	LLM_FP	FP		xmlreader.c	4077		CWE-416	0	24850		
1121_xmlreader_c_4079_sailor-cpp-CWE-416-DirectFreeArgUseFast	LLM_FP	FP		xmlreader.c	4079		CWE-416	0	24850		
1122_xmlreader_c_4083_sailor-cpp-CWE-416-DirectFreeArgUseFast	LLM_FP	FP		xmlreader.c	4083		CWE-416	0	24850		
1123_xmlreader_c_4085_sailor-cpp-CWE-416-DirectFreeArgUseFast	LLM_FP	FP		xmlreader.c	4085		CWE-416	0	24850		
1124_xmlreader_c_4088_sailor-cpp-CWE-416-DirectFreeArgUseFast	LLM_FP	FP		xmlreader.c	4088		CWE-416	0	24850		
1125_xmlreader_c_4089_sailor-cpp-CWE-416-DirectFreeArgUseFast	LLM_FP	FP		xmlreader.c	4089		CWE-416	0	24850		
1126_xmlreader_c_3934_sailor-cpp-CWE-416-DirectFreeArgUseFast	LLM_FP	FP		xmlreader.c	3934		CWE-416	0	24850		
1127_xmlreader_c_3948_sailor-cpp-CWE-416-DirectFreeArgUseFast	LLM_FP	FP		xmlreader.c	3948		CWE-416	0	24850		
1128_xmlreader_c_3956_sailor-cpp-CWE-416-DirectFreeArgUseFast	LLM_FP	FP		xmlreader.c	3956		CWE-416	0	24850		
1129_xmlreader_c_3957_sailor-cpp-CWE-416-DirectFreeArgUseFast	LLM_FP	FP		xmlreader.c	3957		CWE-416	0	24850		
1134_xmlreader_c_2218_sailor-cpp-CWE-416-DirectFreeArgUseFast	LLM_FP	FP		xmlreader.c	2218		CWE-416	0	24850		
1135_xmlreader_c_2225_sailor-cpp-CWE-416-DirectFreeArgUseFast	LLM_FP	FP		xmlreader.c	2225		CWE-416	0	24850		
1136_xmlreader_c_2228_sailor-cpp-CWE-416-DirectFreeArgUseFast	LLM_FP	FP		xmlreader.c	2228		CWE-416	0	24850		
1137_xmlreader_c_2228_sailor-cpp-CWE-416-DirectFreeArgUseFast	LLM_FP	FP		xmlreader.c	2228		CWE-416	0	24850		
1138_xmlreader_c_2233_sailor-cpp-CWE-416-DirectFreeArgUseFast	LLM_FP	FP		xmlreader.c	2233		CWE-416	0	24850		
1139_xmlreader_c_2136_sailor-cpp-CWE-416-DirectFreeArgUseFast	LLM_FP	FP		xmlreader.c	2136		CWE-416	0	24850		
1140_xmlreader_c_2142_sailor-cpp-CWE-416-DirectFreeArgUseFast	LLM_FP	FP		xmlreader.c	2142		CWE-416	0	24850		
1141_xmlreader_c_2147_sailor-cpp-CWE-416-DirectFreeArgUseFast	LLM_FP	FP		xmlreader.c	2147		CWE-416	0	24850		
1142_xmlreader_c_2151_sailor-cpp-CWE-416-DirectFreeArgUseFast	LLM_FP	FP		xmlreader.c	2151		CWE-416	0	24850		
1143_xmlreader_c_2157_sailor-cpp-CWE-416-DirectFreeArgUseFast	LLM_FP	FP		xmlreader.c	2157		CWE-416	0	24850		
1144_xmlreader_c_2164_sailor-cpp-CWE-416-DirectFreeArgUseFast	LLM_FP	FP		xmlreader.c	2164		CWE-416	0	24850		
1145_xmlreader_c_2170_sailor-cpp-CWE-416-DirectFreeArgUseFast	LLM_FP	FP		xmlreader.c	2170		CWE-416	0	24850		
1146_xmlreader_c_2175_sailor-cpp-CWE-416-DirectFreeArgUseFast	LLM_FP	FP		xmlreader.c	2175		CWE-416	0	24850		
1147_xmlreader_c_2180_sailor-cpp-CWE-416-DirectFreeArgUseFast	LLM_FP	FP		xmlreader.c	2180		CWE-416	0	24850		
1148_xmlreader_c_2184_sailor-cpp-CWE-416-DirectFreeArgUseFast	LLM_FP	FP		xmlreader.c	2184		CWE-416	0	24850		
1212_xmlreader_c_5156_sailor-cpp-uaf-free-then-return-intra.min	LLM_FP	FP		xmlreader.c	5156		CWE-416	0	24850		
1213_xmlreader_c_5113_sailor-cpp-uaf-free-then-return-intra.min	LLM_FP	FP		xmlreader.c	5113		CWE-416	0	24850		
1214_xmlreader_c_5059_sailor-cpp-uaf-free-then-return-intra.min	LLM_FP	FP		xmlreader.c	5059		CWE-416	0	24850		
1216_xmlreader_c_5024_sailor-cpp-uaf-free-then-return-intra.min	LLM_FP	FP		xmlreader.c	5024		CWE-416	0	24850		
1281_xmlreader_c_1436_sailor-cpp-cwe-416-use-after-realloc	LLM_FP	FP		xmlreader.c	1436		CWE-416	0	24850		
1282_xmlreader_c_1437_sailor-cpp-cwe-416-use-after-realloc	LLM_FP	FP		xmlreader.c	1437		CWE-416	0	24850		
1283_xmlreader_c_1438_sailor-cpp-cwe-416-use-after-realloc	LLM_FP	FP		xmlreader.c	1438		CWE-416	0	24850		
1284_xmlreader_c_1439_sailor-cpp-cwe-416-use-after-realloc	LLM_FP	FP		xmlreader.c	1439		CWE-416	0	24850		
1285_xmlreader_c_1472_sailor-cpp-cwe-416-use-after-realloc	LLM_FP	FP		xmlreader.c	1472		CWE-416	0	24850		
1286_xmlreader_c_1476_sailor-cpp-cwe-416-use-after-realloc	LLM_FP	FP		xmlreader.c	1476		CWE-416	0	24850		
1287_xmlreader_c_1485_sailor-cpp-cwe-416-use-after-realloc	LLM_FP	FP		xmlreader.c	1485		CWE-416	0	24850		
1288_xmlreader_c_1487_sailor-cpp-cwe-416-use-after-realloc	LLM_FP	FP		xmlreader.c	1487		CWE-416	0	24850		
1289_xmlreader_c_1488_sailor-cpp-cwe-416-use-after-realloc	LLM_FP	FP		xmlreader.c	1488		CWE-416	0	24850		
1290_xmlreader_c_1489_sailor-cpp-cwe-416-use-after-realloc	LLM_FP	FP		xmlreader.c	1489		CWE-416	0	24850		
1291_xmlreader_c_1492_sailor-cpp-cwe-416-use-after-realloc	LLM_FP	FP		xmlreader.c	1492		CWE-416	0	24850		
0057_uri_c_2659_local-cpp-cwe-120-overflow	LLM_FP	FP		uri.c	2659		CWE-120	0	24850		
0058_uri_c_2662_local-cpp-cwe-120-overflow	LLM_FP	FP		uri.c	2662		CWE-120	0	24850		
0059_uri_c_2433_local-cpp-cwe-120-overflow	LLM_FP	FP		uri.c	2433		CWE-120	0	24850		
0060_uri_c_2435_local-cpp-cwe-120-overflow	LLM_FP	FP		uri.c	2435		CWE-120	0	24850		
0061_uri_c_1923_local-cpp-cwe-120-overflow	LLM_FP	FP		uri.c	1923		CWE-120	0	24850		
0062_uri_c_1924_local-cpp-cwe-120-overflow	LLM_FP	FP		uri.c	1924		CWE-120	0	24850		
0399_uri_c_2570_local-cpp-cwe-125-cursor-lookahead-missing-bytes-check	LLM_FP	FP		uri.c	2570		CWE-125	0	24850		
0400_uri_c_2570_local-cpp-cwe-125-cursor-lookahead-missing-bytes-check	LLM_FP	FP		uri.c	2570		CWE-125	0	24850		
0401_uri_c_2614_local-cpp-cwe-125-cursor-lookahead-missing-bytes-check	LLM_FP	FP		uri.c	2614		CWE-125	0	24850		
0402_uri_c_2658_local-cpp-cwe-125-cursor-lookahead-missing-bytes-check	LLM_FP	FP		uri.c	2658		CWE-125	0	24850		
0406_uri_c_2432_local-cpp-cwe-125-cursor-lookahead-missing-bytes-check	LLM_FP	FP		uri.c	2432		CWE-125	0	24850		
0414_uri_c_2227_local-cpp-cwe-125-cursor-lookahead-missing-bytes-check	LLM_FP	FP		uri.c	2227		CWE-125	0	24850		
0415_uri_c_2251_local-cpp-cwe-125-cursor-lookahead-missing-bytes-check	LLM_FP	FP		uri.c	2251		CWE-125	0	24850		
0417_uri_c_2280_local-cpp-cwe-125-cursor-lookahead-missing-bytes-check	LLM_FP	FP		uri.c	2280		CWE-125	0	24850		
0420_uri_c_1836_local-cpp-cwe-125-cursor-lookahead-missing-bytes-check	LLM_FP	FP		uri.c	1836		CWE-125	0	24850		
0422_uri_c_1598_local-cpp-cwe-125-cursor-lookahead-missing-bytes-check	LLM_FP	FP		uri.c	1598		CWE-125	0	24850		
0425_uri_c_1489_local-cpp-cwe-125-cursor-lookahead-missing-bytes-check	REPRODUCER_BUILD_FAIL	REPRODUCER_BUILD_FAIL	heap-buffer-overflow	uri.c	1489		CWE-125	0	24850		
0426_uri_c_1492_local-cpp-cwe-125-cursor-lookahead-missing-bytes-check	REPRODUCER_BUILD_FAIL	REPRODUCER_BUILD_FAIL	heap-buffer-overflow	uri.c	1492		CWE-125	0	24850		
0427_uri_c_1496_local-cpp-cwe-125-cursor-lookahead-missing-bytes-check	REPRODUCER_BUILD_FAIL	REPRODUCER_BUILD_FAIL	heap-buffer-overflow	uri.c	1496		CWE-125	0	24850		
0428_uri_c_1497_local-cpp-cwe-125-cursor-lookahead-missing-bytes-check	REPRODUCER_BUILD_FAIL	REPRODUCER_BUILD_FAIL	heap-buffer-overflow	uri.c	1497		CWE-125	0	24850		
0429_uri_c_1497_local-cpp-cwe-125-cursor-lookahead-missing-bytes-check	REPRODUCER_BUILD_FAIL	REPRODUCER_BUILD_FAIL	heap-buffer-overflow	uri.c	1497		CWE-125	0	24850		
0430_uri_c_1506_local-cpp-cwe-125-cursor-lookahead-missing-bytes-check	REPRODUCER_BUILD_FAIL	REPRODUCER_BUILD_FAIL	heap-buffer-overflow	uri.c	1506		CWE-125	0	24850		
0431_uri_c_1512_local-cpp-cwe-125-cursor-lookahead-missing-bytes-check	REPRODUCER_BUILD_FAIL	REPRODUCER_BUILD_FAIL	heap-buffer-overflow	uri.c	1512		CWE-125	0	24850		
0436_uri_c_1246_local-cpp-cwe-125-cursor-lookahead-missing-bytes-check	LLM_FP	FP		uri.c	1246		CWE-125	0	24850		
0437_uri_c_1247_local-cpp-cwe-125-cursor-lookahead-missing-bytes-check	LLM_FP	FP		uri.c	1247		CWE-125	0	24850		
0438_uri_c_1247_local-cpp-cwe-125-cursor-lookahead-missing-bytes-check	LLM_FP	FP		uri.c	1247		CWE-125	0	24850		
0439_uri_c_1248_local-cpp-cwe-125-cursor-lookahead-missing-bytes-check	LLM_FP	FP		uri.c	1248		CWE-125	0	24850		
0441_uri_c_1248_local-cpp-cwe-125-cursor-lookahead-missing-bytes-check	LLM_FP	FP		uri.c	1248		CWE-125	0	24850		
0442_uri_c_1249_local-cpp-cwe-125-cursor-lookahead-missing-bytes-check	LLM_FP	FP		uri.c	1249		CWE-125	0	24850		
0770_uri_c_1924_local-cpp-cwe-787-oob-write	LLM_FP	FP		uri.c	1924		CWE-787	0	24850		
0793_uri_c_1924_local-cpp-cwe-823-pointer-offset	LLM_FP	FP		uri.c	1924		CWE-823	0	24850		
1210_uri_c_1043_sailor-cpp-uaf-free-then-return-intra.min	LLM_FP	FP		uri.c	1043		CWE-416	0	24850		
1247_uri_c_1136_sailor-cpp-cwe-416-use-after-realloc	LLM_FP	FP		uri.c	1136		CWE-416	0	24850		
1248_uri_c_1136_sailor-cpp-cwe-416-use-after-realloc	LLM_FP	FP		uri.c	1136		CWE-416	0	24850		
1249_uri_c_1163_sailor-cpp-cwe-416-use-after-realloc	LLM_FP	FP		uri.c	1163		CWE-416	0	24850		
1250_uri_c_1164_sailor-cpp-cwe-416-use-after-realloc	LLM_FP	FP		uri.c	1164		CWE-416	0	24850		
1251_uri_c_1164_sailor-cpp-cwe-416-use-after-realloc	LLM_FP	FP		uri.c	1164		CWE-416	0	24850		
1252_uri_c_1165_sailor-cpp-cwe-416-use-after-realloc	LLM_FP	FP		uri.c	1165		CWE-416	0	24850		
1253_uri_c_1165_sailor-cpp-cwe-416-use-after-realloc	LLM_FP	FP		uri.c	1165		CWE-416	0	24850		
1254_uri_c_1166_sailor-cpp-cwe-416-use-after-realloc	LLM_FP	FP		uri.c	1166		CWE-416	0	24850		
1255_uri_c_1166_sailor-cpp-cwe-416-use-after-realloc	LLM_FP	FP		uri.c	1166		CWE-416	0	24850		
1256_uri_c_1167_sailor-cpp-cwe-416-use-after-realloc	LLM_FP	FP		uri.c	1167		CWE-416	0	24850		
1257_uri_c_1219_sailor-cpp-cwe-416-use-after-realloc	LLM_FP	FP		uri.c	1219		CWE-416	0	24850		
1258_uri_c_1220_sailor-cpp-cwe-416-use-after-realloc	LLM_FP	FP		uri.c	1220		CWE-416	0	24850		
1259_uri_c_1220_sailor-cpp-cwe-416-use-after-realloc	LLM_FP	FP		uri.c	1220		CWE-416	0	24850		
1260_uri_c_1220_sailor-cpp-cwe-416-use-after-realloc	LLM_FP	FP		uri.c	1220		CWE-416	0	24850		
1261_uri_c_1221_sailor-cpp-cwe-416-use-after-realloc	LLM_FP	FP		uri.c	1221		CWE-416	0	24850		
1262_uri_c_1221_sailor-cpp-cwe-416-use-after-realloc	LLM_FP	FP		uri.c	1221		CWE-416	0	24850		
1263_uri_c_1221_sailor-cpp-cwe-416-use-after-realloc	LLM_FP	FP		uri.c	1221		CWE-416	0	24850		
1264_uri_c_1222_sailor-cpp-cwe-416-use-after-realloc	LLM_FP	FP		uri.c	1222		CWE-416	0	24850		
1265_uri_c_1222_sailor-cpp-cwe-416-use-after-realloc	LLM_FP	FP		uri.c	1222		CWE-416	0	24850		
1266_uri_c_1260_sailor-cpp-cwe-416-use-after-realloc	LLM_FP	FP		uri.c	1260		CWE-416	0	24850		
1267_uri_c_1266_sailor-cpp-cwe-416-use-after-realloc	LLM_FP	FP		uri.c	1266		CWE-416	0	24850		
1268_uri_c_1266_sailor-cpp-cwe-416-use-after-realloc	LLM_FP	FP		uri.c	1266		CWE-416	0	24850		
1269_uri_c_1267_sailor-cpp-cwe-416-use-after-realloc	LLM_FP	FP		uri.c	1267		CWE-416	0	24850		
1270_uri_c_1267_sailor-cpp-cwe-416-use-after-realloc	LLM_FP	FP		uri.c	1267		CWE-416	0	24850		
1271_uri_c_1267_sailor-cpp-cwe-416-use-after-realloc	LLM_FP	FP		uri.c	1267		CWE-416	0	24850		
1272_uri_c_1268_sailor-cpp-cwe-416-use-after-realloc	LLM_FP	FP		uri.c	1268		CWE-416	0	24850		
1273_uri_c_1268_sailor-cpp-cwe-416-use-after-realloc	LLM_FP	FP		uri.c	1268		CWE-416	0	24850		
1274_uri_c_1268_sailor-cpp-cwe-416-use-after-realloc	LLM_FP	FP		uri.c	1268		CWE-416	0	24850		
1275_uri_c_1269_sailor-cpp-cwe-416-use-after-realloc	LLM_FP	FP		uri.c	1269		CWE-416	0	24850		
1276_uri_c_1310_sailor-cpp-cwe-416-use-after-realloc	LLM_FP	FP		uri.c	1310		CWE-416	0	24850		
1277_uri_c_1310_sailor-cpp-cwe-416-use-after-realloc	LLM_FP	FP		uri.c	1310		CWE-416	0	24850		
1278_uri_c_1336_sailor-cpp-cwe-416-use-after-realloc	LLM_FP	FP		uri.c	1336		CWE-416	0	24850		
1279_uri_c_1336_sailor-cpp-cwe-416-use-after-realloc	LLM_FP	FP		uri.c	1336		CWE-416	0	24850		
0143_xpath_c_5478_local-cpp-cwe-120-overflow	LLM_FP	FP		xpath.c	5478		CWE-120	0	24850		
0144_xpath_c_5494_local-cpp-cwe-120-overflow	LLM_FP	FP		xpath.c	5494		CWE-120	0	24850		
0145_xpath_c_2681_local-cpp-cwe-120-overflow	LLM_FP	FP		xpath.c	2681		CWE-120	0	24850		
0146_xpath_c_2339_local-cpp-cwe-120-overflow	LLM_FP	FP		xpath.c	2339		CWE-120	0	24850		
0147_xpath_c_959_local-cpp-cwe-120-overflow	LLM_FP	FP		xpath.c	959		CWE-120	0	24850		
0621_xpath_c_11644_local-cpp-cwe-125-cursor-lookahead-missing-bytes-check	LLM_FP	FP		xpath.c	11644		CWE-125	0	24850		
0664_xpath_c_9530_local-cpp-cwe-125-cursor-lookahead-missing-bytes-check	LLM_FP	FP		xpath.c	9530		CWE-125	0	24850		
0667_xpath_c_9483_local-cpp-cwe-125-cursor-lookahead-missing-bytes-check	LLM_FP	FP		xpath.c	9483		CWE-125	0	24850		
0674_xpath_c_9496_local-cpp-cwe-125-cursor-lookahead-missing-bytes-check	LLM_FP	FP		xpath.c	9496		CWE-125	0	24850		
0679_xpath_c_9392_local-cpp-cwe-125-cursor-lookahead-missing-bytes-check	LLM_FP	FP		xpath.c	9392		CWE-125	0	24850		
0680_xpath_c_9417_local-cpp-cwe-125-cursor-lookahead-missing-bytes-check	LLM_FP	FP		xpath.c	9417		CWE-125	0	24850		
0683_xpath_c_9104_local-cpp-cwe-125-cursor-lookahead-missing-bytes-check	LLM_FP	FP		xpath.c	9104		CWE-125	0	24850		
0686_xpath_c_9066_local-cpp-cwe-125-cursor-lookahead-missing-bytes-check	LLM_FP	FP		xpath.c	9066		CWE-125	0	24850		
0687_xpath_c_9037_local-cpp-cwe-125-cursor-lookahead-missing-bytes-check	LLM_FP	FP		xpath.c	9037		CWE-125	0	24850		
0688_xpath_c_9006_local-cpp-cwe-125-cursor-lookahead-missing-bytes-check	LLM_FP	FP		xpath.c	9006		CWE-125	0	24850		
0690_xpath_c_8924_local-cpp-cwe-125-cursor-lookahead-missing-bytes-check	LLM_FP	FP		xpath.c	8924		CWE-125	0	24850		
0691_xpath_c_8925_local-cpp-cwe-125-cursor-lookahead-missing-bytes-check	LLM_FP	FP		xpath.c	8925		CWE-125	0	24850		
0693_xpath_c_8742_local-cpp-cwe-125-cursor-lookahead-missing-bytes-check	LLM_FP	FP		xpath.c	8742		CWE-125	0	24850		
0694_xpath_c_8831_local-cpp-cwe-125-cursor-lookahead-missing-bytes-check	LLM_FP	FP		xpath.c	8831		CWE-125	0	24850		
0697_xpath_c_8658_local-cpp-cwe-125-cursor-lookahead-missing-bytes-check	LLM_FP	FP		xpath.c	8658		CWE-125	0	24850		
0735_xpath_c_5562_local-cpp-cwe-125-cursor-lookahead-missing-bytes-check	LLM_FP	FP		xpath.c	5562		CWE-125	0	24850		
0736_xpath_c_5633_local-cpp-cwe-125-cursor-lookahead-missing-bytes-check	LLM_FP	FP		xpath.c	5633		CWE-125	0	24850		
0737_xpath_c_5034_local-cpp-cwe-125-cursor-lookahead-missing-bytes-check	LLM_FP	FP		xpath.c	5034		CWE-125	0	24850		
0738_xpath_c_5036_local-cpp-cwe-125-cursor-lookahead-missing-bytes-check	LLM_FP	FP		xpath.c	5036		CWE-125	0	24850		
0739_xpath_c_4948_local-cpp-cwe-125-cursor-lookahead-missing-bytes-check	LLM_FP	FP		xpath.c	4948		CWE-125	0	24850		
0740_xpath_c_4950_local-cpp-cwe-125-cursor-lookahead-missing-bytes-check	LLM_FP	FP		xpath.c	4950		CWE-125	0	24850		
0741_xpath_c_4955_local-cpp-cwe-125-cursor-lookahead-missing-bytes-check	LLM_FP	FP		xpath.c	4955		CWE-125	0	24850		
0742_xpath_c_4957_local-cpp-cwe-125-cursor-lookahead-missing-bytes-check	LLM_FP	FP		xpath.c	4957		CWE-125	0	24850		
0743_xpath_c_4977_local-cpp-cwe-125-cursor-lookahead-missing-bytes-check	LLM_FP	FP		xpath.c	4977		CWE-125	0	24850		
0744_xpath_c_4979_local-cpp-cwe-125-cursor-lookahead-missing-bytes-check	LLM_FP	FP		xpath.c	4979		CWE-125	0	24850		
0745_xpath_c_4981_local-cpp-cwe-125-cursor-lookahead-missing-bytes-check	LLM_FP	FP		xpath.c	4981		CWE-125	0	24850		
0746_xpath_c_4983_local-cpp-cwe-125-cursor-lookahead-missing-bytes-check	LLM_FP	FP		xpath.c	4983		CWE-125	0	24850		
0747_xpath_c_4985_local-cpp-cwe-125-cursor-lookahead-missing-bytes-check	LLM_FP	FP		xpath.c	4985		CWE-125	0	24850		
0748_xpath_c_3968_local-cpp-cwe-125-cursor-lookahead-missing-bytes-check	LLM_FP	FP		xpath.c	3968		CWE-125	0	24850		
0749_xpath_c_2739_local-cpp-cwe-125-cursor-lookahead-missing-bytes-check	LLM_FP	FP		xpath.c	2739		CWE-125	0	24850		
0750_xpath_c_2743_local-cpp-cwe-125-cursor-lookahead-missing-bytes-check	LLM_FP	FP		xpath.c	2743		CWE-125	0	24850		
0751_xpath_c_2320_local-cpp-cwe-125-cursor-lookahead-missing-bytes-check	LLM_FP	FP		xpath.c	2320		CWE-125	0	24850		
0752_xpath_c_2020_local-cpp-cwe-125-cursor-lookahead-missing-bytes-check	LLM_FP	FP		xpath.c	2020		CWE-125	0	24850		
0753_xpath_c_2027_local-cpp-cwe-125-cursor-lookahead-missing-bytes-check	LLM_FP	FP		xpath.c	2027		CWE-125	0	24850		
0754_xpath_c_717_local-cpp-cwe-125-cursor-lookahead-missing-bytes-check	LLM_FP	FP		xpath.c	717		CWE-125	0	24850		
0755_xpath_c_718_local-cpp-cwe-125-cursor-lookahead-missing-bytes-check	LLM_FP	FP		xpath.c	718		CWE-125	0	24850		
0756_xpath_c_223_local-cpp-cwe-125-cursor-lookahead-missing-bytes-check	LLM_FP	FP		xpath.c	223		CWE-125	0	24850		
0979_xpath_c_5891_sailor-cpp-cwe-674-uncontrolled-recursion	LLM_FP	FP		xpath.c	5891		CWE-400	0	24850		
0980_xpath_c_5894_sailor-cpp-cwe-674-uncontrolled-recursion	LLM_FP	FP		xpath.c	5894		CWE-400	0	24850		
0988_xpath_c_5289_sailor-cpp-cwe-674-uncontrolled-recursion	LLM_FP	FP		xpath.c	5289		CWE-400	0	24850		
1296_xpath_c_2927_sailor-cpp-cwe-416-use-after-realloc	REPRODUCER_BUILD_FAIL	REPRODUCER_BUILD_FAIL	use-after-free	xpath.c	2927		CWE-416	0	24850		
1327_xpath_c_9764_sailor-wmi-2-type-confusion-leak	LLM_FP	FP		xpath.c	9764		CWE-125	0	24850		
0075_runtest_c_4931_local-cpp-cwe-120-overflow	LLM_FP	FP		runtest.c	4931		CWE-120	0	24850		
0076_runtest_c_4795_local-cpp-cwe-120-overflow	LLM_FP	FP		runtest.c	4795		CWE-120	0	24850		
0079_runtest_c_4496_local-cpp-cwe-120-overflow	LLM_FP	FP		runtest.c	4496		CWE-120	0	24850		
0081_runtest_c_4128_local-cpp-cwe-120-overflow	LLM_FP	FP		runtest.c	4128		CWE-120	0	24850		
0082_runtest_c_4132_local-cpp-cwe-120-overflow	LLM_FP	FP		runtest.c	4132		CWE-120	0	24850		
0083_runtest_c_4159_local-cpp-cwe-120-overflow	LLM_FP	FP		runtest.c	4159		CWE-120	0	24850		
0087_runtest_c_3845_local-cpp-cwe-120-overflow	LLM_FP	FP		runtest.c	3845		CWE-120	0	24850		
0088_runtest_c_3702_local-cpp-cwe-120-overflow	LLM_FP	FP		runtest.c	3702		CWE-120	0	24850		
0089_runtest_c_3574_local-cpp-cwe-120-overflow	LLM_FP	FP		runtest.c	3574		CWE-120	0	24850		
0090_runtest_c_3582_local-cpp-cwe-120-overflow	LLM_FP	FP		runtest.c	3582		CWE-120	0	24850		
0091_runtest_c_3395_local-cpp-cwe-120-overflow	LLM_FP	FP		runtest.c	3395		CWE-120	0	24850		
0093_runtest_c_3212_local-cpp-cwe-120-overflow	LLM_FP	FP		runtest.c	3212		CWE-120	0	24850		
0095_runtest_c_2913_local-cpp-cwe-120-overflow	LLM_FP	FP		runtest.c	2913		CWE-120	0	24850		
0120_runtest_c_527_local-cpp-cwe-120-overflow	LLM_FP	FP		runtest.c	527		CWE-120	0	24850		
0121_runtest_c_489_local-cpp-cwe-120-overflow	LLM_FP	FP		runtest.c	489		CWE-120	0	24850		
0122_runtest_c_407_local-cpp-cwe-120-overflow	LLM_FP	FP		runtest.c	407		CWE-120	0	24850		
0123_runtest_c_427_local-cpp-cwe-120-overflow	LLM_FP	FP		runtest.c	427		CWE-120	0	24850		
0124_runtest_c_428_local-cpp-cwe-120-overflow	LLM_FP	FP		runtest.c	428		CWE-120	0	24850		
0125_runtest_c_366_local-cpp-cwe-120-overflow	REPRODUCER_BUILD_FAIL	REPRODUCER_BUILD_FAIL	stack-buffer-overflow	runtest.c	366		CWE-120	0	24850		
0169_runtest_c_467_local-cpp-cwe-125-oob-read	LLM_FP	FP		runtest.c	467		CWE-125	0	24850		
0170_runtest_c_494_local-cpp-cwe-125-oob-read	LLM_FP	FP		runtest.c	494		CWE-125	0	24850		
0171_runtest_c_411_local-cpp-cwe-125-oob-read	LLM_FP	FP		runtest.c	411		CWE-125	0	24850		
0172_runtest_c_437_local-cpp-cwe-125-oob-read	LLM_FP	FP		runtest.c	437		CWE-125	0	24850		
0484_runtest_c_4932_local-cpp-cwe-125-cursor-lookahead-missing-bytes-check	LLM_FP	FP		runtest.c	4932		CWE-125	0	24850		
0485_runtest_c_4941_local-cpp-cwe-125-cursor-lookahead-missing-bytes-check	LLM_FP	FP		runtest.c	4941		CWE-125	0	24850		
0488_runtest_c_4965_local-cpp-cwe-125-cursor-lookahead-missing-bytes-check	LLM_FP	FP		runtest.c	4965		CWE-125	0	24850		
0489_runtest_c_4982_local-cpp-cwe-125-cursor-lookahead-missing-bytes-check	LLM_FP	FP		runtest.c	4982		CWE-125	0	24850		
0490_runtest_c_4993_local-cpp-cwe-125-cursor-lookahead-missing-bytes-check	LLM_FP	FP		runtest.c	4993		CWE-125	0	24850		
0491_runtest_c_5032_local-cpp-cwe-125-cursor-lookahead-missing-bytes-check	LLM_FP	FP		runtest.c	5032		CWE-125	0	24850		
0492_runtest_c_5042_local-cpp-cwe-125-cursor-lookahead-missing-bytes-check	LLM_FP	FP		runtest.c	5042		CWE-125	0	24850		
0496_runtest_c_4803_local-cpp-cwe-125-cursor-lookahead-missing-bytes-check	LLM_FP	FP		runtest.c	4803		CWE-125	0	24850		
0497_runtest_c_4805_local-cpp-cwe-125-cursor-lookahead-missing-bytes-check	LLM_FP	FP		runtest.c	4805		CWE-125	0	24850		
0608_runtest_c_4578_local-cpp-cwe-125-cursor-lookahead-missing-bytes-check	LLM_FP	FP		runtest.c	4578		CWE-125	0	24850		
0772_runtest_c_4132_local-cpp-cwe-787-oob-write	LLM_FP	FP		runtest.c	4132		CWE-787	0	24850		
0795_runtest_c_4132_local-cpp-cwe-823-pointer-offset	LLM_FP	FP		runtest.c	4132		CWE-823	0	24850		
0825_runtest_c_4059_sailor-cpp-cwe-476-unchecked-alloc-deref	LLM_FP	FP		runtest.c	4059		CWE-476	0	24850		
0826_runtest_c_4082_sailor-cpp-cwe-476-unchecked-alloc-deref	LLM_FP	FP		runtest.c	4082		CWE-476	0	24850		
0828_runtest_c_3147_sailor-cpp-cwe-476-unchecked-alloc-deref	LLM_FP	FP		runtest.c	3147		CWE-476	0	24850		
0829_runtest_c_3151_sailor-cpp-cwe-476-unchecked-alloc-deref	LLM_FP	FP		runtest.c	3151		CWE-476	0	24850		
0835_runtest_c_1930_sailor-cpp-cwe-476-unchecked-alloc-deref	LLM_FP	FP		runtest.c	1930		CWE-476	0	24850		
0836_runtest_c_1936_sailor-cpp-cwe-476-unchecked-alloc-deref	LLM_FP	FP		runtest.c	1936		CWE-476	0	24850		
0837_runtest_c_1763_sailor-cpp-cwe-476-unchecked-alloc-deref	LLM_FP	FP		runtest.c	1763		CWE-476	0	24850		
0838_runtest_c_1765_sailor-cpp-cwe-476-unchecked-alloc-deref	LLM_FP	FP		runtest.c	1765		CWE-476	0	24850		
0839_runtest_c_805_sailor-cpp-cwe-476-unchecked-alloc-deref	REPRODUCER_BUILD_FAIL	REPRODUCER_BUILD_FAIL	null-deref	runtest.c	805		CWE-476	0	24850		
0009_encoding_c_2403_local-cpp-cwe-120-overflow	LLM_FP	FP		encoding.c	2403		CWE-120	0	24850		
0028_encoding_c_600_local-cpp-cwe-120-overflow	LLM_FP	FP		encoding.c	600		CWE-120	0	24850		
0192_encoding_c_2903_local-cpp-cwe-125-cursor-lookahead-missing-bytes-check	LLM_FP	FP		encoding.c	2903		CWE-125	0	24850		
0193_encoding_c_2920_local-cpp-cwe-125-cursor-lookahead-missing-bytes-check	LLM_FP	FP		encoding.c	2920		CWE-125	0	24850		
0194_encoding_c_2921_local-cpp-cwe-125-cursor-lookahead-missing-bytes-check	LLM_FP	FP		encoding.c	2921		CWE-125	0	24850		
0199_encoding_c_2777_local-cpp-cwe-125-cursor-lookahead-missing-bytes-check	LLM_FP	FP		encoding.c	2777		CWE-125	0	24850		
0207_encoding_c_2698_local-cpp-cwe-125-cursor-lookahead-missing-bytes-check	LLM_FP	FP		encoding.c	2698		CWE-125	0	24850		
0210_encoding_c_2729_local-cpp-cwe-125-cursor-lookahead-missing-bytes-check	LLM_FP	FP		encoding.c	2729		CWE-125	0	24850		
0219_encoding_c_2581_local-cpp-cwe-125-cursor-lookahead-missing-bytes-check	LLM_FP	FP		encoding.c	2581		CWE-125	0	24850		
0220_encoding_c_2501_local-cpp-cwe-125-cursor-lookahead-missing-bytes-check	LLM_FP	FP		encoding.c	2501		CWE-125	0	24850		
0221_encoding_c_2532_local-cpp-cwe-125-cursor-lookahead-missing-bytes-check	LLM_FP	FP		encoding.c	2532		CWE-125	0	24850		
0261_encoding_c_530_local-cpp-cwe-125-cursor-lookahead-missing-bytes-check	LLM_FP	FP		encoding.c	530		CWE-125	0	24850		
0262_encoding_c_534_local-cpp-cwe-125-cursor-lookahead-missing-bytes-check	LLM_FP	FP		encoding.c	534		CWE-125	0	24850		
0269_encoding_c_395_local-cpp-cwe-125-cursor-lookahead-missing-bytes-check	LLM_FP	FP		encoding.c	395		CWE-125	0	24850		
0270_encoding_c_396_local-cpp-cwe-125-cursor-lookahead-missing-bytes-check	LLM_FP	FP		encoding.c	396		CWE-125	0	24850		
0271_encoding_c_398_local-cpp-cwe-125-cursor-lookahead-missing-bytes-check	LLM_FP	FP		encoding.c	398		CWE-125	0	24850		
0272_encoding_c_399_local-cpp-cwe-125-cursor-lookahead-missing-bytes-check	LLM_FP	FP		encoding.c	399		CWE-125	0	24850		
0274_encoding_c_401_local-cpp-cwe-125-cursor-lookahead-missing-bytes-check	LLM_FP	FP		encoding.c	401		CWE-125	0	24850		
0275_encoding_c_402_local-cpp-cwe-125-cursor-lookahead-missing-bytes-check	LLM_FP	FP		encoding.c	402		CWE-125	0	24850		
0276_encoding_c_404_local-cpp-cwe-125-cursor-lookahead-missing-bytes-check	LLM_FP	FP		encoding.c	404		CWE-125	0	24850		
0278_encoding_c_405_local-cpp-cwe-125-cursor-lookahead-missing-bytes-check	LLM_FP	FP		encoding.c	405		CWE-125	0	24850		
0281_encoding_c_412_local-cpp-cwe-125-cursor-lookahead-missing-bytes-check	LLM_FP	FP		encoding.c	412		CWE-125	0	24850		
0283_encoding_c_413_local-cpp-cwe-125-cursor-lookahead-missing-bytes-check	LLM_FP	FP		encoding.c	413		CWE-125	0	24850		
0284_encoding_c_415_local-cpp-cwe-125-cursor-lookahead-missing-bytes-check	LLM_FP	FP		encoding.c	415		CWE-125	0	24850		
0286_encoding_c_416_local-cpp-cwe-125-cursor-lookahead-missing-bytes-check	LLM_FP	FP		encoding.c	416		CWE-125	0	24850		
0288_encoding_c_424_local-cpp-cwe-125-cursor-lookahead-missing-bytes-check	LLM_FP	FP		encoding.c	424		CWE-125	0	24850		
0289_encoding_c_425_local-cpp-cwe-125-cursor-lookahead-missing-bytes-check	LLM_FP	FP		encoding.c	425		CWE-125	0	24850		
0291_encoding_c_430_local-cpp-cwe-125-cursor-lookahead-missing-bytes-check	LLM_FP	FP		encoding.c	430		CWE-125	0	24850		
0293_encoding_c_432_local-cpp-cwe-125-cursor-lookahead-missing-bytes-check	LLM_FP	FP		encoding.c	432		CWE-125	0	24850		
0769_encoding_c_600_local-cpp-cwe-787-oob-write	LLM_FP	FP		encoding.c	600		CWE-787	0	24850		
0792_encoding_c_600_local-cpp-cwe-823-pointer-offset	LLM_FP	FP		encoding.c	600		CWE-823	0	24850		
1344_encoding_c_1988_sailor-kernel-lifecycle-mismatch	LLM_FP	FP		encoding.c	1988		CWE-416	0	24850		
1345_encoding_c_1989_sailor-kernel-lifecycle-mismatch	LLM_FP	FP		encoding.c	1989		CWE-416	0	24850		
1346_encoding_c_1989_sailor-kernel-lifecycle-mismatch	LLM_FP	FP		encoding.c	1989		CWE-416	0	24850		
1347_encoding_c_1991_sailor-kernel-lifecycle-mismatch	LLM_FP	FP		encoding.c	1991		CWE-416	0	24850		
1348_encoding_c_1992_sailor-kernel-lifecycle-mismatch	LLM_FP	FP		encoding.c	1992		CWE-416	0	24850		
1349_encoding_c_2005_sailor-kernel-lifecycle-mismatch	LLM_FP	FP		encoding.c	2005		CWE-416	0	24850		
1350_encoding_c_2029_sailor-kernel-lifecycle-mismatch	LLM_FP	FP		encoding.c	2029		CWE-416	0	24850		
1351_encoding_c_2060_sailor-kernel-lifecycle-mismatch	LLM_FP	FP		encoding.c	2060		CWE-416	0	24850		
1352_encoding_c_1803_sailor-kernel-lifecycle-mismatch	LLM_FP	FP		encoding.c	1803		CWE-416	0	24850		
1353_encoding_c_1804_sailor-kernel-lifecycle-mismatch	LLM_FP	FP		encoding.c	1804		CWE-416	0	24850		
1354_encoding_c_1842_sailor-kernel-lifecycle-mismatch	LLM_FP	FP		encoding.c	1842		CWE-416	0	24850		
0231_pattern_c_1643_local-cpp-cwe-125-cursor-lookahead-missing-bytes-check	LLM_FP	FP		pattern.c	1643		CWE-125	0	24850		
0232_pattern_c_1644_local-cpp-cwe-125-cursor-lookahead-missing-bytes-check	LLM_FP	FP		pattern.c	1644		CWE-125	0	24850		
0233_pattern_c_1651_local-cpp-cwe-125-cursor-lookahead-missing-bytes-check	LLM_FP	FP		pattern.c	1651		CWE-125	0	24850		
0235_pattern_c_1824_local-cpp-cwe-125-cursor-lookahead-missing-bytes-check	LLM_FP	FP		pattern.c	1824		CWE-125	0	24850		
0236_pattern_c_1582_local-cpp-cwe-125-cursor-lookahead-missing-bytes-check	LLM_FP	FP		pattern.c	1582		CWE-125	0	24850		
0237_pattern_c_1589_local-cpp-cwe-125-cursor-lookahead-missing-bytes-check	LLM_FP	FP		pattern.c	1589		CWE-125	0	24850		
0243_pattern_c_1357_local-cpp-cwe-125-cursor-lookahead-missing-bytes-check	LLM_FP	FP		pattern.c	1357		CWE-125	0	24850		
0244_pattern_c_1358_local-cpp-cwe-125-cursor-lookahead-missing-bytes-check	LLM_FP	FP		pattern.c	1358		CWE-125	0	24850		
0245_pattern_c_1359_local-cpp-cwe-125-cursor-lookahead-missing-bytes-check	LLM_FP	FP		pattern.c	1359		CWE-125	0	24850		
0248_pattern_c_1500_local-cpp-cwe-125-cursor-lookahead-missing-bytes-check	LLM_FP	FP		pattern.c	1500		CWE-125	0	24850		
0249_pattern_c_1501_local-cpp-cwe-125-cursor-lookahead-missing-bytes-check	LLM_FP	FP		pattern.c	1501		CWE-125	0	24850		
0250_pattern_c_1508_local-cpp-cwe-125-cursor-lookahead-missing-bytes-check	LLM_FP	FP		pattern.c	1508		CWE-125	0	24850		
0251_pattern_c_1315_local-cpp-cwe-125-cursor-lookahead-missing-bytes-check	LLM_FP	FP		pattern.c	1315		CWE-125	0	24850		
0252_pattern_c_1322_local-cpp-cwe-125-cursor-lookahead-missing-bytes-check	LLM_FP	FP		pattern.c	1322		CWE-125	0	24850		
0253_pattern_c_1062_local-cpp-cwe-125-cursor-lookahead-missing-bytes-check	LLM_FP	FP		pattern.c	1062		CWE-125	0	24850		
0254_pattern_c_1066_local-cpp-cwe-125-cursor-lookahead-missing-bytes-check	LLM_FP	FP		pattern.c	1066		CWE-125	0	24850		
0255_pattern_c_1110_local-cpp-cwe-125-cursor-lookahead-missing-bytes-check	LLM_FP	FP		pattern.c	1110		CWE-125	0	24850		
0257_pattern_c_899_local-cpp-cwe-125-cursor-lookahead-missing-bytes-check	LLM_FP	FP		pattern.c	899		CWE-125	0	24850		
0258_pattern_c_900_local-cpp-cwe-125-cursor-lookahead-missing-bytes-check	LLM_FP	FP		pattern.c	900		CWE-125	0	24850		
0259_pattern_c_901_local-cpp-cwe-125-cursor-lookahead-missing-bytes-check	LLM_FP	FP		pattern.c	901		CWE-125	0	24850		
0260_pattern_c_902_local-cpp-cwe-125-cursor-lookahead-missing-bytes-check	LLM_FP	FP		pattern.c	902		CWE-125	0	24850		
0263_pattern_c_966_local-cpp-cwe-125-cursor-lookahead-missing-bytes-check	LLM_FP	FP		pattern.c	966		CWE-125	0	24850		
0264_pattern_c_967_local-cpp-cwe-125-cursor-lookahead-missing-bytes-check	LLM_FP	FP		pattern.c	967		CWE-125	0	24850		
0265_pattern_c_968_local-cpp-cwe-125-cursor-lookahead-missing-bytes-check	LLM_FP	FP		pattern.c	968		CWE-125	0	24850		
0266_pattern_c_969_local-cpp-cwe-125-cursor-lookahead-missing-bytes-check	LLM_FP	FP		pattern.c	969		CWE-125	0	24850		
0296_pattern_c_774_local-cpp-cwe-125-cursor-lookahead-missing-bytes-check	LLM_FP	FP		pattern.c	774		CWE-125	0	24850		
0297_pattern_c_775_local-cpp-cwe-125-cursor-lookahead-missing-bytes-check	LLM_FP	FP		pattern.c	775		CWE-125	0	24850		
0298_pattern_c_776_local-cpp-cwe-125-cursor-lookahead-missing-bytes-check	LLM_FP	FP		pattern.c	776		CWE-125	0	24850		
0299_pattern_c_777_local-cpp-cwe-125-cursor-lookahead-missing-bytes-check	LLM_FP	FP		pattern.c	777		CWE-125	0	24850		
0309_pattern_c_436_local-cpp-cwe-125-cursor-lookahead-missing-bytes-check	LLM_FP	FP		pattern.c	436		CWE-125	0	24850		
0311_pattern_c_440_local-cpp-cwe-125-cursor-lookahead-missing-bytes-check	LLM_FP	FP		pattern.c	440		CWE-125	0	24850		
0312_pattern_c_383_local-cpp-cwe-125-cursor-lookahead-missing-bytes-check	LLM_FP	FP		pattern.c	383		CWE-125	0	24850		
0317_pattern_c_330_local-cpp-cwe-125-cursor-lookahead-missing-bytes-check	LLM_FP	FP		pattern.c	330		CWE-125	0	24850		
0318_pattern_c_334_local-cpp-cwe-125-cursor-lookahead-missing-bytes-check	LLM_FP	FP		pattern.c	334		CWE-125	0	24850		
0096_xmllint_c_577_local-cpp-cwe-120-overflow	LLM_FP	FP		xmllint.c	577		CWE-120	0	24850		
0163_xmllint_c_2016_local-cpp-cwe-125-oob-read	LLM_FP	FP		xmllint.c	2016		CWE-125	0	24850		
0164_xmllint_c_2030_local-cpp-cwe-125-oob-read	LLM_FP	FP		xmllint.c	2030		CWE-125	0	24850		
0165_xmllint_c_2044_local-cpp-cwe-125-oob-read	LLM_FP	FP		xmllint.c	2044		CWE-125	0	24850		
0827_xmllint_c_1335_sailor-cpp-cwe-476-unchecked-alloc-deref	REPRODUCER_BUILD_FAIL	REPRODUCER_BUILD_FAIL	null-deref	xmllint.c	1335		CWE-476	0	24850		
1059_xmllint_c_3385_sailor-cpp-CWE-416-DirectFreeArgUseFast	LLM_FP	FP		xmllint.c	3385		CWE-416	0	24850		
1060_xmllint_c_3389_sailor-cpp-CWE-416-DirectFreeArgUseFast	LLM_FP	FP		xmllint.c	3389		CWE-416	0	24850		
1074_xmllint_c_1662_sailor-cpp-CWE-416-DirectFreeArgUseFast	LLM_FP	FP		xmllint.c	1662		CWE-416	0	24850		
1079_xmllint_c_1455_sailor-cpp-CWE-416-DirectFreeArgUseFast	LLM_FP	FP		xmllint.c	1455		CWE-416	0	24850		
1080_xmllint_c_1457_sailor-cpp-CWE-416-DirectFreeArgUseFast	LLM_FP	FP		xmllint.c	1457		CWE-416	0	24850		
1081_xmllint_c_1462_sailor-cpp-CWE-416-DirectFreeArgUseFast	LLM_FP	FP		xmllint.c	1462		CWE-416	0	24850		
1082_xmllint_c_1464_sailor-cpp-CWE-416-DirectFreeArgUseFast	LLM_FP	FP		xmllint.c	1464		CWE-416	0	24850		
1084_xmllint_c_1467_sailor-cpp-CWE-416-DirectFreeArgUseFast	LLM_FP	FP		xmllint.c	1467		CWE-416	0	24850		
1085_xmllint_c_1472_sailor-cpp-CWE-416-DirectFreeArgUseFast	LLM_FP	FP		xmllint.c	1472		CWE-416	0	24850		
1087_xmllint_c_1479_sailor-cpp-CWE-416-DirectFreeArgUseFast	LLM_FP	FP		xmllint.c	1479		CWE-416	0	24850		
1093_xmllint_c_1481_sailor-cpp-CWE-416-DirectFreeArgUseFast	LLM_FP	FP		xmllint.c	1481		CWE-416	0	24850		
1094_xmllint_c_1484_sailor-cpp-CWE-416-DirectFreeArgUseFast	LLM_FP	FP		xmllint.c	1484		CWE-416	0	24850		
1095_xmllint_c_1489_sailor-cpp-CWE-416-DirectFreeArgUseFast	LLM_FP	FP		xmllint.c	1489		CWE-416	0	24850		
1096_xmllint_c_1498_sailor-cpp-CWE-416-DirectFreeArgUseFast	LLM_FP	FP		xmllint.c	1498		CWE-416	0	24850		
1097_xmllint_c_1507_sailor-cpp-CWE-416-DirectFreeArgUseFast	LLM_FP	FP		xmllint.c	1507		CWE-416	0	24850		
1098_xmllint_c_1513_sailor-cpp-CWE-416-DirectFreeArgUseFast	LLM_FP	FP		xmllint.c	1513		CWE-416	0	24850		
1099_xmllint_c_1518_sailor-cpp-CWE-416-DirectFreeArgUseFast	LLM_FP	FP		xmllint.c	1518		CWE-416	0	24850		
1100_xmllint_c_1521_sailor-cpp-CWE-416-DirectFreeArgUseFast	LLM_FP	FP		xmllint.c	1521		CWE-416	0	24850		
1101_xmllint_c_1568_sailor-cpp-CWE-416-DirectFreeArgUseFast	LLM_FP	FP		xmllint.c	1568		CWE-416	0	24850		
1106_xmllint_c_1367_sailor-cpp-CWE-416-DirectFreeArgUseFast	LLM_FP	FP		xmllint.c	1367		CWE-416	0	24850		
1107_xmllint_c_1369_sailor-cpp-CWE-416-DirectFreeArgUseFast	LLM_FP	FP		xmllint.c	1369		CWE-416	0	24850		
1108_xmllint_c_1370_sailor-cpp-CWE-416-DirectFreeArgUseFast	LLM_FP	FP		xmllint.c	1370		CWE-416	0	24850		
1215_xmllint_c_1817_sailor-cpp-uaf-free-then-return-intra.min	LLM_FP	FP		xmllint.c	1817		CWE-416	0	24850		
1217_xmllint_c_1823_sailor-cpp-uaf-free-then-return-intra.min	LLM_FP	FP		xmllint.c	1823		CWE-416	0	24850		
1218_xmllint_c_1847_sailor-cpp-uaf-free-then-return-intra.min	LLM_FP	FP		xmllint.c	1847		CWE-416	0	24850		
0698_xmlschemastypes_c_2696_local-cpp-cwe-125-cursor-lookahead-missing-bytes-check	LLM_FP	FP	heap-buffer-overflow	xmlschemastypes.c	2696		CWE-125	0	24850		
0699_xmlschemastypes_c_2726_local-cpp-cwe-125-cursor-lookahead-missing-bytes-check	LLM_FP	FP	heap-buffer-overflow	xmlschemastypes.c	2726		CWE-125	0	24850		
0701_xmlschemastypes_c_2760_local-cpp-cwe-125-cursor-lookahead-missing-bytes-check	LLM_FP	FP	heap-buffer-overflow	xmlschemastypes.c	2760		CWE-125	0	24850		
0703_xmlschemastypes_c_2760_local-cpp-cwe-125-cursor-lookahead-missing-bytes-check	LLM_FP	FP	heap-buffer-overflow	xmlschemastypes.c	2760		CWE-125	0	24850		
0704_xmlschemastypes_c_2760_local-cpp-cwe-125-cursor-lookahead-missing-bytes-check	LLM_FP	FP	heap-buffer-overflow	xmlschemastypes.c	2760		CWE-125	0	24850		
0705_xmlschemastypes_c_2860_local-cpp-cwe-125-cursor-lookahead-missing-bytes-check	LLM_FP	FP	heap-buffer-overflow	xmlschemastypes.c	2860		CWE-125	0	24850		
0706_xmlschemastypes_c_2862_local-cpp-cwe-125-cursor-lookahead-missing-bytes-check	LLM_FP	FP	heap-buffer-overflow	xmlschemastypes.c	2862		CWE-125	0	24850		
0707_xmlschemastypes_c_2864_local-cpp-cwe-125-cursor-lookahead-missing-bytes-check	LLM_FP	FP	heap-buffer-overflow	xmlschemastypes.c	2864		CWE-125	0	24850		
0708_xmlschemastypes_c_2865_local-cpp-cwe-125-cursor-lookahead-missing-bytes-check	LLM_FP	FP	heap-buffer-overflow	xmlschemastypes.c	2865		CWE-125	0	24850		
0709_xmlschemastypes_c_2866_local-cpp-cwe-125-cursor-lookahead-missing-bytes-check	LLM_FP	FP	heap-buffer-overflow	xmlschemastypes.c	2866		CWE-125	0	24850		
0710_xmlschemastypes_c_2868_local-cpp-cwe-125-cursor-lookahead-missing-bytes-check	LLM_FP	FP	heap-buffer-overflow	xmlschemastypes.c	2868		CWE-125	0	24850		
0711_xmlschemastypes_c_2869_local-cpp-cwe-125-cursor-lookahead-missing-bytes-check	LLM_FP	FP	heap-buffer-overflow	xmlschemastypes.c	2869		CWE-125	0	24850		
0712_xmlschemastypes_c_2870_local-cpp-cwe-125-cursor-lookahead-missing-bytes-check	LLM_FP	FP	heap-buffer-overflow	xmlschemastypes.c	2870		CWE-125	0	24850		
0719_xmlschemastypes_c_2395_local-cpp-cwe-125-cursor-lookahead-missing-bytes-check	LLM_FP	FP	heap-buffer-overflow	xmlschemastypes.c	2395		CWE-125	0	24850		
0720_xmlschemastypes_c_2396_local-cpp-cwe-125-cursor-lookahead-missing-bytes-check	LLM_FP	FP	heap-buffer-overflow	xmlschemastypes.c	2396		CWE-125	0	24850		
0721_xmlschemastypes_c_2396_local-cpp-cwe-125-cursor-lookahead-missing-bytes-check	LLM_FP	FP	heap-buffer-overflow	xmlschemastypes.c	2396		CWE-125	0	24850		
0722_xmlschemastypes_c_2396_local-cpp-cwe-125-cursor-lookahead-missing-bytes-check	LLM_FP	FP	heap-buffer-overflow	xmlschemastypes.c	2396		CWE-125	0	24850		
0723_xmlschemastypes_c_2396_local-cpp-cwe-125-cursor-lookahead-missing-bytes-check	LLM_FP	FP	heap-buffer-overflow	xmlschemastypes.c	2396		CWE-125	0	24850		
0724_xmlschemastypes_c_2397_local-cpp-cwe-125-cursor-lookahead-missing-bytes-check	LLM_FP	FP	heap-buffer-overflow	xmlschemastypes.c	2397		CWE-125	0	24850		
0725_xmlschemastypes_c_2398_local-cpp-cwe-125-cursor-lookahead-missing-bytes-check	LLM_FP	FP	heap-buffer-overflow	xmlschemastypes.c	2398		CWE-125	0	24850		
0726_xmlschemastypes_c_2400_local-cpp-cwe-125-cursor-lookahead-missing-bytes-check	LLM_FP	FP	heap-buffer-overflow	xmlschemastypes.c	2400		CWE-125	0	24850		
0727_xmlschemastypes_c_1809_local-cpp-cwe-125-cursor-lookahead-missing-bytes-check	LLM_FP	FP	heap-buffer-overflow	xmlschemastypes.c	1809		CWE-125	0	24850		
0728_xmlschemastypes_c_1659_local-cpp-cwe-125-cursor-lookahead-missing-bytes-check	LLM_FP	FP	heap-buffer-overflow	xmlschemastypes.c	1659		CWE-125	0	24850		
0729_xmlschemastypes_c_1671_local-cpp-cwe-125-cursor-lookahead-missing-bytes-check	LLM_FP	FP	heap-buffer-overflow	xmlschemastypes.c	1671		CWE-125	0	24850		
0730_xmlschemastypes_c_1588_local-cpp-cwe-125-cursor-lookahead-missing-bytes-check	LLM_FP	FP	heap-buffer-overflow	xmlschemastypes.c	1588		CWE-125	0	24850		
0731_xmlschemastypes_c_1600_local-cpp-cwe-125-cursor-lookahead-missing-bytes-check	LLM_FP	FP	heap-buffer-overflow	xmlschemastypes.c	1600		CWE-125	0	24850		
0732_xmlschemastypes_c_1611_local-cpp-cwe-125-cursor-lookahead-missing-bytes-check	LLM_FP	FP	heap-buffer-overflow	xmlschemastypes.c	1611		CWE-125	0	24850		
0733_xmlschemastypes_c_1560_local-cpp-cwe-125-cursor-lookahead-missing-bytes-check	LLM_FP	FP	heap-buffer-overflow	xmlschemastypes.c	1560		CWE-125	0	24850		
0734_xmlschemastypes_c_1532_local-cpp-cwe-125-cursor-lookahead-missing-bytes-check	LLM_FP	FP	heap-buffer-overflow	xmlschemastypes.c	1532		CWE-125	0	24850		
1297_threads_c_270_sailor-wmi-2-type-confusion-leak	LLM_FP	FP		threads.c	270		CWE-125	0	24850		
1298_threads_c_271_sailor-wmi-2-type-confusion-leak	LLM_FP	FP		threads.c	271		CWE-125	0	24850		
1299_threads_c_272_sailor-wmi-2-type-confusion-leak	LLM_FP	FP		threads.c	272		CWE-125	0	24850		
1300_threads_c_273_sailor-wmi-2-type-confusion-leak	LLM_FP	FP		threads.c	273		CWE-125	0	24850		
1301_threads_c_274_sailor-wmi-2-type-confusion-leak	LLM_FP	FP		threads.c	274		CWE-125	0	24850		
1302_threads_c_275_sailor-wmi-2-type-confusion-leak	LLM_FP	FP		threads.c	275		CWE-125	0	24850		
1303_threads_c_275_sailor-wmi-2-type-confusion-leak	LLM_FP	FP		threads.c	275		CWE-125	0	24850		
1304_threads_c_277_sailor-wmi-2-type-confusion-leak	LLM_FP	FP		threads.c	277		CWE-125	0	24850		
1305_threads_c_238_sailor-wmi-2-type-confusion-leak	LLM_FP	FP		threads.c	238		CWE-125	0	24850		
1306_threads_c_239_sailor-wmi-2-type-confusion-leak	LLM_FP	FP		threads.c	239		CWE-125	0	24850		
1307_threads_c_240_sailor-wmi-2-type-confusion-leak	LLM_FP	FP		threads.c	240		CWE-125	0	24850		
1308_threads_c_241_sailor-wmi-2-type-confusion-leak	LLM_FP	FP		threads.c	241		CWE-125	0	24850		
1309_threads_c_242_sailor-wmi-2-type-confusion-leak	LLM_FP	FP		threads.c	242		CWE-125	0	24850		
1310_threads_c_253_sailor-wmi-2-type-confusion-leak	LLM_FP	FP		threads.c	253		CWE-125	0	24850		
1311_threads_c_205_sailor-wmi-2-type-confusion-leak	LLM_FP	FP		threads.c	205		CWE-125	0	24850		
1312_threads_c_206_sailor-wmi-2-type-confusion-leak	LLM_FP	FP		threads.c	206		CWE-125	0	24850		
1313_threads_c_166_sailor-wmi-2-type-confusion-leak	LLM_FP	FP		threads.c	166		CWE-125	0	24850		
1314_threads_c_169_sailor-wmi-2-type-confusion-leak	LLM_FP	FP		threads.c	169		CWE-125	0	24850		
1315_threads_c_150_sailor-wmi-2-type-confusion-leak	LLM_FP	FP		threads.c	150		CWE-125	0	24850		
1316_threads_c_132_sailor-wmi-2-type-confusion-leak	LLM_FP	FP		threads.c	132		CWE-125	0	24850		
1317_threads_c_94_sailor-wmi-2-type-confusion-leak	LLM_FP	FP		threads.c	94		CWE-125	0	24850		
1318_threads_c_59_sailor-wmi-2-type-confusion-leak	LLM_FP	FP		threads.c	59		CWE-125	0	24850		
0010_buf_c_1036_local-cpp-cwe-120-overflow	LLM_FP	FP		buf.c	1036		CWE-120	0	24850		
0011_buf_c_1042_local-cpp-cwe-120-overflow	LLM_FP	FP		buf.c	1042		CWE-120	0	24850		
0012_buf_c_1043_local-cpp-cwe-120-overflow	LLM_FP	FP		buf.c	1043		CWE-120	0	24850		
0013_buf_c_1056_local-cpp-cwe-120-overflow	LLM_FP	FP		buf.c	1056		CWE-120	0	24850		
0014_buf_c_1057_local-cpp-cwe-120-overflow	LLM_FP	FP		buf.c	1057		CWE-120	0	24850		
0015_buf_c_1001_local-cpp-cwe-120-overflow	LLM_FP	FP		buf.c	1001		CWE-120	0	24850		
0016_buf_c_886_local-cpp-cwe-120-overflow	LLM_FP	FP		buf.c	886		CWE-120	0	24850		
0017_buf_c_841_local-cpp-cwe-120-overflow	LLM_FP	FP		buf.c	841		CWE-120	0	24850		
0018_buf_c_472_local-cpp-cwe-120-overflow	LLM_FP	FP		buf.c	472		CWE-120	0	24850		
0019_buf_c_282_local-cpp-cwe-120-overflow	LLM_FP	FP		buf.c	282		CWE-120	0	24850		
0020_buf_c_317_local-cpp-cwe-120-overflow	LLM_FP	FP		buf.c	317		CWE-120	0	24850		
0024_buf_c_150_local-cpp-cwe-120-overflow	LLM_FP	FP		buf.c	150		CWE-120	0	24850		
0762_buf_c_1042_local-cpp-cwe-787-oob-write	LLM_FP	FP		buf.c	1042		CWE-787	0	24850		
0763_buf_c_1056_local-cpp-cwe-787-oob-write	LLM_FP	FP		buf.c	1056		CWE-787	0	24850		
0764_buf_c_1001_local-cpp-cwe-787-oob-write	LLM_FP	FP		buf.c	1001		CWE-787	0	24850		
0765_buf_c_472_local-cpp-cwe-787-oob-write	LLM_FP	FP		buf.c	472		CWE-787	0	24850		
0785_buf_c_1042_local-cpp-cwe-823-pointer-offset	LLM_FP	FP		buf.c	1042		CWE-823	0	24850		
0786_buf_c_1056_local-cpp-cwe-823-pointer-offset	LLM_FP	FP		buf.c	1056		CWE-823	0	24850		
0787_buf_c_1001_local-cpp-cwe-823-pointer-offset	LLM_FP	FP		buf.c	1001		CWE-823	0	24850		
0788_buf_c_472_local-cpp-cwe-823-pointer-offset	LLM_FP	FP		buf.c	472		CWE-823	0	24850		
0668_xmlwriter_c_1505_local-cpp-cwe-125-cursor-lookahead-missing-bytes-check	REPRODUCER_BUILD_FAIL	REPRODUCER_BUILD_FAIL	heap-buffer-overflow	xmlwriter.c	1505		CWE-125	0	24850		
0669_xmlwriter_c_1512_local-cpp-cwe-125-cursor-lookahead-missing-bytes-check	LLM_FP	FP		xmlwriter.c	1512		CWE-125	0	24850		
0670_xmlwriter_c_1512_local-cpp-cwe-125-cursor-lookahead-missing-bytes-check	LLM_FP	FP		xmlwriter.c	1512		CWE-125	0	24850		
0671_xmlwriter_c_1513_local-cpp-cwe-125-cursor-lookahead-missing-bytes-check	LLM_FP	FP		xmlwriter.c	1513		CWE-125	0	24850		
0672_xmlwriter_c_1513_local-cpp-cwe-125-cursor-lookahead-missing-bytes-check	LLM_FP	FP		xmlwriter.c	1513		CWE-125	0	24850		
0673_xmlwriter_c_1514_local-cpp-cwe-125-cursor-lookahead-missing-bytes-check	LLM_FP	FP		xmlwriter.c	1514		CWE-125	0	24850		
0675_xmlwriter_c_1515_local-cpp-cwe-125-cursor-lookahead-missing-bytes-check	LLM_FP	FP		xmlwriter.c	1515		CWE-125	0	24850		
0676_xmlwriter_c_1516_local-cpp-cwe-125-cursor-lookahead-missing-bytes-check	LLM_FP	FP		xmlwriter.c	1516		CWE-125	0	24850		
0677_xmlwriter_c_1519_local-cpp-cwe-125-cursor-lookahead-missing-bytes-check	LLM_FP	FP		xmlwriter.c	1519		CWE-125	0	24850		
0678_xmlwriter_c_1521_local-cpp-cwe-125-cursor-lookahead-missing-bytes-check	LLM_FP	FP		xmlwriter.c	1521		CWE-125	0	24850		
1160_xmlwriter_c_459_sailor-cpp-CWE-416-DirectFreeArgUseFast	LLM_FP	FP		xmlwriter.c	459		CWE-416	0	24850		
1161_xmlwriter_c_463_sailor-cpp-CWE-416-DirectFreeArgUseFast	LLM_FP	FP		xmlwriter.c	463		CWE-416	0	24850		
1162_xmlwriter_c_466_sailor-cpp-CWE-416-DirectFreeArgUseFast	LLM_FP	FP		xmlwriter.c	466		CWE-416	0	24850		
1163_xmlwriter_c_470_sailor-cpp-CWE-416-DirectFreeArgUseFast	LLM_FP	FP		xmlwriter.c	470		CWE-416	0	24850		
1638_xmlwriter_c_4184_sailor-kernel-lifecycle-mismatch	LLM_FP	FP		xmlwriter.c	4184		CWE-416	0	24850		
1639_xmlwriter_c_4188_sailor-kernel-lifecycle-mismatch	LLM_FP	FP		xmlwriter.c	4188		CWE-416	0	24850		
1640_xmlwriter_c_4192_sailor-kernel-lifecycle-mismatch	LLM_FP	FP		xmlwriter.c	4192		CWE-416	0	24850		
1641_xmlwriter_c_4200_sailor-kernel-lifecycle-mismatch	LLM_FP	FP		xmlwriter.c	4200		CWE-416	0	24850		
1642_xmlwriter_c_4208_sailor-kernel-lifecycle-mismatch	LLM_FP	FP		xmlwriter.c	4208		CWE-416	0	24850		
1643_xmlwriter_c_4209_sailor-kernel-lifecycle-mismatch	LLM_FP	FP		xmlwriter.c	4209		CWE-416	0	24850		
0002_HTMLtree_c_243_local-cpp-cwe-120-overflow	LLM_FP	FP		HTMLtree.c	243		CWE-120	0	24850		
0003_HTMLtree_c_245_local-cpp-cwe-120-overflow	LLM_FP	FP		HTMLtree.c	245		CWE-120	0	24850		
0004_HTMLtree_c_247_local-cpp-cwe-120-overflow	LLM_FP	FP		HTMLtree.c	247		CWE-120	0	24850		
0173_HTMLtree_c_737_local-cpp-cwe-125-cursor-lookahead-missing-bytes-check	LLM_FP	FP		HTMLtree.c	737		CWE-125	0	24850		
0174_HTMLtree_c_738_local-cpp-cwe-125-cursor-lookahead-missing-bytes-check	LLM_FP	FP		HTMLtree.c	738		CWE-125	0	24850		
0175_HTMLtree_c_739_local-cpp-cwe-125-cursor-lookahead-missing-bytes-check	LLM_FP	FP		HTMLtree.c	739		CWE-125	0	24850		
0846_HTMLtree_c_877_sailor-cpp-cwe-674-uncontrolled-recursion	REPRODUCER_BUILD_FAIL	REPRODUCER_BUILD_FAIL	stack-overflow	HTMLtree.c	877		CWE-400	0	24850		
1332_HTMLtree_c_766_sailor-kernel-lifecycle-mismatch	LLM_FP	FP		HTMLtree.c	766		CWE-416	0	24850		
1333_HTMLtree_c_766_sailor-kernel-lifecycle-mismatch	LLM_FP	FP		HTMLtree.c	766		CWE-416	0	24850		
1334_HTMLtree_c_767_sailor-kernel-lifecycle-mismatch	LLM_FP	FP		HTMLtree.c	767		CWE-416	0	24850		
1335_HTMLtree_c_777_sailor-kernel-lifecycle-mismatch	LLM_FP	FP		HTMLtree.c	777		CWE-416	0	24850		
1336_HTMLtree_c_787_sailor-kernel-lifecycle-mismatch	LLM_FP	FP		HTMLtree.c	787		CWE-416	0	24850		
1337_HTMLtree_c_787_sailor-kernel-lifecycle-mismatch	LLM_FP	FP		HTMLtree.c	787		CWE-416	0	24850		
1338_HTMLtree_c_788_sailor-kernel-lifecycle-mismatch	LLM_FP	FP		HTMLtree.c	788		CWE-416	0	24850		
1339_HTMLtree_c_788_sailor-kernel-lifecycle-mismatch	LLM_FP	FP		HTMLtree.c	788		CWE-416	0	24850		
1340_HTMLtree_c_793_sailor-kernel-lifecycle-mismatch	LLM_FP	FP		HTMLtree.c	793		CWE-416	0	24850		
1341_HTMLtree_c_795_sailor-kernel-lifecycle-mismatch	LLM_FP	FP		HTMLtree.c	795		CWE-416	0	24850		
1342_HTMLtree_c_795_sailor-kernel-lifecycle-mismatch	LLM_FP	FP		HTMLtree.c	795		CWE-416	0	24850		
1343_HTMLtree_c_674_sailor-kernel-lifecycle-mismatch	LLM_FP	FP		HTMLtree.c	674		CWE-416	0	24850		
0047_testlimits_c_318_local-cpp-cwe-120-overflow	LLM_FP	FP		testlimits.c	318		CWE-120	0	24850		
0048_testlimits_c_322_local-cpp-cwe-120-overflow	LLM_FP	FP		testlimits.c	322		CWE-120	0	24850		
0049_testlimits_c_330_local-cpp-cwe-120-overflow	LLM_FP	FP		testlimits.c	330		CWE-120	0	24850		
0050_testlimits_c_334_local-cpp-cwe-120-overflow	LLM_FP	FP		testlimits.c	334		CWE-120	0	24850		
0051_testlimits_c_340_local-cpp-cwe-120-overflow	LLM_FP	FP		testlimits.c	340		CWE-120	0	24850		
0052_testlimits_c_179_local-cpp-cwe-120-overflow	LLM_FP	FP		testlimits.c	179		CWE-120	0	24850		
0053_testlimits_c_184_local-cpp-cwe-120-overflow	LLM_FP	FP		testlimits.c	184		CWE-120	0	24850		
0054_testlimits_c_192_local-cpp-cwe-120-overflow	LLM_FP	FP		testlimits.c	192		CWE-120	0	24850		
0055_testlimits_c_196_local-cpp-cwe-120-overflow	LLM_FP	FP		testlimits.c	196		CWE-120	0	24850		
0056_testlimits_c_202_local-cpp-cwe-120-overflow	LLM_FP	FP		testlimits.c	202		CWE-120	0	24850		
0153_testlimits_c_968_local-cpp-cwe-125-oob-read	LLM_FP	FP		testlimits.c	968		CWE-125	0	24850		
0154_testlimits_c_978_local-cpp-cwe-125-oob-read	LLM_FP	FP		testlimits.c	978		CWE-125	0	24850		
0155_testlimits_c_269_local-cpp-cwe-125-oob-read	LLM_FP	FP		testlimits.c	269		CWE-125	0	24850		
0156_testlimits_c_255_local-cpp-cwe-125-oob-read	LLM_FP	FP		testlimits.c	255		CWE-125	0	24850		
0157_testlimits_c_114_local-cpp-cwe-125-oob-read	LLM_FP	FP		testlimits.c	114		CWE-125	0	24850		
0158_testlimits_c_100_local-cpp-cwe-125-oob-read	LLM_FP	FP		testlimits.c	100		CWE-125	0	24850		
0380_testlimits_c_1074_local-cpp-cwe-125-cursor-lookahead-missing-bytes-check	LLM_FP	FP		testlimits.c	1074		CWE-125	0	24850		
0381_testlimits_c_1080_local-cpp-cwe-125-cursor-lookahead-missing-bytes-check	LLM_FP	FP		testlimits.c	1080		CWE-125	0	24850		
0046_catalog_c_1033_local-cpp-cwe-120-overflow	LLM_FP	FP		catalog.c	1033		CWE-120	0	24850		
0300_catalog_c_2383_local-cpp-cwe-125-cursor-lookahead-missing-bytes-check	LLM_FP	FP		catalog.c	2383		CWE-125	0	24850		
0301_catalog_c_2385_local-cpp-cwe-125-cursor-lookahead-missing-bytes-check	LLM_FP	FP		catalog.c	2385		CWE-125	0	24850		
0302_catalog_c_2387_local-cpp-cwe-125-cursor-lookahead-missing-bytes-check	LLM_FP	FP		catalog.c	2387		CWE-125	0	24850		
0319_catalog_c_2199_local-cpp-cwe-125-cursor-lookahead-missing-bytes-check	LLM_FP	FP		catalog.c	2199		CWE-125	0	24850		
0320_catalog_c_2202_local-cpp-cwe-125-cursor-lookahead-missing-bytes-check	LLM_FP	FP		catalog.c	2202		CWE-125	0	24850		
0321_catalog_c_2204_local-cpp-cwe-125-cursor-lookahead-missing-bytes-check	LLM_FP	FP		catalog.c	2204		CWE-125	0	24850		
0814_catalog_c_627_sailor-cpp-cwe-476-unchecked-alloc-deref	REPRODUCER_BUILD_FAIL	REPRODUCER_BUILD_FAIL	null-deref	catalog.c	627		CWE-476	0	24850		
0868_catalog_c_1357_sailor-cpp-cwe-674-uncontrolled-recursion	LLM_FP	FP		catalog.c	1357		CWE-400	0	24850		
0869_catalog_c_1334_sailor-cpp-cwe-674-uncontrolled-recursion	LLM_FP	FP		catalog.c	1334		CWE-400	0	24850		
0886_catalog_c_640_sailor-cpp-cwe-674-uncontrolled-recursion	LLM_FP	FP		catalog.c	640		CWE-400	0	24850		
1052_catalog_c_493_sailor-cpp-CWE-416-DirectFreeArgUseFast	LLM_FP	FP		catalog.c	493		CWE-416	0	24850		
1201_catalog_c_2772_sailor-cpp-uaf-free-then-return-intra.min	LLM_FP	FP		catalog.c	2772		CWE-416	0	24850		
1202_catalog_c_2711_sailor-cpp-uaf-free-then-return-intra.min	LLM_FP	FP		catalog.c	2711		CWE-416	0	24850		
1206_catalog_c_730_sailor-cpp-uaf-free-then-return-intra.min	LLM_FP	FP		catalog.c	730		CWE-416	0	24850		
0041_testdict_c_506_local-cpp-cwe-120-overflow	LLM_FP	FP		testdict.c	506		CWE-120	0	24850		
0042_testdict_c_404_local-cpp-cwe-120-overflow	LLM_FP	FP		testdict.c	404		CWE-120	0	24850		
0043_testdict_c_406_local-cpp-cwe-120-overflow	LLM_FP	FP		testdict.c	406		CWE-120	0	24850		
0044_testdict_c_408_local-cpp-cwe-120-overflow	LLM_FP	FP		testdict.c	408		CWE-120	0	24850		
0045_testdict_c_410_local-cpp-cwe-120-overflow	LLM_FP	FP		testdict.c	410		CWE-120	0	24850		
0345_testdict_c_614_local-cpp-cwe-125-cursor-lookahead-missing-bytes-check	LLM_FP	FP		testdict.c	614		CWE-125	0	24850		
0346_testdict_c_615_local-cpp-cwe-125-cursor-lookahead-missing-bytes-check	LLM_FP	FP		testdict.c	615		CWE-125	0	24850		
0358_testdict_c_505_local-cpp-cwe-125-cursor-lookahead-missing-bytes-check	LLM_FP	FP		testdict.c	505		CWE-125	0	24850		
0359_testdict_c_506_local-cpp-cwe-125-cursor-lookahead-missing-bytes-check	LLM_FP	FP		testdict.c	506		CWE-125	0	24850		
0362_testdict_c_403_local-cpp-cwe-125-cursor-lookahead-missing-bytes-check	LLM_FP	FP		testdict.c	403		CWE-125	0	24850		
0363_testdict_c_404_local-cpp-cwe-125-cursor-lookahead-missing-bytes-check	LLM_FP	FP		testdict.c	404		CWE-125	0	24850		
0365_testdict_c_405_local-cpp-cwe-125-cursor-lookahead-missing-bytes-check	LLM_FP	FP		testdict.c	405		CWE-125	0	24850		
0374_testdict_c_406_local-cpp-cwe-125-cursor-lookahead-missing-bytes-check	LLM_FP	FP		testdict.c	406		CWE-125	0	24850		
0813_testdict_c_716_sailor-cpp-cwe-476-unchecked-alloc-deref	REPRODUCER_BUILD_FAIL	REPRODUCER_BUILD_FAIL	null-deref	testdict.c	716		CWE-476	0	24850		
0065_dict_c_784_local-cpp-cwe-120-overflow	LLM_FP	FP		dict.c	784		CWE-120	0	24850		
0066_dict_c_790_local-cpp-cwe-120-overflow	LLM_FP	FP		dict.c	790		CWE-120	0	24850		
0067_dict_c_609_local-cpp-cwe-120-overflow	LLM_FP	FP		dict.c	609		CWE-120	0	24850		
0069_dict_c_237_local-cpp-cwe-120-overflow	LLM_FP	FP		dict.c	237		CWE-120	0	24850		
0070_dict_c_240_local-cpp-cwe-120-overflow	LLM_FP	FP		dict.c	240		CWE-120	0	24850		
0071_dict_c_178_local-cpp-cwe-120-overflow	LLM_FP	FP		dict.c	178		CWE-120	0	24850		
0159_dict_c_563_local-cpp-cwe-125-oob-read	LLM_FP	FP		dict.c	563		CWE-125	0	24850		
1018_dict_c_339_sailor-cpp-pattern-free-then-deref-intra	LLM_FP	FP		dict.c	339		CWE-416	0	24850		
1019_dict_c_340_sailor-cpp-pattern-free-then-deref-intra	LLM_FP	FP		dict.c	340		CWE-416	0	24850		
1020_dict_c_342_sailor-cpp-pattern-free-then-deref-intra	LLM_FP	FP		dict.c	342		CWE-416	0	24850		
1021_dict_c_339_sailor-cpp-pattern-free-then-use-intra	LLM_FP	FP		dict.c	339		CWE-416	0	24850		
1022_dict_c_340_sailor-cpp-pattern-free-then-use-intra	LLM_FP	FP		dict.c	340		CWE-416	0	24850		
1023_dict_c_342_sailor-cpp-pattern-free-then-use-intra	LLM_FP	FP		dict.c	342		CWE-416	0	24850		
0099_xmlstring_c_970_local-cpp-cwe-120-overflow	LLM_FP	FP		xmlstring.c	970		CWE-120	0	24850		
0109_xmlstring_c_478_local-cpp-cwe-120-overflow	LLM_FP	FP		xmlstring.c	478		CWE-120	0	24850		
0110_xmlstring_c_479_local-cpp-cwe-120-overflow	REPRODUCER_BUILD_FAIL	REPRODUCER_BUILD_FAIL	heap-buffer-overflow	xmlstring.c	479		CWE-120	0	24850		
0111_xmlstring_c_442_local-cpp-cwe-120-overflow	LLM_FP	FP		xmlstring.c	442		CWE-120	0	24850		
0112_xmlstring_c_58_local-cpp-cwe-120-overflow	REPRODUCER_BUILD_FAIL	REPRODUCER_BUILD_FAIL	heap-buffer-overflow	xmlstring.c	58		CWE-120	0	24850		
0779_xmlstring_c_479_local-cpp-cwe-787-oob-write	LLM_FP	FP		xmlstring.c	479		CWE-787	0	24850		
0780_xmlstring_c_442_local-cpp-cwe-787-oob-write	LLM_FP	FP		xmlstring.c	442		CWE-787	0	24850		
0802_xmlstring_c_479_local-cpp-cwe-823-pointer-offset	LLM_FP	FP		xmlstring.c	479		CWE-823	0	24850		
0803_xmlstring_c_442_local-cpp-cwe-823-pointer-offset	LLM_FP	FP		xmlstring.c	442		CWE-823	0	24850		
0423_xinclude_c_1478_local-cpp-cwe-125-cursor-lookahead-missing-bytes-check	LLM_FP	FP	heap-buffer-overflow	xinclude.c	1478		CWE-125	0	24850		
0424_xinclude_c_1484_local-cpp-cwe-125-cursor-lookahead-missing-bytes-check	LLM_FP	FP	heap-buffer-overflow	xinclude.c	1484		CWE-125	0	24850		
0432_xinclude_c_1125_local-cpp-cwe-125-cursor-lookahead-missing-bytes-check	LLM_FP	FP	heap-buffer-overflow	xinclude.c	1125		CWE-125	0	24850		
0433_xinclude_c_1132_local-cpp-cwe-125-cursor-lookahead-missing-bytes-check	LLM_FP	FP	heap-buffer-overflow	xinclude.c	1132		CWE-125	0	24850		
1057_xinclude_c_295_sailor-cpp-CWE-416-DirectFreeArgUseFast	LLM_FP	FP	use-after-free	xinclude.c	295		CWE-416	0	24850		
1058_xinclude_c_308_sailor-cpp-CWE-416-DirectFreeArgUseFast	LLM_FP	FP	use-after-free	xinclude.c	308		CWE-416	0	24850		
1209_xinclude_c_895_sailor-cpp-uaf-free-then-return-intra.min	LLM_FP	FP	use-after-free	xinclude.c	895		CWE-416	0	24850		
1245_xinclude_c_1492_sailor-cpp-cwe-416-use-after-realloc	LLM_FP	FP	use-after-free	xinclude.c	1492		CWE-416	0	24850		
1246_xinclude_c_1493_sailor-cpp-cwe-416-use-after-realloc	LLM_FP	FP	use-after-free	xinclude.c	1493		CWE-416	0	24850		
0006_c14n_c_289_local-cpp-cwe-120-overflow	LLM_FP	FP		c14n.c	289		CWE-120	0	24850		
0007_c14n_c_293_local-cpp-cwe-120-overflow	LLM_FP	FP		c14n.c	293		CWE-120	0	24850		
0214_c14n_c_314_local-cpp-cwe-125-cursor-lookahead-missing-bytes-check	LLM_FP	FP		c14n.c	314		CWE-125	0	24850		
0215_c14n_c_314_local-cpp-cwe-125-cursor-lookahead-missing-bytes-check	LLM_FP	FP		c14n.c	314		CWE-125	0	24850		
0216_c14n_c_317_local-cpp-cwe-125-cursor-lookahead-missing-bytes-check	LLM_FP	FP		c14n.c	317		CWE-125	0	24850		
0217_c14n_c_322_local-cpp-cwe-125-cursor-lookahead-missing-bytes-check	LLM_FP	FP		c14n.c	322		CWE-125	0	24850		
0848_c14n_c_1689_sailor-cpp-cwe-674-uncontrolled-recursion	REPRODUCER_BUILD_FAIL	REPRODUCER_BUILD_FAIL	stack-overflow	c14n.c	1689		CWE-400	0	24850		
0849_c14n_c_1632_sailor-cpp-cwe-674-uncontrolled-recursion	REPRODUCER_BUILD_FAIL	REPRODUCER_BUILD_FAIL	stack-overflow	c14n.c	1632		CWE-400	0	24850		
0025_hash_c_1280_local-cpp-cwe-120-overflow	LLM_FP	FP		hash.c	1280		CWE-120	0	24850		
0026_hash_c_1286_local-cpp-cwe-120-overflow	LLM_FP	FP		hash.c	1286		CWE-120	0	24850		
0029_hash_c_517_local-cpp-cwe-120-overflow	LLM_FP	FP		hash.c	517		CWE-120	0	24850		
0030_hash_c_525_local-cpp-cwe-120-overflow	LLM_FP	FP		hash.c	525		CWE-120	0	24850		
0031_hash_c_537_local-cpp-cwe-120-overflow	LLM_FP	FP		hash.c	537		CWE-120	0	24850		
0032_hash_c_561_local-cpp-cwe-120-overflow	LLM_FP	FP		hash.c	561		CWE-120	0	24850		
0033_hash_c_567_local-cpp-cwe-120-overflow	LLM_FP	FP		hash.c	567		CWE-120	0	24850		
0034_hash_c_356_local-cpp-cwe-120-overflow	LLM_FP	FP		hash.c	356		CWE-120	0	24850		
0072_testrecurse_c_429_local-cpp-cwe-120-overflow	REPRODUCER_BUILD_FAIL	REPRODUCER_BUILD_FAIL	stack-buffer-overflow	testrecurse.c	429		CWE-120	0	24850		
0073_testrecurse_c_329_local-cpp-cwe-120-overflow	LLM_FP	FP		testrecurse.c	329		CWE-120	0	24850		
0074_testrecurse_c_338_local-cpp-cwe-120-overflow	LLM_FP	FP		testrecurse.c	338		CWE-120	0	24850		
0815_testrecurse_c_670_sailor-cpp-cwe-476-unchecked-alloc-deref	REPRODUCER_BUILD_FAIL	REPRODUCER_BUILD_FAIL	null-deref	testrecurse.c	670		CWE-476	0	24850		
0816_testrecurse_c_570_sailor-cpp-cwe-476-unchecked-alloc-deref	REPRODUCER_BUILD_FAIL	REPRODUCER_BUILD_FAIL	null-deref	testrecurse.c	570		CWE-476	0	24850		
0817_testrecurse_c_529_sailor-cpp-cwe-476-unchecked-alloc-deref	REPRODUCER_BUILD_FAIL	REPRODUCER_BUILD_FAIL	null-deref	testrecurse.c	529		CWE-476	0	24850		
0818_testrecurse_c_488_sailor-cpp-cwe-476-unchecked-alloc-deref	REPRODUCER_BUILD_FAIL	REPRODUCER_BUILD_FAIL	null-deref	testrecurse.c	488		CWE-476	0	24850		
0084_xmlmemory_c_258_local-cpp-cwe-120-overflow	LLM_FP	FP		xmlmemory.c	258		CWE-120	0	24850		
0085_xmlmemory_c_203_local-cpp-cwe-120-overflow	LLM_FP	FP		xmlmemory.c	203		CWE-120	0	24850		
1280_xmlmemory_c_164_sailor-cpp-cwe-416-use-after-realloc	LLM_FP	FP		xmlmemory.c	164		CWE-416	0	24850		
1319_xmlmemory_c_276_sailor-wmi-2-type-confusion-leak	LLM_FP	FP		xmlmemory.c	276		CWE-125	0	24850		
1320_xmlmemory_c_279_sailor-wmi-2-type-confusion-leak	LLM_FP	FP		xmlmemory.c	279		CWE-125	0	24850		
1321_xmlmemory_c_155_sailor-wmi-2-type-confusion-leak	LLM_FP	FP		xmlmemory.c	155		CWE-125	0	24850		
1322_xmlmemory_c_159_sailor-wmi-2-type-confusion-leak	LLM_FP	FP		xmlmemory.c	159		CWE-125	0	24850		
0167_testparser_c_227_local-cpp-cwe-125-oob-read	LLM_FP	FP	oob-read	testparser.c	227		CWE-125	0	24850		
0168_testparser_c_246_local-cpp-cwe-125-oob-read	LLM_FP	FP	oob-read	testparser.c	246		CWE-125	0	24850		
0830_testparser_c_890_sailor-cpp-cwe-476-unchecked-alloc-deref	REPRODUCER_BUILD_FAIL	REPRODUCER_BUILD_FAIL	null-deref	testparser.c	890		CWE-476	0	24850		
0831_testparser_c_592_sailor-cpp-cwe-476-unchecked-alloc-deref	REPRODUCER_BUILD_FAIL	REPRODUCER_BUILD_FAIL	null-deref	testparser.c	592		CWE-476	0	24850		
0832_testparser_c_593_sailor-cpp-cwe-476-unchecked-alloc-deref	REPRODUCER_BUILD_FAIL	REPRODUCER_BUILD_FAIL	null-deref	testparser.c	593		CWE-476	0	24850		
0833_testparser_c_304_sailor-cpp-cwe-476-unchecked-alloc-deref	REPRODUCER_BUILD_FAIL	REPRODUCER_BUILD_FAIL	null-deref	testparser.c	304		CWE-476	0	24850		
0834_testparser_c_305_sailor-cpp-cwe-476-unchecked-alloc-deref	REPRODUCER_BUILD_FAIL	REPRODUCER_BUILD_FAIL	null-deref	testparser.c	305		CWE-476	0	24850		
0000_SAX2_c_2564_local-cpp-cwe-120-overflow	LLM_FP	FP		SAX2.c	2564		CWE-120	0	24850		
0001_SAX2_c_2579_local-cpp-cwe-120-overflow	LLM_FP	FP		SAX2.c	2579		CWE-120	0	24850		
0005_SAX2_c_1813_local-cpp-cwe-120-overflow	LLM_FP	FP		SAX2.c	1813		CWE-120	0	24850		
0761_SAX2_c_2579_local-cpp-cwe-787-oob-write	LLM_FP	FP		SAX2.c	2579		CWE-787	0	24850		
0784_SAX2_c_2579_local-cpp-cwe-823-pointer-offset	LLM_FP	FP		SAX2.c	2579		CWE-823	0	24850		
0593_xpointer_c_476_local-cpp-cwe-125-cursor-lookahead-missing-bytes-check	LLM_FP	FP		xpointer.c	476		CWE-125	0	24850		
0595_xpointer_c_285_local-cpp-cwe-125-cursor-lookahead-missing-bytes-check	LLM_FP	FP		xpointer.c	285		CWE-125	0	24850		
0596_xpointer_c_285_local-cpp-cwe-125-cursor-lookahead-missing-bytes-check	LLM_FP	FP		xpointer.c	285		CWE-125	0	24850		
0597_xpointer_c_285_local-cpp-cwe-125-cursor-lookahead-missing-bytes-check	LLM_FP	FP		xpointer.c	285		CWE-125	0	24850		
0598_xpointer_c_324_local-cpp-cwe-125-cursor-lookahead-missing-bytes-check	LLM_FP	FP		xpointer.c	324		CWE-125	0	24850		
0039_shell_c_1051_local-cpp-cwe-120-overflow	LLM_FP	FP		shell.c	1051		CWE-120	0	24850		
0040_shell_c_1057_local-cpp-cwe-120-overflow	LLM_FP	FP		shell.c	1057		CWE-120	0	24850		
0113_timsort_h_385_local-cpp-cwe-120-overflow	LLM_FP	FP		timsort.h	385		CWE-120	0	24850		
0115_timsort_h_404_local-cpp-cwe-120-overflow	LLM_FP	FP		timsort.h	404		CWE-120	0	24850		
0116_xmlcatalog_c_102_local-cpp-cwe-120-overflow	LLM_FP	FP		xmlcatalog.c	102		CWE-120	0	24850		
0117_xmlcatalog_c_108_local-cpp-cwe-120-overflow	LLM_FP	FP		xmlcatalog.c	108		CWE-120	0	24850		
0183_debugXML_c_588_local-cpp-cwe-125-cursor-lookahead-missing-bytes-check	LLM_FP	FP		debugXML.c	588		CWE-125	0	24850		
0847_debugXML_c_1041_sailor-cpp-cwe-674-uncontrolled-recursion	REPRODUCER_BUILD_FAIL	REPRODUCER_BUILD_FAIL	stack-overflow	debugXML.c	1041		CWE-400	0	24850		
0068_error_c_373_local-cpp-cwe-120-overflow	LLM_FP	FP		error.c	373		CWE-120	0	24850		
0852_runsuite_c_769_sailor-cpp-cwe-674-uncontrolled-recursion	REPRODUCER_BUILD_FAIL	REPRODUCER_BUILD_FAIL	stack-overflow	runsuite.c	769		CWE-400	0	24850		
1037_entities_c_98_sailor-cpp-CWE-416-DirectFreeArgUseFast	LLM_FP	FP		entities.c	98		CWE-416	0	24850		
