Spec	FinalStatus	Verdict	BugType	BugFile	BugLine	BugFunc	CWE	Time	Tokens	UniqueBugID	IsDuplicate
0626_tool_cfgable_c_260_sailor-cpp-CWE-416-DirectFreeArgUseFast	LLM_FP	FP	use-after-free	tool_cfgable.c	260		CWE-416	0	13519		
0627_tool_cfgable_c_263_sailor-cpp-CWE-416-DirectFreeArgUseFast	LLM_FP	FP	use-after-free	tool_cfgable.c	263		CWE-416	0	13519		
0628_tool_cfgable_c_264_sailor-cpp-CWE-416-DirectFreeArgUseFast	LLM_FP	FP	use-after-free	tool_cfgable.c	264		CWE-416	0	13519		
0629_tool_cfgable_c_64_sailor-cpp-CWE-416-DirectFreeArgUseFast	LLM_FP	FP	use-after-free	tool_cfgable.c	64		CWE-416	0	13519		
0630_tool_cfgable_c_65_sailor-cpp-CWE-416-DirectFreeArgUseFast	LLM_FP	FP	use-after-free	tool_cfgable.c	65		CWE-416	0	13519		
0631_tool_cfgable_c_66_sailor-cpp-CWE-416-DirectFreeArgUseFast	LLM_FP	FP	use-after-free	tool_cfgable.c	66		CWE-416	0	13519		
0632_tool_cfgable_c_67_sailor-cpp-CWE-416-DirectFreeArgUseFast	LLM_FP	FP	use-after-free	tool_cfgable.c	67		CWE-416	0	13519		
0633_tool_cfgable_c_68_sailor-cpp-CWE-416-DirectFreeArgUseFast	LLM_FP	FP	use-after-free	tool_cfgable.c	68		CWE-416	0	13519		
0634_tool_cfgable_c_69_sailor-cpp-CWE-416-DirectFreeArgUseFast	LLM_FP	FP	use-after-free	tool_cfgable.c	69		CWE-416	0	13519		
0635_tool_cfgable_c_71_sailor-cpp-CWE-416-DirectFreeArgUseFast	LLM_FP	FP	use-after-free	tool_cfgable.c	71		CWE-416	0	13519		
0636_tool_cfgable_c_72_sailor-cpp-CWE-416-DirectFreeArgUseFast	LLM_FP	FP	use-after-free	tool_cfgable.c	72		CWE-416	0	13519		
0637_tool_cfgable_c_73_sailor-cpp-CWE-416-DirectFreeArgUseFast	LLM_FP	FP	use-after-free	tool_cfgable.c	73		CWE-416	0	13519		
0638_tool_cfgable_c_75_sailor-cpp-CWE-416-DirectFreeArgUseFast	LLM_FP	FP	use-after-free	tool_cfgable.c	75		CWE-416	0	13519		
0639_tool_cfgable_c_76_sailor-cpp-CWE-416-DirectFreeArgUseFast	LLM_FP	FP	use-after-free	tool_cfgable.c	76		CWE-416	0	13519		
0640_tool_cfgable_c_77_sailor-cpp-CWE-416-DirectFreeArgUseFast	LLM_FP	FP	use-after-free	tool_cfgable.c	77		CWE-416	0	13519		
0641_tool_cfgable_c_79_sailor-cpp-CWE-416-DirectFreeArgUseFast	LLM_FP	FP	use-after-free	tool_cfgable.c	79		CWE-416	0	13519		
0642_tool_cfgable_c_81_sailor-cpp-CWE-416-DirectFreeArgUseFast	LLM_FP	FP	use-after-free	tool_cfgable.c	81		CWE-416	0	13519		
0643_tool_cfgable_c_82_sailor-cpp-CWE-416-DirectFreeArgUseFast	LLM_FP	FP	use-after-free	tool_cfgable.c	82		CWE-416	0	13519		
0644_tool_cfgable_c_83_sailor-cpp-CWE-416-DirectFreeArgUseFast	LLM_FP	FP	use-after-free	tool_cfgable.c	83		CWE-416	0	13519		
0645_tool_cfgable_c_84_sailor-cpp-CWE-416-DirectFreeArgUseFast	LLM_FP	FP	use-after-free	tool_cfgable.c	84		CWE-416	0	13519		
0646_tool_cfgable_c_85_sailor-cpp-CWE-416-DirectFreeArgUseFast	LLM_FP	FP	use-after-free	tool_cfgable.c	85		CWE-416	0	13519		
0647_tool_cfgable_c_86_sailor-cpp-CWE-416-DirectFreeArgUseFast	LLM_FP	FP	use-after-free	tool_cfgable.c	86		CWE-416	0	13519		
0648_tool_cfgable_c_87_sailor-cpp-CWE-416-DirectFreeArgUseFast	LLM_FP	FP	use-after-free	tool_cfgable.c	87		CWE-416	0	13519		
0649_tool_cfgable_c_88_sailor-cpp-CWE-416-DirectFreeArgUseFast	LLM_FP	FP	use-after-free	tool_cfgable.c	88		CWE-416	0	13519		
0650_tool_cfgable_c_89_sailor-cpp-CWE-416-DirectFreeArgUseFast	LLM_FP	FP	use-after-free	tool_cfgable.c	89		CWE-416	0	13519		
0651_tool_cfgable_c_91_sailor-cpp-CWE-416-DirectFreeArgUseFast	LLM_FP	FP	use-after-free	tool_cfgable.c	91		CWE-416	0	13519		
0652_tool_cfgable_c_92_sailor-cpp-CWE-416-DirectFreeArgUseFast	LLM_FP	FP	use-after-free	tool_cfgable.c	92		CWE-416	0	13519		
0653_tool_cfgable_c_93_sailor-cpp-CWE-416-DirectFreeArgUseFast	LLM_FP	FP	use-after-free	tool_cfgable.c	93		CWE-416	0	13519		
0654_tool_cfgable_c_94_sailor-cpp-CWE-416-DirectFreeArgUseFast	LLM_FP	FP	use-after-free	tool_cfgable.c	94		CWE-416	0	13519		
0655_tool_cfgable_c_96_sailor-cpp-CWE-416-DirectFreeArgUseFast	LLM_FP	FP	use-after-free	tool_cfgable.c	96		CWE-416	0	13519		
0656_tool_cfgable_c_98_sailor-cpp-CWE-416-DirectFreeArgUseFast	LLM_FP	FP	use-after-free	tool_cfgable.c	98		CWE-416	0	13519		
0657_tool_cfgable_c_99_sailor-cpp-CWE-416-DirectFreeArgUseFast	LLM_FP	FP	use-after-free	tool_cfgable.c	99		CWE-416	0	13519		
0658_tool_cfgable_c_100_sailor-cpp-CWE-416-DirectFreeArgUseFast	LLM_FP	FP	use-after-free	tool_cfgable.c	100		CWE-416	0	13519		
0659_tool_cfgable_c_102_sailor-cpp-CWE-416-DirectFreeArgUseFast	LLM_FP	FP	use-after-free	tool_cfgable.c	102		CWE-416	0	13519		
0660_tool_cfgable_c_103_sailor-cpp-CWE-416-DirectFreeArgUseFast	LLM_FP	FP	use-after-free	tool_cfgable.c	103		CWE-416	0	13519		
0661_tool_cfgable_c_104_sailor-cpp-CWE-416-DirectFreeArgUseFast	LLM_FP	FP	use-after-free	tool_cfgable.c	104		CWE-416	0	13519		
0662_tool_cfgable_c_105_sailor-cpp-CWE-416-DirectFreeArgUseFast	LLM_FP	FP	use-after-free	tool_cfgable.c	105		CWE-416	0	13519		
0663_tool_cfgable_c_111_sailor-cpp-CWE-416-DirectFreeArgUseFast	LLM_FP	FP	use-after-free	tool_cfgable.c	111		CWE-416	0	13519		
0664_tool_cfgable_c_112_sailor-cpp-CWE-416-DirectFreeArgUseFast	LLM_FP	FP	use-after-free	tool_cfgable.c	112		CWE-416	0	13519		
0665_tool_cfgable_c_113_sailor-cpp-CWE-416-DirectFreeArgUseFast	LLM_FP	FP	use-after-free	tool_cfgable.c	113		CWE-416	0	13519		
0666_tool_cfgable_c_122_sailor-cpp-CWE-416-DirectFreeArgUseFast	LLM_FP	FP	use-after-free	tool_cfgable.c	122		CWE-416	0	13519		
0667_tool_cfgable_c_124_sailor-cpp-CWE-416-DirectFreeArgUseFast	LLM_FP	FP	use-after-free	tool_cfgable.c	124		CWE-416	0	13519		
0668_tool_cfgable_c_125_sailor-cpp-CWE-416-DirectFreeArgUseFast	LLM_FP	FP	use-after-free	tool_cfgable.c	125		CWE-416	0	13519		
0669_tool_cfgable_c_126_sailor-cpp-CWE-416-DirectFreeArgUseFast	LLM_FP	FP	use-after-free	tool_cfgable.c	126		CWE-416	0	13519		
0670_tool_cfgable_c_127_sailor-cpp-CWE-416-DirectFreeArgUseFast	LLM_FP	FP	use-after-free	tool_cfgable.c	127		CWE-416	0	13519		
0671_tool_cfgable_c_128_sailor-cpp-CWE-416-DirectFreeArgUseFast	LLM_FP	FP	use-after-free	tool_cfgable.c	128		CWE-416	0	13519		
0672_tool_cfgable_c_129_sailor-cpp-CWE-416-DirectFreeArgUseFast	LLM_FP	FP	use-after-free	tool_cfgable.c	129		CWE-416	0	13519		
0673_tool_cfgable_c_130_sailor-cpp-CWE-416-DirectFreeArgUseFast	LLM_FP	FP	use-after-free	tool_cfgable.c	130		CWE-416	0	13519		
0674_tool_cfgable_c_131_sailor-cpp-CWE-416-DirectFreeArgUseFast	LLM_FP	FP	use-after-free	tool_cfgable.c	131		CWE-416	0	13519		
0675_tool_cfgable_c_132_sailor-cpp-CWE-416-DirectFreeArgUseFast	LLM_FP	FP	use-after-free	tool_cfgable.c	132		CWE-416	0	13519		
0676_tool_cfgable_c_133_sailor-cpp-CWE-416-DirectFreeArgUseFast	LLM_FP	FP	use-after-free	tool_cfgable.c	133		CWE-416	0	13519		
0677_tool_cfgable_c_134_sailor-cpp-CWE-416-DirectFreeArgUseFast	LLM_FP	FP	use-after-free	tool_cfgable.c	134		CWE-416	0	13519		
0678_tool_cfgable_c_135_sailor-cpp-CWE-416-DirectFreeArgUseFast	LLM_FP	FP	use-after-free	tool_cfgable.c	135		CWE-416	0	13519		
0679_tool_cfgable_c_136_sailor-cpp-CWE-416-DirectFreeArgUseFast	LLM_FP	FP	use-after-free	tool_cfgable.c	136		CWE-416	0	13519		
0680_tool_cfgable_c_137_sailor-cpp-CWE-416-DirectFreeArgUseFast	LLM_FP	FP	use-after-free	tool_cfgable.c	137		CWE-416	0	13519		
0681_tool_cfgable_c_138_sailor-cpp-CWE-416-DirectFreeArgUseFast	LLM_FP	FP	use-after-free	tool_cfgable.c	138		CWE-416	0	13519		
0682_tool_cfgable_c_139_sailor-cpp-CWE-416-DirectFreeArgUseFast	LLM_FP	FP	use-after-free	tool_cfgable.c	139		CWE-416	0	13519		
0683_tool_cfgable_c_140_sailor-cpp-CWE-416-DirectFreeArgUseFast	LLM_FP	FP	use-after-free	tool_cfgable.c	140		CWE-416	0	13519		
0684_tool_cfgable_c_141_sailor-cpp-CWE-416-DirectFreeArgUseFast	LLM_FP	FP	use-after-free	tool_cfgable.c	141		CWE-416	0	13519		
0685_tool_cfgable_c_142_sailor-cpp-CWE-416-DirectFreeArgUseFast	LLM_FP	FP	use-after-free	tool_cfgable.c	142		CWE-416	0	13519		
0686_tool_cfgable_c_143_sailor-cpp-CWE-416-DirectFreeArgUseFast	LLM_FP	FP	use-after-free	tool_cfgable.c	143		CWE-416	0	13519		
0687_tool_cfgable_c_144_sailor-cpp-CWE-416-DirectFreeArgUseFast	LLM_FP	FP	use-after-free	tool_cfgable.c	144		CWE-416	0	13519		
0688_tool_cfgable_c_145_sailor-cpp-CWE-416-DirectFreeArgUseFast	LLM_FP	FP	use-after-free	tool_cfgable.c	145		CWE-416	0	13519		
0689_tool_cfgable_c_146_sailor-cpp-CWE-416-DirectFreeArgUseFast	LLM_FP	FP	use-after-free	tool_cfgable.c	146		CWE-416	0	13519		
0690_tool_cfgable_c_147_sailor-cpp-CWE-416-DirectFreeArgUseFast	LLM_FP	FP	use-after-free	tool_cfgable.c	147		CWE-416	0	13519		
0691_tool_cfgable_c_148_sailor-cpp-CWE-416-DirectFreeArgUseFast	LLM_FP	FP	use-after-free	tool_cfgable.c	148		CWE-416	0	13519		
0692_tool_cfgable_c_149_sailor-cpp-CWE-416-DirectFreeArgUseFast	LLM_FP	FP	use-after-free	tool_cfgable.c	149		CWE-416	0	13519		
0693_tool_cfgable_c_150_sailor-cpp-CWE-416-DirectFreeArgUseFast	LLM_FP	FP	use-after-free	tool_cfgable.c	150		CWE-416	0	13519		
0694_tool_cfgable_c_151_sailor-cpp-CWE-416-DirectFreeArgUseFast	LLM_FP	FP	use-after-free	tool_cfgable.c	151		CWE-416	0	13519		
0695_tool_cfgable_c_152_sailor-cpp-CWE-416-DirectFreeArgUseFast	LLM_FP	FP	use-after-free	tool_cfgable.c	152		CWE-416	0	13519		
0696_tool_cfgable_c_153_sailor-cpp-CWE-416-DirectFreeArgUseFast	LLM_FP	FP	use-after-free	tool_cfgable.c	153		CWE-416	0	13519		
0697_tool_cfgable_c_154_sailor-cpp-CWE-416-DirectFreeArgUseFast	LLM_FP	FP	use-after-free	tool_cfgable.c	154		CWE-416	0	13519		
0698_tool_cfgable_c_155_sailor-cpp-CWE-416-DirectFreeArgUseFast	LLM_FP	FP	use-after-free	tool_cfgable.c	155		CWE-416	0	13519		
0699_tool_cfgable_c_156_sailor-cpp-CWE-416-DirectFreeArgUseFast	LLM_FP	FP	use-after-free	tool_cfgable.c	156		CWE-416	0	13519		
0700_tool_cfgable_c_157_sailor-cpp-CWE-416-DirectFreeArgUseFast	LLM_FP	FP	use-after-free	tool_cfgable.c	157		CWE-416	0	13519		
0701_tool_cfgable_c_158_sailor-cpp-CWE-416-DirectFreeArgUseFast	LLM_FP	FP	use-after-free	tool_cfgable.c	158		CWE-416	0	13519		
0702_tool_cfgable_c_159_sailor-cpp-CWE-416-DirectFreeArgUseFast	LLM_FP	FP	use-after-free	tool_cfgable.c	159		CWE-416	0	13519		
0703_tool_cfgable_c_160_sailor-cpp-CWE-416-DirectFreeArgUseFast	LLM_FP	FP	use-after-free	tool_cfgable.c	160		CWE-416	0	13519		
0704_tool_cfgable_c_161_sailor-cpp-CWE-416-DirectFreeArgUseFast	LLM_FP	FP	use-after-free	tool_cfgable.c	161		CWE-416	0	13519		
0705_tool_cfgable_c_162_sailor-cpp-CWE-416-DirectFreeArgUseFast	LLM_FP	FP	use-after-free	tool_cfgable.c	162		CWE-416	0	13519		
0706_tool_cfgable_c_164_sailor-cpp-CWE-416-DirectFreeArgUseFast	LLM_FP	FP		tool_cfgable.c	164		CWE-416	0	13519		
0707_tool_cfgable_c_165_sailor-cpp-CWE-416-DirectFreeArgUseFast	LLM_FP	FP		tool_cfgable.c	165		CWE-416	0	13519		
0708_tool_cfgable_c_166_sailor-cpp-CWE-416-DirectFreeArgUseFast	LLM_FP	FP		tool_cfgable.c	166		CWE-416	0	13519		
0709_tool_cfgable_c_168_sailor-cpp-CWE-416-DirectFreeArgUseFast	LLM_FP	FP		tool_cfgable.c	168		CWE-416	0	13519		
0710_tool_cfgable_c_169_sailor-cpp-CWE-416-DirectFreeArgUseFast	LLM_FP	FP		tool_cfgable.c	169		CWE-416	0	13519		
0711_tool_cfgable_c_171_sailor-cpp-CWE-416-DirectFreeArgUseFast	LLM_FP	FP		tool_cfgable.c	171		CWE-416	0	13519		
0712_tool_cfgable_c_173_sailor-cpp-CWE-416-DirectFreeArgUseFast	LLM_FP	FP		tool_cfgable.c	173		CWE-416	0	13519		
0713_tool_cfgable_c_177_sailor-cpp-CWE-416-DirectFreeArgUseFast	LLM_FP	FP		tool_cfgable.c	177		CWE-416	0	13519		
0714_tool_cfgable_c_178_sailor-cpp-CWE-416-DirectFreeArgUseFast	LLM_FP	FP		tool_cfgable.c	178		CWE-416	0	13519		
0715_tool_cfgable_c_179_sailor-cpp-CWE-416-DirectFreeArgUseFast	LLM_FP	FP		tool_cfgable.c	179		CWE-416	0	13519		
0716_tool_cfgable_c_181_sailor-cpp-CWE-416-DirectFreeArgUseFast	LLM_FP	FP		tool_cfgable.c	181		CWE-416	0	13519		
0717_tool_cfgable_c_182_sailor-cpp-CWE-416-DirectFreeArgUseFast	LLM_FP	FP		tool_cfgable.c	182		CWE-416	0	13519		
0718_tool_cfgable_c_183_sailor-cpp-CWE-416-DirectFreeArgUseFast	LLM_FP	FP		tool_cfgable.c	183		CWE-416	0	13519		
0719_tool_cfgable_c_184_sailor-cpp-CWE-416-DirectFreeArgUseFast	LLM_FP	FP		tool_cfgable.c	184		CWE-416	0	13519		
0720_tool_cfgable_c_185_sailor-cpp-CWE-416-DirectFreeArgUseFast	LLM_FP	FP		tool_cfgable.c	185		CWE-416	0	13519		
0721_tool_cfgable_c_186_sailor-cpp-CWE-416-DirectFreeArgUseFast	LLM_FP	FP		tool_cfgable.c	186		CWE-416	0	13519		
0722_tool_cfgable_c_187_sailor-cpp-CWE-416-DirectFreeArgUseFast	LLM_FP	FP		tool_cfgable.c	187		CWE-416	0	13519		
0723_tool_cfgable_c_188_sailor-cpp-CWE-416-DirectFreeArgUseFast	LLM_FP	FP		tool_cfgable.c	188		CWE-416	0	13519		
0724_tool_cfgable_c_189_sailor-cpp-CWE-416-DirectFreeArgUseFast	LLM_FP	FP		tool_cfgable.c	189		CWE-416	0	13519		
0725_tool_cfgable_c_190_sailor-cpp-CWE-416-DirectFreeArgUseFast	LLM_FP	FP		tool_cfgable.c	190		CWE-416	0	13519		
0764_tool_cfgable_c_202_sailor-wmi-1-stale-reference-creation	LLM_FP	FP		tool_cfgable.c	202		CWE-416	0	13519		
0829_tool_cfgable_c_199_sailor-wmi-2-type-confusion-leak	REPRODUCER_BUILD_FAIL	REPRODUCER_BUILD_FAIL	use-after-free	tool_cfgable.c	199		CWE-125	0	13519		
0830_tool_cfgable_c_63_sailor-wmi-2-type-confusion-leak	LLM_FP	FP		tool_cfgable.c	63		CWE-125	0	13519		
0831_tool_cfgable_c_64_sailor-wmi-2-type-confusion-leak	LLM_FP	FP		tool_cfgable.c	64		CWE-125	0	13519		
0832_tool_cfgable_c_65_sailor-wmi-2-type-confusion-leak	LLM_FP	FP		tool_cfgable.c	65		CWE-125	0	13519		
0833_tool_cfgable_c_66_sailor-wmi-2-type-confusion-leak	LLM_FP	FP		tool_cfgable.c	66		CWE-125	0	13519		
0834_tool_cfgable_c_67_sailor-wmi-2-type-confusion-leak	LLM_FP	FP		tool_cfgable.c	67		CWE-125	0	13519		
0835_tool_cfgable_c_68_sailor-wmi-2-type-confusion-leak	LLM_FP	FP		tool_cfgable.c	68		CWE-125	0	13519		
0836_tool_cfgable_c_69_sailor-wmi-2-type-confusion-leak	LLM_FP	FP		tool_cfgable.c	69		CWE-125	0	13519		
0837_tool_cfgable_c_71_sailor-wmi-2-type-confusion-leak	LLM_FP	FP		tool_cfgable.c	71		CWE-125	0	13519		
0838_tool_cfgable_c_72_sailor-wmi-2-type-confusion-leak	LLM_FP	FP		tool_cfgable.c	72		CWE-125	0	13519		
0839_tool_cfgable_c_73_sailor-wmi-2-type-confusion-leak	LLM_FP	FP		tool_cfgable.c	73		CWE-125	0	13519		
0840_tool_cfgable_c_75_sailor-wmi-2-type-confusion-leak	LLM_FP	FP		tool_cfgable.c	75		CWE-125	0	13519		
0841_tool_cfgable_c_76_sailor-wmi-2-type-confusion-leak	LLM_FP	FP		tool_cfgable.c	76		CWE-125	0	13519		
0842_tool_cfgable_c_77_sailor-wmi-2-type-confusion-leak	LLM_FP	FP		tool_cfgable.c	77		CWE-125	0	13519		
0843_tool_cfgable_c_79_sailor-wmi-2-type-confusion-leak	LLM_FP	FP		tool_cfgable.c	79		CWE-125	0	13519		
0844_tool_cfgable_c_81_sailor-wmi-2-type-confusion-leak	LLM_FP	FP		tool_cfgable.c	81		CWE-125	0	13519		
0845_tool_cfgable_c_82_sailor-wmi-2-type-confusion-leak	LLM_FP	FP		tool_cfgable.c	82		CWE-125	0	13519		
0846_tool_cfgable_c_83_sailor-wmi-2-type-confusion-leak	LLM_FP	FP		tool_cfgable.c	83		CWE-125	0	13519		
0847_tool_cfgable_c_84_sailor-wmi-2-type-confusion-leak	LLM_FP	FP		tool_cfgable.c	84		CWE-125	0	13519		
0848_tool_cfgable_c_85_sailor-wmi-2-type-confusion-leak	LLM_FP	FP		tool_cfgable.c	85		CWE-125	0	13519		
0849_tool_cfgable_c_86_sailor-wmi-2-type-confusion-leak	LLM_FP	FP		tool_cfgable.c	86		CWE-125	0	13519		
0850_tool_cfgable_c_87_sailor-wmi-2-type-confusion-leak	LLM_FP	FP		tool_cfgable.c	87		CWE-125	0	13519		
0851_tool_cfgable_c_88_sailor-wmi-2-type-confusion-leak	LLM_FP	FP		tool_cfgable.c	88		CWE-125	0	13519		
0852_tool_cfgable_c_89_sailor-wmi-2-type-confusion-leak	LLM_FP	FP		tool_cfgable.c	89		CWE-125	0	13519		
0853_tool_cfgable_c_91_sailor-wmi-2-type-confusion-leak	LLM_FP	FP		tool_cfgable.c	91		CWE-125	0	13519		
0854_tool_cfgable_c_92_sailor-wmi-2-type-confusion-leak	LLM_FP	FP		tool_cfgable.c	92		CWE-125	0	13519		
0855_tool_cfgable_c_93_sailor-wmi-2-type-confusion-leak	LLM_FP	FP		tool_cfgable.c	93		CWE-125	0	13519		
0856_tool_cfgable_c_94_sailor-wmi-2-type-confusion-leak	LLM_FP	FP		tool_cfgable.c	94		CWE-125	0	13519		
0857_tool_cfgable_c_96_sailor-wmi-2-type-confusion-leak	LLM_FP	FP		tool_cfgable.c	96		CWE-125	0	13519		
0858_tool_cfgable_c_98_sailor-wmi-2-type-confusion-leak	LLM_FP	FP		tool_cfgable.c	98		CWE-125	0	13519		
0859_tool_cfgable_c_99_sailor-wmi-2-type-confusion-leak	LLM_FP	FP		tool_cfgable.c	99		CWE-125	0	13519		
0860_tool_cfgable_c_100_sailor-wmi-2-type-confusion-leak	LLM_FP	FP		tool_cfgable.c	100		CWE-125	0	13519		
0861_tool_cfgable_c_102_sailor-wmi-2-type-confusion-leak	LLM_FP	FP		tool_cfgable.c	102		CWE-125	0	13519		
0862_tool_cfgable_c_103_sailor-wmi-2-type-confusion-leak	LLM_FP	FP		tool_cfgable.c	103		CWE-125	0	13519		
0863_tool_cfgable_c_104_sailor-wmi-2-type-confusion-leak	LLM_FP	FP		tool_cfgable.c	104		CWE-125	0	13519		
0864_tool_cfgable_c_105_sailor-wmi-2-type-confusion-leak	LLM_FP	FP		tool_cfgable.c	105		CWE-125	0	13519		
0865_tool_cfgable_c_107_sailor-wmi-2-type-confusion-leak	LLM_FP	FP		tool_cfgable.c	107		CWE-125	0	13519		
0866_tool_cfgable_c_109_sailor-wmi-2-type-confusion-leak	LLM_FP	FP		tool_cfgable.c	109		CWE-125	0	13519		
0867_tool_cfgable_c_110_sailor-wmi-2-type-confusion-leak	LLM_FP	FP		tool_cfgable.c	110		CWE-125	0	13519		
0868_tool_cfgable_c_111_sailor-wmi-2-type-confusion-leak	LLM_FP	FP		tool_cfgable.c	111		CWE-125	0	13519		
0869_tool_cfgable_c_112_sailor-wmi-2-type-confusion-leak	LLM_FP	FP		tool_cfgable.c	112		CWE-125	0	13519		
0870_tool_cfgable_c_122_sailor-wmi-2-type-confusion-leak	LLM_FP	FP		tool_cfgable.c	122		CWE-125	0	13519		
0871_tool_cfgable_c_124_sailor-wmi-2-type-confusion-leak	LLM_FP	FP		tool_cfgable.c	124		CWE-125	0	13519		
0872_tool_cfgable_c_125_sailor-wmi-2-type-confusion-leak	LLM_FP	FP		tool_cfgable.c	125		CWE-125	0	13519		
0873_tool_cfgable_c_126_sailor-wmi-2-type-confusion-leak	LLM_FP	FP		tool_cfgable.c	126		CWE-125	0	13519		
0874_tool_cfgable_c_127_sailor-wmi-2-type-confusion-leak	LLM_FP	FP		tool_cfgable.c	127		CWE-125	0	13519		
0875_tool_cfgable_c_128_sailor-wmi-2-type-confusion-leak	LLM_FP	FP		tool_cfgable.c	128		CWE-125	0	13519		
0876_tool_cfgable_c_129_sailor-wmi-2-type-confusion-leak	LLM_FP	FP		tool_cfgable.c	129		CWE-125	0	13519		
0877_tool_cfgable_c_130_sailor-wmi-2-type-confusion-leak	LLM_FP	FP		tool_cfgable.c	130		CWE-125	0	13519		
0878_tool_cfgable_c_131_sailor-wmi-2-type-confusion-leak	LLM_FP	FP		tool_cfgable.c	131		CWE-125	0	13519		
0879_tool_cfgable_c_132_sailor-wmi-2-type-confusion-leak	LLM_FP	FP		tool_cfgable.c	132		CWE-125	0	13519		
0880_tool_cfgable_c_133_sailor-wmi-2-type-confusion-leak	LLM_FP	FP		tool_cfgable.c	133		CWE-125	0	13519		
0882_tool_cfgable_c_134_sailor-wmi-2-type-confusion-leak	LLM_FP	FP		tool_cfgable.c	134		CWE-125	0	13519		
0883_tool_cfgable_c_135_sailor-wmi-2-type-confusion-leak	LLM_FP	FP		tool_cfgable.c	135		CWE-125	0	13519		
0884_tool_cfgable_c_136_sailor-wmi-2-type-confusion-leak	LLM_FP	FP		tool_cfgable.c	136		CWE-125	0	13519		
0885_tool_cfgable_c_137_sailor-wmi-2-type-confusion-leak	LLM_FP	FP		tool_cfgable.c	137		CWE-125	0	13519		
0886_tool_cfgable_c_138_sailor-wmi-2-type-confusion-leak	LLM_FP	FP		tool_cfgable.c	138		CWE-125	0	13519		
0887_tool_cfgable_c_139_sailor-wmi-2-type-confusion-leak	LLM_FP	FP		tool_cfgable.c	139		CWE-125	0	13519		
0888_tool_cfgable_c_140_sailor-wmi-2-type-confusion-leak	LLM_FP	FP		tool_cfgable.c	140		CWE-125	0	13519		
0889_tool_cfgable_c_141_sailor-wmi-2-type-confusion-leak	LLM_FP	FP		tool_cfgable.c	141		CWE-125	0	13519		
0890_tool_cfgable_c_142_sailor-wmi-2-type-confusion-leak	LLM_FP	FP		tool_cfgable.c	142		CWE-125	0	13519		
0891_tool_cfgable_c_143_sailor-wmi-2-type-confusion-leak	LLM_FP	FP		tool_cfgable.c	143		CWE-125	0	13519		
0892_tool_cfgable_c_144_sailor-wmi-2-type-confusion-leak	LLM_FP	FP		tool_cfgable.c	144		CWE-125	0	13519		
0893_tool_cfgable_c_145_sailor-wmi-2-type-confusion-leak	LLM_FP	FP		tool_cfgable.c	145		CWE-125	0	13519		
0894_tool_cfgable_c_146_sailor-wmi-2-type-confusion-leak	LLM_FP	FP		tool_cfgable.c	146		CWE-125	0	13519		
0895_tool_cfgable_c_147_sailor-wmi-2-type-confusion-leak	LLM_FP	FP		tool_cfgable.c	147		CWE-125	0	13519		
0896_tool_cfgable_c_148_sailor-wmi-2-type-confusion-leak	LLM_FP	FP		tool_cfgable.c	148		CWE-125	0	13519		
0897_tool_cfgable_c_149_sailor-wmi-2-type-confusion-leak	LLM_FP	FP		tool_cfgable.c	149		CWE-125	0	13519		
0899_tool_cfgable_c_150_sailor-wmi-2-type-confusion-leak	LLM_FP	FP		tool_cfgable.c	150		CWE-125	0	13519		
0900_tool_cfgable_c_151_sailor-wmi-2-type-confusion-leak	LLM_FP	FP		tool_cfgable.c	151		CWE-125	0	13519		
0901_tool_cfgable_c_152_sailor-wmi-2-type-confusion-leak	LLM_FP	FP		tool_cfgable.c	152		CWE-125	0	13519		
0902_tool_cfgable_c_153_sailor-wmi-2-type-confusion-leak	LLM_FP	FP		tool_cfgable.c	153		CWE-125	0	13519		
0903_tool_cfgable_c_154_sailor-wmi-2-type-confusion-leak	LLM_FP	FP		tool_cfgable.c	154		CWE-125	0	13519		
0904_tool_cfgable_c_155_sailor-wmi-2-type-confusion-leak	LLM_FP	FP		tool_cfgable.c	155		CWE-125	0	13519		
0905_tool_cfgable_c_156_sailor-wmi-2-type-confusion-leak	LLM_FP	FP		tool_cfgable.c	156		CWE-125	0	13519		
0906_tool_cfgable_c_157_sailor-wmi-2-type-confusion-leak	LLM_FP	FP		tool_cfgable.c	157		CWE-125	0	13519		
0907_tool_cfgable_c_158_sailor-wmi-2-type-confusion-leak	LLM_FP	FP		tool_cfgable.c	158		CWE-125	0	13519		
0908_tool_cfgable_c_159_sailor-wmi-2-type-confusion-leak	LLM_FP	FP		tool_cfgable.c	159		CWE-125	0	13519		
0909_tool_cfgable_c_160_sailor-wmi-2-type-confusion-leak	LLM_FP	FP		tool_cfgable.c	160		CWE-125	0	13519		
0910_tool_cfgable_c_161_sailor-wmi-2-type-confusion-leak	LLM_FP	FP		tool_cfgable.c	161		CWE-125	0	13519		
0911_tool_cfgable_c_162_sailor-wmi-2-type-confusion-leak	LLM_FP	FP		tool_cfgable.c	162		CWE-125	0	13519		
0912_tool_cfgable_c_164_sailor-wmi-2-type-confusion-leak	LLM_FP	FP		tool_cfgable.c	164		CWE-125	0	13519		
0913_tool_cfgable_c_165_sailor-wmi-2-type-confusion-leak	LLM_FP	FP		tool_cfgable.c	165		CWE-125	0	13519		
0914_tool_cfgable_c_166_sailor-wmi-2-type-confusion-leak	LLM_FP	FP		tool_cfgable.c	166		CWE-125	0	13519		
0915_tool_cfgable_c_168_sailor-wmi-2-type-confusion-leak	LLM_FP	FP		tool_cfgable.c	168		CWE-125	0	13519		
0916_tool_cfgable_c_169_sailor-wmi-2-type-confusion-leak	LLM_FP	FP		tool_cfgable.c	169		CWE-125	0	13519		
0917_tool_cfgable_c_171_sailor-wmi-2-type-confusion-leak	LLM_FP	FP		tool_cfgable.c	171		CWE-125	0	13519		
0918_tool_cfgable_c_173_sailor-wmi-2-type-confusion-leak	LLM_FP	FP		tool_cfgable.c	173		CWE-125	0	13519		
0919_tool_cfgable_c_177_sailor-wmi-2-type-confusion-leak	LLM_FP	FP		tool_cfgable.c	177		CWE-125	0	13519		
0920_tool_cfgable_c_178_sailor-wmi-2-type-confusion-leak	LLM_FP	FP		tool_cfgable.c	178		CWE-125	0	13519		
0923_tool_cfgable_c_179_sailor-wmi-2-type-confusion-leak	LLM_FP	FP		tool_cfgable.c	179		CWE-125	0	13519		
0924_tool_cfgable_c_181_sailor-wmi-2-type-confusion-leak	LLM_FP	FP		tool_cfgable.c	181		CWE-125	0	13519		
0925_tool_cfgable_c_182_sailor-wmi-2-type-confusion-leak	LLM_FP	FP		tool_cfgable.c	182		CWE-125	0	13519		
0926_tool_cfgable_c_183_sailor-wmi-2-type-confusion-leak	LLM_FP	FP		tool_cfgable.c	183		CWE-125	0	13519		
0927_tool_cfgable_c_184_sailor-wmi-2-type-confusion-leak	LLM_FP	FP		tool_cfgable.c	184		CWE-125	0	13519		
0928_tool_cfgable_c_185_sailor-wmi-2-type-confusion-leak	LLM_FP	FP		tool_cfgable.c	185		CWE-125	0	13519		
0929_tool_cfgable_c_186_sailor-wmi-2-type-confusion-leak	LLM_FP	FP		tool_cfgable.c	186		CWE-125	0	13519		
0930_tool_cfgable_c_187_sailor-wmi-2-type-confusion-leak	LLM_FP	FP		tool_cfgable.c	187		CWE-125	0	13519		
0931_tool_cfgable_c_188_sailor-wmi-2-type-confusion-leak	LLM_FP	FP		tool_cfgable.c	188		CWE-125	0	13519		
0932_tool_cfgable_c_189_sailor-wmi-2-type-confusion-leak	LLM_FP	FP		tool_cfgable.c	189		CWE-125	0	13519		
0933_tool_cfgable_c_190_sailor-wmi-2-type-confusion-leak	LLM_FP	FP		tool_cfgable.c	190		CWE-125	0	13519		
0934_tool_cfgable_c_55_sailor-wmi-2-type-confusion-leak	LLM_FP	FP		tool_cfgable.c	55		CWE-125	0	13519		
1753_tool_cfgable_c_202_sailor-wmi-3-arbitrary-free-stale-traversal	REPRODUCER_BUILD_FAIL	REPRODUCER_BUILD_FAIL	double-free	tool_cfgable.c	202		CWE-416	0	13519		
1754_tool_cfgable_c_63_sailor-wmi-3-arbitrary-free-stale-traversal	LLM_FP	FP		tool_cfgable.c	63		CWE-416	0	13519		
1755_tool_cfgable_c_64_sailor-wmi-3-arbitrary-free-stale-traversal	LLM_FP	FP		tool_cfgable.c	64		CWE-416	0	13519		
1756_tool_cfgable_c_65_sailor-wmi-3-arbitrary-free-stale-traversal	LLM_FP	FP		tool_cfgable.c	65		CWE-416	0	13519		
1757_tool_cfgable_c_66_sailor-wmi-3-arbitrary-free-stale-traversal	LLM_FP	FP		tool_cfgable.c	66		CWE-416	0	13519		
1758_tool_cfgable_c_68_sailor-wmi-3-arbitrary-free-stale-traversal	LLM_FP	FP		tool_cfgable.c	68		CWE-416	0	13519		
1759_tool_cfgable_c_72_sailor-wmi-3-arbitrary-free-stale-traversal	LLM_FP	FP		tool_cfgable.c	72		CWE-416	0	13519		
1760_tool_cfgable_c_73_sailor-wmi-3-arbitrary-free-stale-traversal	LLM_FP	FP		tool_cfgable.c	73		CWE-416	0	13519		
1761_tool_cfgable_c_75_sailor-wmi-3-arbitrary-free-stale-traversal	LLM_FP	FP		tool_cfgable.c	75		CWE-416	0	13519		
1762_tool_cfgable_c_76_sailor-wmi-3-arbitrary-free-stale-traversal	LLM_FP	FP		tool_cfgable.c	76		CWE-416	0	13519		
1763_tool_cfgable_c_77_sailor-wmi-3-arbitrary-free-stale-traversal	LLM_FP	FP		tool_cfgable.c	77		CWE-416	0	13519		
1764_tool_cfgable_c_79_sailor-wmi-3-arbitrary-free-stale-traversal	LLM_FP	FP		tool_cfgable.c	79		CWE-416	0	13519		
1765_tool_cfgable_c_81_sailor-wmi-3-arbitrary-free-stale-traversal	LLM_FP	FP		tool_cfgable.c	81		CWE-416	0	13519		
1766_tool_cfgable_c_82_sailor-wmi-3-arbitrary-free-stale-traversal	LLM_FP	FP		tool_cfgable.c	82		CWE-416	0	13519		
1767_tool_cfgable_c_83_sailor-wmi-3-arbitrary-free-stale-traversal	LLM_FP	FP		tool_cfgable.c	83		CWE-416	0	13519		
1768_tool_cfgable_c_84_sailor-wmi-3-arbitrary-free-stale-traversal	LLM_FP	FP		tool_cfgable.c	84		CWE-416	0	13519		
1769_tool_cfgable_c_85_sailor-wmi-3-arbitrary-free-stale-traversal	LLM_FP	FP		tool_cfgable.c	85		CWE-416	0	13519		
1770_tool_cfgable_c_86_sailor-wmi-3-arbitrary-free-stale-traversal	LLM_FP	FP		tool_cfgable.c	86		CWE-416	0	13519		
1771_tool_cfgable_c_87_sailor-wmi-3-arbitrary-free-stale-traversal	LLM_FP	FP		tool_cfgable.c	87		CWE-416	0	13519		
1772_tool_cfgable_c_88_sailor-wmi-3-arbitrary-free-stale-traversal	LLM_FP	FP		tool_cfgable.c	88		CWE-416	0	13519		
1773_tool_cfgable_c_89_sailor-wmi-3-arbitrary-free-stale-traversal	LLM_FP	FP		tool_cfgable.c	89		CWE-416	0	13519		
1774_tool_cfgable_c_91_sailor-wmi-3-arbitrary-free-stale-traversal	LLM_FP	FP		tool_cfgable.c	91		CWE-416	0	13519		
1775_tool_cfgable_c_92_sailor-wmi-3-arbitrary-free-stale-traversal	LLM_FP	FP		tool_cfgable.c	92		CWE-416	0	13519		
1776_tool_cfgable_c_93_sailor-wmi-3-arbitrary-free-stale-traversal	LLM_FP	FP		tool_cfgable.c	93		CWE-416	0	13519		
1777_tool_cfgable_c_94_sailor-wmi-3-arbitrary-free-stale-traversal	LLM_FP	FP		tool_cfgable.c	94		CWE-416	0	13519		
1778_tool_cfgable_c_96_sailor-wmi-3-arbitrary-free-stale-traversal	LLM_FP	FP		tool_cfgable.c	96		CWE-416	0	13519		
1779_tool_cfgable_c_98_sailor-wmi-3-arbitrary-free-stale-traversal	LLM_FP	FP		tool_cfgable.c	98		CWE-416	0	13519		
1780_tool_cfgable_c_100_sailor-wmi-3-arbitrary-free-stale-traversal	LLM_FP	FP		tool_cfgable.c	100		CWE-416	0	13519		
1781_tool_cfgable_c_102_sailor-wmi-3-arbitrary-free-stale-traversal	LLM_FP	FP		tool_cfgable.c	102		CWE-416	0	13519		
1782_tool_cfgable_c_103_sailor-wmi-3-arbitrary-free-stale-traversal	LLM_FP	FP		tool_cfgable.c	103		CWE-416	0	13519		
1783_tool_cfgable_c_104_sailor-wmi-3-arbitrary-free-stale-traversal	LLM_FP	FP		tool_cfgable.c	104		CWE-416	0	13519		
1784_tool_cfgable_c_105_sailor-wmi-3-arbitrary-free-stale-traversal	LLM_FP	FP		tool_cfgable.c	105		CWE-416	0	13519		
1785_tool_cfgable_c_110_sailor-wmi-3-arbitrary-free-stale-traversal	LLM_FP	FP		tool_cfgable.c	110		CWE-416	0	13519		
1786_tool_cfgable_c_111_sailor-wmi-3-arbitrary-free-stale-traversal	LLM_FP	FP		tool_cfgable.c	111		CWE-416	0	13519		
1787_tool_cfgable_c_112_sailor-wmi-3-arbitrary-free-stale-traversal	LLM_FP	FP		tool_cfgable.c	112		CWE-416	0	13519		
1788_tool_cfgable_c_113_sailor-wmi-3-arbitrary-free-stale-traversal	LLM_FP	FP		tool_cfgable.c	113		CWE-416	0	13519		
1789_tool_cfgable_c_122_sailor-wmi-3-arbitrary-free-stale-traversal	LLM_FP	FP		tool_cfgable.c	122		CWE-416	0	13519		
1790_tool_cfgable_c_124_sailor-wmi-3-arbitrary-free-stale-traversal	LLM_FP	FP		tool_cfgable.c	124		CWE-416	0	13519		
1791_tool_cfgable_c_125_sailor-wmi-3-arbitrary-free-stale-traversal	LLM_FP	FP		tool_cfgable.c	125		CWE-416	0	13519		
1792_tool_cfgable_c_126_sailor-wmi-3-arbitrary-free-stale-traversal	LLM_FP	FP		tool_cfgable.c	126		CWE-416	0	13519		
1793_tool_cfgable_c_127_sailor-wmi-3-arbitrary-free-stale-traversal	LLM_FP	FP		tool_cfgable.c	127		CWE-416	0	13519		
1794_tool_cfgable_c_128_sailor-wmi-3-arbitrary-free-stale-traversal	LLM_FP	FP		tool_cfgable.c	128		CWE-416	0	13519		
1795_tool_cfgable_c_129_sailor-wmi-3-arbitrary-free-stale-traversal	LLM_FP	FP		tool_cfgable.c	129		CWE-416	0	13519		
1796_tool_cfgable_c_130_sailor-wmi-3-arbitrary-free-stale-traversal	LLM_FP	FP		tool_cfgable.c	130		CWE-416	0	13519		
1797_tool_cfgable_c_131_sailor-wmi-3-arbitrary-free-stale-traversal	LLM_FP	FP		tool_cfgable.c	131		CWE-416	0	13519		
1798_tool_cfgable_c_132_sailor-wmi-3-arbitrary-free-stale-traversal	LLM_FP	FP		tool_cfgable.c	132		CWE-416	0	13519		
1799_tool_cfgable_c_133_sailor-wmi-3-arbitrary-free-stale-traversal	LLM_FP	FP		tool_cfgable.c	133		CWE-416	0	13519		
1800_tool_cfgable_c_134_sailor-wmi-3-arbitrary-free-stale-traversal	LLM_FP	FP		tool_cfgable.c	134		CWE-416	0	13519		
1801_tool_cfgable_c_135_sailor-wmi-3-arbitrary-free-stale-traversal	LLM_FP	FP		tool_cfgable.c	135		CWE-416	0	13519		
1802_tool_cfgable_c_136_sailor-wmi-3-arbitrary-free-stale-traversal	LLM_FP	FP		tool_cfgable.c	136		CWE-416	0	13519		
1803_tool_cfgable_c_137_sailor-wmi-3-arbitrary-free-stale-traversal	LLM_FP	FP		tool_cfgable.c	137		CWE-416	0	13519		
1804_tool_cfgable_c_138_sailor-wmi-3-arbitrary-free-stale-traversal	LLM_FP	FP		tool_cfgable.c	138		CWE-416	0	13519		
1805_tool_cfgable_c_139_sailor-wmi-3-arbitrary-free-stale-traversal	LLM_FP	FP		tool_cfgable.c	139		CWE-416	0	13519		
1806_tool_cfgable_c_140_sailor-wmi-3-arbitrary-free-stale-traversal	LLM_FP	FP		tool_cfgable.c	140		CWE-416	0	13519		
1807_tool_cfgable_c_141_sailor-wmi-3-arbitrary-free-stale-traversal	LLM_FP	FP		tool_cfgable.c	141		CWE-416	0	13519		
1808_tool_cfgable_c_142_sailor-wmi-3-arbitrary-free-stale-traversal	LLM_FP	FP		tool_cfgable.c	142		CWE-416	0	13519		
1809_tool_cfgable_c_143_sailor-wmi-3-arbitrary-free-stale-traversal	LLM_FP	FP		tool_cfgable.c	143		CWE-416	0	13519		
1810_tool_cfgable_c_144_sailor-wmi-3-arbitrary-free-stale-traversal	LLM_FP	FP		tool_cfgable.c	144		CWE-416	0	13519		
1811_tool_cfgable_c_145_sailor-wmi-3-arbitrary-free-stale-traversal	LLM_FP	FP		tool_cfgable.c	145		CWE-416	0	13519		
1812_tool_cfgable_c_146_sailor-wmi-3-arbitrary-free-stale-traversal	LLM_FP	FP		tool_cfgable.c	146		CWE-416	0	13519		
1813_tool_cfgable_c_147_sailor-wmi-3-arbitrary-free-stale-traversal	LLM_FP	FP		tool_cfgable.c	147		CWE-416	0	13519		
1814_tool_cfgable_c_148_sailor-wmi-3-arbitrary-free-stale-traversal	LLM_FP	FP		tool_cfgable.c	148		CWE-416	0	13519		
1815_tool_cfgable_c_149_sailor-wmi-3-arbitrary-free-stale-traversal	LLM_FP	FP		tool_cfgable.c	149		CWE-416	0	13519		
1816_tool_cfgable_c_150_sailor-wmi-3-arbitrary-free-stale-traversal	LLM_FP	FP		tool_cfgable.c	150		CWE-416	0	13519		
1817_tool_cfgable_c_151_sailor-wmi-3-arbitrary-free-stale-traversal	LLM_FP	FP		tool_cfgable.c	151		CWE-416	0	13519		
1818_tool_cfgable_c_152_sailor-wmi-3-arbitrary-free-stale-traversal	LLM_FP	FP		tool_cfgable.c	152		CWE-416	0	13519		
1819_tool_cfgable_c_153_sailor-wmi-3-arbitrary-free-stale-traversal	LLM_FP	FP		tool_cfgable.c	153		CWE-416	0	13519		
1820_tool_cfgable_c_154_sailor-wmi-3-arbitrary-free-stale-traversal	LLM_FP	FP		tool_cfgable.c	154		CWE-416	0	13519		
1821_tool_cfgable_c_155_sailor-wmi-3-arbitrary-free-stale-traversal	LLM_FP	FP		tool_cfgable.c	155		CWE-416	0	13519		
1822_tool_cfgable_c_156_sailor-wmi-3-arbitrary-free-stale-traversal	LLM_FP	FP		tool_cfgable.c	156		CWE-416	0	13519		
1823_tool_cfgable_c_157_sailor-wmi-3-arbitrary-free-stale-traversal	LLM_FP	FP		tool_cfgable.c	157		CWE-416	0	13519		
1824_tool_cfgable_c_158_sailor-wmi-3-arbitrary-free-stale-traversal	LLM_FP	FP		tool_cfgable.c	158		CWE-416	0	13519		
1825_tool_cfgable_c_159_sailor-wmi-3-arbitrary-free-stale-traversal	LLM_FP	FP		tool_cfgable.c	159		CWE-416	0	13519		
1826_tool_cfgable_c_160_sailor-wmi-3-arbitrary-free-stale-traversal	LLM_FP	FP		tool_cfgable.c	160		CWE-416	0	13519		
1827_tool_cfgable_c_161_sailor-wmi-3-arbitrary-free-stale-traversal	LLM_FP	FP		tool_cfgable.c	161		CWE-416	0	13519		
1828_tool_cfgable_c_162_sailor-wmi-3-arbitrary-free-stale-traversal	LLM_FP	FP		tool_cfgable.c	162		CWE-416	0	13519		
1829_tool_cfgable_c_181_sailor-wmi-3-arbitrary-free-stale-traversal	LLM_FP	FP		tool_cfgable.c	181		CWE-416	0	13519		
1830_tool_cfgable_c_182_sailor-wmi-3-arbitrary-free-stale-traversal	LLM_FP	FP		tool_cfgable.c	182		CWE-416	0	13519		
1831_tool_cfgable_c_183_sailor-wmi-3-arbitrary-free-stale-traversal	LLM_FP	FP		tool_cfgable.c	183		CWE-416	0	13519		
1832_tool_cfgable_c_184_sailor-wmi-3-arbitrary-free-stale-traversal	LLM_FP	FP		tool_cfgable.c	184		CWE-416	0	13519		
1833_tool_cfgable_c_185_sailor-wmi-3-arbitrary-free-stale-traversal	LLM_FP	FP		tool_cfgable.c	185		CWE-416	0	13519		
1834_tool_cfgable_c_186_sailor-wmi-3-arbitrary-free-stale-traversal	LLM_FP	FP		tool_cfgable.c	186		CWE-416	0	13519		
1835_tool_cfgable_c_187_sailor-wmi-3-arbitrary-free-stale-traversal	LLM_FP	FP		tool_cfgable.c	187		CWE-416	0	13519		
1836_tool_cfgable_c_188_sailor-wmi-3-arbitrary-free-stale-traversal	LLM_FP	FP		tool_cfgable.c	188		CWE-416	0	13519		
1837_tool_cfgable_c_189_sailor-wmi-3-arbitrary-free-stale-traversal	LLM_FP	FP		tool_cfgable.c	189		CWE-416	0	13519		
1838_tool_cfgable_c_190_sailor-wmi-3-arbitrary-free-stale-traversal	LLM_FP	FP		tool_cfgable.c	190		CWE-416	0	13519		
1971_tool_cfgable_c_282_sailor-kernel-lifecycle-mismatch	LLM_FP	FP		tool_cfgable.c	282		CWE-416	0	13519		
1972_tool_cfgable_c_283_sailor-kernel-lifecycle-mismatch	LLM_FP	FP		tool_cfgable.c	283		CWE-416	0	13519		
1973_tool_cfgable_c_284_sailor-kernel-lifecycle-mismatch	LLM_FP	FP		tool_cfgable.c	284		CWE-416	0	13519		
1974_tool_cfgable_c_259_sailor-kernel-lifecycle-mismatch	LLM_FP	FP		tool_cfgable.c	259		CWE-416	0	13519		
1975_tool_cfgable_c_260_sailor-kernel-lifecycle-mismatch	LLM_FP	FP		tool_cfgable.c	260		CWE-416	0	13519		
1976_tool_cfgable_c_261_sailor-kernel-lifecycle-mismatch	LLM_FP	FP		tool_cfgable.c	261		CWE-416	0	13519		
1977_tool_cfgable_c_199_sailor-kernel-lifecycle-mismatch	LLM_FP	FP		tool_cfgable.c	199		CWE-416	0	13519		
1978_tool_cfgable_c_107_sailor-kernel-lifecycle-mismatch	LLM_FP	FP		tool_cfgable.c	107		CWE-416	0	13519		
1979_tool_cfgable_c_109_sailor-kernel-lifecycle-mismatch	LLM_FP	FP		tool_cfgable.c	109		CWE-416	0	13519		
1980_tool_cfgable_c_116_sailor-kernel-lifecycle-mismatch	LLM_FP	FP		tool_cfgable.c	116		CWE-416	0	13519		
1981_tool_cfgable_c_117_sailor-kernel-lifecycle-mismatch	LLM_FP	FP		tool_cfgable.c	117		CWE-416	0	13519		
1982_tool_cfgable_c_118_sailor-kernel-lifecycle-mismatch	LLM_FP	FP		tool_cfgable.c	118		CWE-416	0	13519		
1983_tool_cfgable_c_119_sailor-kernel-lifecycle-mismatch	LLM_FP	FP		tool_cfgable.c	119		CWE-416	0	13519		
1984_tool_cfgable_c_171_sailor-kernel-lifecycle-mismatch	LLM_FP	FP		tool_cfgable.c	171		CWE-416	0	13519		
1985_tool_cfgable_c_172_sailor-kernel-lifecycle-mismatch	LLM_FP	FP		tool_cfgable.c	172		CWE-416	0	13519		
0531_config2setopts_c_551_local-cpp-cwe-125-cursor-lookahead-missing-bytes-check	LLM_FP	FP		config2setopts.c	551		CWE-125	0	13519		
0827_config2setopts_c_758_sailor-wmi-2-type-confusion-leak	LLM_FP	FP		config2setopts.c	758		CWE-125	0	13519		
0946_config2setopts_c_790_sailor-wmi-2-type-confusion-leak	LLM_FP	FP		config2setopts.c	790		CWE-125	0	13519		
0947_config2setopts_c_790_sailor-wmi-2-type-confusion-leak	LLM_FP	FP		config2setopts.c	790		CWE-125	0	13519		
0950_config2setopts_c_792_sailor-wmi-2-type-confusion-leak	LLM_FP	FP		config2setopts.c	792		CWE-125	0	13519		
0953_config2setopts_c_797_sailor-wmi-2-type-confusion-leak	LLM_FP	FP		config2setopts.c	797		CWE-125	0	13519		
0960_config2setopts_c_803_sailor-wmi-2-type-confusion-leak	LLM_FP	FP		config2setopts.c	803		CWE-125	0	13519		
0961_config2setopts_c_804_sailor-wmi-2-type-confusion-leak	LLM_FP	FP		config2setopts.c	804		CWE-125	0	13519		
0963_config2setopts_c_806_sailor-wmi-2-type-confusion-leak	LLM_FP	FP		config2setopts.c	806		CWE-125	0	13519		
0964_config2setopts_c_809_sailor-wmi-2-type-confusion-leak	LLM_FP	FP		config2setopts.c	809		CWE-125	0	13519		
0966_config2setopts_c_810_sailor-wmi-2-type-confusion-leak	LLM_FP	FP		config2setopts.c	810		CWE-125	0	13519		
0969_config2setopts_c_811_sailor-wmi-2-type-confusion-leak	LLM_FP	FP		config2setopts.c	811		CWE-125	0	13519		
0972_config2setopts_c_812_sailor-wmi-2-type-confusion-leak	LLM_FP	FP		config2setopts.c	812		CWE-125	0	13519		
0975_config2setopts_c_813_sailor-wmi-2-type-confusion-leak	LLM_FP	FP		config2setopts.c	813		CWE-125	0	13519		
0976_config2setopts_c_815_sailor-wmi-2-type-confusion-leak	LLM_FP	FP		config2setopts.c	815		CWE-125	0	13519		
0983_config2setopts_c_822_sailor-wmi-2-type-confusion-leak	LLM_FP	FP		config2setopts.c	822		CWE-125	0	13519		
0985_config2setopts_c_823_sailor-wmi-2-type-confusion-leak	LLM_FP	FP		config2setopts.c	823		CWE-125	0	13519		
0986_config2setopts_c_824_sailor-wmi-2-type-confusion-leak	LLM_FP	FP		config2setopts.c	824		CWE-125	0	13519		
0992_config2setopts_c_825_sailor-wmi-2-type-confusion-leak	LLM_FP	FP		config2setopts.c	825		CWE-125	0	13519		
0995_config2setopts_c_826_sailor-wmi-2-type-confusion-leak	LLM_FP	FP		config2setopts.c	826		CWE-125	0	13519		
1000_config2setopts_c_827_sailor-wmi-2-type-confusion-leak	LLM_FP	FP		config2setopts.c	827		CWE-125	0	13519		
1008_config2setopts_c_828_sailor-wmi-2-type-confusion-leak	LLM_FP	FP		config2setopts.c	828		CWE-125	0	13519		
1010_config2setopts_c_830_sailor-wmi-2-type-confusion-leak	LLM_FP	FP		config2setopts.c	830		CWE-125	0	13519		
1014_config2setopts_c_832_sailor-wmi-2-type-confusion-leak	LLM_FP	FP		config2setopts.c	832		CWE-125	0	13519		
1025_config2setopts_c_845_sailor-wmi-2-type-confusion-leak	LLM_FP	FP		config2setopts.c	845		CWE-125	0	13519		
1029_config2setopts_c_847_sailor-wmi-2-type-confusion-leak	LLM_FP	FP		config2setopts.c	847		CWE-125	0	13519		
1034_config2setopts_c_863_sailor-wmi-2-type-confusion-leak	LLM_FP	FP		config2setopts.c	863		CWE-125	0	13519		
1035_config2setopts_c_864_sailor-wmi-2-type-confusion-leak	LLM_FP	FP		config2setopts.c	864		CWE-125	0	13519		
1036_config2setopts_c_866_sailor-wmi-2-type-confusion-leak	LLM_FP	FP		config2setopts.c	866		CWE-125	0	13519		
1041_config2setopts_c_867_sailor-wmi-2-type-confusion-leak	LLM_FP	FP		config2setopts.c	867		CWE-125	0	13519		
1043_config2setopts_c_869_sailor-wmi-2-type-confusion-leak	LLM_FP	FP		config2setopts.c	869		CWE-125	0	13519		
1044_config2setopts_c_872_sailor-wmi-2-type-confusion-leak	LLM_FP	FP		config2setopts.c	872		CWE-125	0	13519		
1046_config2setopts_c_873_sailor-wmi-2-type-confusion-leak	LLM_FP	FP		config2setopts.c	873		CWE-125	0	13519		
1047_config2setopts_c_874_sailor-wmi-2-type-confusion-leak	LLM_FP	FP		config2setopts.c	874		CWE-125	0	13519		
1050_config2setopts_c_891_sailor-wmi-2-type-confusion-leak	LLM_FP	FP		config2setopts.c	891		CWE-125	0	13519		
1051_config2setopts_c_892_sailor-wmi-2-type-confusion-leak	LLM_FP	FP		config2setopts.c	892		CWE-125	0	13519		
1052_config2setopts_c_893_sailor-wmi-2-type-confusion-leak	LLM_FP	FP		config2setopts.c	893		CWE-125	0	13519		
1053_config2setopts_c_894_sailor-wmi-2-type-confusion-leak	LLM_FP	FP		config2setopts.c	894		CWE-125	0	13519		
1054_config2setopts_c_896_sailor-wmi-2-type-confusion-leak	LLM_FP	FP		config2setopts.c	896		CWE-125	0	13519		
1055_config2setopts_c_897_sailor-wmi-2-type-confusion-leak	LLM_FP	FP		config2setopts.c	897		CWE-125	0	13519		
1056_config2setopts_c_901_sailor-wmi-2-type-confusion-leak	LLM_FP	FP		config2setopts.c	901		CWE-125	0	13519		
1057_config2setopts_c_902_sailor-wmi-2-type-confusion-leak	LLM_FP	FP		config2setopts.c	902		CWE-125	0	13519		
1060_config2setopts_c_915_sailor-wmi-2-type-confusion-leak	LLM_FP	FP		config2setopts.c	915		CWE-125	0	13519		
1061_config2setopts_c_918_sailor-wmi-2-type-confusion-leak	LLM_FP	FP		config2setopts.c	918		CWE-125	0	13519		
1062_config2setopts_c_918_sailor-wmi-2-type-confusion-leak	LLM_FP	FP		config2setopts.c	918		CWE-125	0	13519		
1063_config2setopts_c_922_sailor-wmi-2-type-confusion-leak	LLM_FP	FP		config2setopts.c	922		CWE-125	0	13519		
1064_config2setopts_c_923_sailor-wmi-2-type-confusion-leak	LLM_FP	FP		config2setopts.c	923		CWE-125	0	13519		
1065_config2setopts_c_924_sailor-wmi-2-type-confusion-leak	LLM_FP	FP		config2setopts.c	924		CWE-125	0	13519		
1066_config2setopts_c_925_sailor-wmi-2-type-confusion-leak	LLM_FP	FP		config2setopts.c	925		CWE-125	0	13519		
1067_config2setopts_c_927_sailor-wmi-2-type-confusion-leak	LLM_FP	FP		config2setopts.c	927		CWE-125	0	13519		
1068_config2setopts_c_928_sailor-wmi-2-type-confusion-leak	LLM_FP	FP		config2setopts.c	928		CWE-125	0	13519		
1069_config2setopts_c_929_sailor-wmi-2-type-confusion-leak	LLM_FP	FP		config2setopts.c	929		CWE-125	0	13519		
1070_config2setopts_c_930_sailor-wmi-2-type-confusion-leak	LLM_FP	FP		config2setopts.c	930		CWE-125	0	13519		
1071_config2setopts_c_930_sailor-wmi-2-type-confusion-leak	LLM_FP	FP		config2setopts.c	930		CWE-125	0	13519		
1072_config2setopts_c_932_sailor-wmi-2-type-confusion-leak	LLM_FP	FP		config2setopts.c	932		CWE-125	0	13519		
1073_config2setopts_c_933_sailor-wmi-2-type-confusion-leak	LLM_FP	FP		config2setopts.c	933		CWE-125	0	13519		
1074_config2setopts_c_934_sailor-wmi-2-type-confusion-leak	LLM_FP	FP		config2setopts.c	934		CWE-125	0	13519		
1075_config2setopts_c_935_sailor-wmi-2-type-confusion-leak	LLM_FP	FP		config2setopts.c	935		CWE-125	0	13519		
1076_config2setopts_c_936_sailor-wmi-2-type-confusion-leak	LLM_FP	FP		config2setopts.c	936		CWE-125	0	13519		
1077_config2setopts_c_937_sailor-wmi-2-type-confusion-leak	LLM_FP	FP		config2setopts.c	937		CWE-125	0	13519		
1078_config2setopts_c_938_sailor-wmi-2-type-confusion-leak	LLM_FP	FP		config2setopts.c	938		CWE-125	0	13519		
1079_config2setopts_c_939_sailor-wmi-2-type-confusion-leak	LLM_FP	FP		config2setopts.c	939		CWE-125	0	13519		
1080_config2setopts_c_940_sailor-wmi-2-type-confusion-leak	LLM_FP	FP		config2setopts.c	940		CWE-125	0	13519		
1081_config2setopts_c_942_sailor-wmi-2-type-confusion-leak	LLM_FP	FP		config2setopts.c	942		CWE-125	0	13519		
1083_config2setopts_c_944_sailor-wmi-2-type-confusion-leak	LLM_FP	FP		config2setopts.c	944		CWE-125	0	13519		
1084_config2setopts_c_945_sailor-wmi-2-type-confusion-leak	LLM_FP	FP		config2setopts.c	945		CWE-125	0	13519		
1085_config2setopts_c_946_sailor-wmi-2-type-confusion-leak	LLM_FP	FP		config2setopts.c	946		CWE-125	0	13519		
1086_config2setopts_c_948_sailor-wmi-2-type-confusion-leak	LLM_FP	FP		config2setopts.c	948		CWE-125	0	13519		
1088_config2setopts_c_949_sailor-wmi-2-type-confusion-leak	LLM_FP	FP		config2setopts.c	949		CWE-125	0	13519		
1090_config2setopts_c_950_sailor-wmi-2-type-confusion-leak	LLM_FP	FP		config2setopts.c	950		CWE-125	0	13519		
1092_config2setopts_c_951_sailor-wmi-2-type-confusion-leak	LLM_FP	FP		config2setopts.c	951		CWE-125	0	13519		
1093_config2setopts_c_953_sailor-wmi-2-type-confusion-leak	LLM_FP	FP		config2setopts.c	953		CWE-125	0	13519		
1096_config2setopts_c_954_sailor-wmi-2-type-confusion-leak	LLM_FP	FP		config2setopts.c	954		CWE-125	0	13519		
1097_config2setopts_c_955_sailor-wmi-2-type-confusion-leak	LLM_FP	FP		config2setopts.c	955		CWE-125	0	13519		
1098_config2setopts_c_958_sailor-wmi-2-type-confusion-leak	LLM_FP	FP		config2setopts.c	958		CWE-125	0	13519		
1103_config2setopts_c_965_sailor-wmi-2-type-confusion-leak	LLM_FP	FP		config2setopts.c	965		CWE-125	0	13519		
1104_config2setopts_c_966_sailor-wmi-2-type-confusion-leak	LLM_FP	FP		config2setopts.c	966		CWE-125	0	13519		
1105_config2setopts_c_968_sailor-wmi-2-type-confusion-leak	LLM_FP	FP		config2setopts.c	968		CWE-125	0	13519		
1106_config2setopts_c_969_sailor-wmi-2-type-confusion-leak	LLM_FP	FP		config2setopts.c	969		CWE-125	0	13519		
1107_config2setopts_c_971_sailor-wmi-2-type-confusion-leak	LLM_FP	FP		config2setopts.c	971		CWE-125	0	13519		
1108_config2setopts_c_972_sailor-wmi-2-type-confusion-leak	LLM_FP	FP		config2setopts.c	972		CWE-125	0	13519		
1109_config2setopts_c_973_sailor-wmi-2-type-confusion-leak	LLM_FP	FP		config2setopts.c	973		CWE-125	0	13519		
1110_config2setopts_c_975_sailor-wmi-2-type-confusion-leak	LLM_FP	FP		config2setopts.c	975		CWE-125	0	13519		
1111_config2setopts_c_976_sailor-wmi-2-type-confusion-leak	LLM_FP	FP		config2setopts.c	976		CWE-125	0	13519		
1112_config2setopts_c_977_sailor-wmi-2-type-confusion-leak	LLM_FP	FP		config2setopts.c	977		CWE-125	0	13519		
1113_config2setopts_c_978_sailor-wmi-2-type-confusion-leak	LLM_FP	FP		config2setopts.c	978		CWE-125	0	13519		
1114_config2setopts_c_980_sailor-wmi-2-type-confusion-leak	LLM_FP	FP		config2setopts.c	980		CWE-125	0	13519		
1115_config2setopts_c_981_sailor-wmi-2-type-confusion-leak	LLM_FP	FP		config2setopts.c	981		CWE-125	0	13519		
1116_config2setopts_c_989_sailor-wmi-2-type-confusion-leak	LLM_FP	FP		config2setopts.c	989		CWE-125	0	13519		
1117_config2setopts_c_990_sailor-wmi-2-type-confusion-leak	LLM_FP	FP		config2setopts.c	990		CWE-125	0	13519		
1118_config2setopts_c_992_sailor-wmi-2-type-confusion-leak	LLM_FP	FP		config2setopts.c	992		CWE-125	0	13519		
1119_config2setopts_c_993_sailor-wmi-2-type-confusion-leak	LLM_FP	FP		config2setopts.c	993		CWE-125	0	13519		
1120_config2setopts_c_994_sailor-wmi-2-type-confusion-leak	LLM_FP	FP		config2setopts.c	994		CWE-125	0	13519		
1121_config2setopts_c_996_sailor-wmi-2-type-confusion-leak	LLM_FP	FP		config2setopts.c	996		CWE-125	0	13519		
1122_config2setopts_c_997_sailor-wmi-2-type-confusion-leak	LLM_FP	FP		config2setopts.c	997		CWE-125	0	13519		
1123_config2setopts_c_999_sailor-wmi-2-type-confusion-leak	LLM_FP	FP		config2setopts.c	999		CWE-125	0	13519		
1124_config2setopts_c_1005_sailor-wmi-2-type-confusion-leak	LLM_FP	FP		config2setopts.c	1005		CWE-125	0	13519		
1125_config2setopts_c_1007_sailor-wmi-2-type-confusion-leak	LLM_FP	FP		config2setopts.c	1007		CWE-125	0	13519		
1126_config2setopts_c_1009_sailor-wmi-2-type-confusion-leak	LLM_FP	FP		config2setopts.c	1009		CWE-125	0	13519		
1127_config2setopts_c_1011_sailor-wmi-2-type-confusion-leak	LLM_FP	FP		config2setopts.c	1011		CWE-125	0	13519		
1128_config2setopts_c_1014_sailor-wmi-2-type-confusion-leak	LLM_FP	FP		config2setopts.c	1014		CWE-125	0	13519		
1129_config2setopts_c_1016_sailor-wmi-2-type-confusion-leak	LLM_FP	FP		config2setopts.c	1016		CWE-125	0	13519		
1130_config2setopts_c_1016_sailor-wmi-2-type-confusion-leak	LLM_FP	FP		config2setopts.c	1016		CWE-125	0	13519		
1132_config2setopts_c_1031_sailor-wmi-2-type-confusion-leak	LLM_FP	FP		config2setopts.c	1031		CWE-125	0	13519		
1133_config2setopts_c_734_sailor-wmi-2-type-confusion-leak	LLM_FP	FP		config2setopts.c	734		CWE-125	0	13519		
1135_config2setopts_c_735_sailor-wmi-2-type-confusion-leak	LLM_FP	FP		config2setopts.c	735		CWE-125	0	13519		
1136_config2setopts_c_736_sailor-wmi-2-type-confusion-leak	LLM_FP	FP		config2setopts.c	736		CWE-125	0	13519		
1137_config2setopts_c_737_sailor-wmi-2-type-confusion-leak	LLM_FP	FP		config2setopts.c	737		CWE-125	0	13519		
1138_config2setopts_c_738_sailor-wmi-2-type-confusion-leak	LLM_FP	FP		config2setopts.c	738		CWE-125	0	13519		
1139_config2setopts_c_739_sailor-wmi-2-type-confusion-leak	LLM_FP	FP		config2setopts.c	739		CWE-125	0	13519		
1140_config2setopts_c_740_sailor-wmi-2-type-confusion-leak	LLM_FP	FP		config2setopts.c	740		CWE-125	0	13519		
1141_config2setopts_c_742_sailor-wmi-2-type-confusion-leak	LLM_FP	FP		config2setopts.c	742		CWE-125	0	13519		
1142_config2setopts_c_743_sailor-wmi-2-type-confusion-leak	LLM_FP	FP		config2setopts.c	743		CWE-125	0	13519		
1143_config2setopts_c_745_sailor-wmi-2-type-confusion-leak	LLM_FP	FP		config2setopts.c	745		CWE-125	0	13519		
1144_config2setopts_c_746_sailor-wmi-2-type-confusion-leak	LLM_FP	FP		config2setopts.c	746		CWE-125	0	13519		
1145_config2setopts_c_748_sailor-wmi-2-type-confusion-leak	LLM_FP	FP		config2setopts.c	748		CWE-125	0	13519		
1148_config2setopts_c_686_sailor-wmi-2-type-confusion-leak	LLM_FP	FP		config2setopts.c	686		CWE-125	0	13519		
1149_config2setopts_c_687_sailor-wmi-2-type-confusion-leak	LLM_FP	FP		config2setopts.c	687		CWE-125	0	13519		
1152_config2setopts_c_695_sailor-wmi-2-type-confusion-leak	LLM_FP	FP		config2setopts.c	695		CWE-125	0	13519		
1153_config2setopts_c_696_sailor-wmi-2-type-confusion-leak	LLM_FP	FP		config2setopts.c	696		CWE-125	0	13519		
1155_config2setopts_c_698_sailor-wmi-2-type-confusion-leak	LLM_FP	FP		config2setopts.c	698		CWE-125	0	13519		
1156_config2setopts_c_699_sailor-wmi-2-type-confusion-leak	LLM_FP	FP		config2setopts.c	699		CWE-125	0	13519		
1158_config2setopts_c_700_sailor-wmi-2-type-confusion-leak	LLM_FP	FP		config2setopts.c	700		CWE-125	0	13519		
1159_config2setopts_c_701_sailor-wmi-2-type-confusion-leak	LLM_FP	FP		config2setopts.c	701		CWE-125	0	13519		
1163_config2setopts_c_703_sailor-wmi-2-type-confusion-leak	LLM_FP	FP		config2setopts.c	703		CWE-125	0	13519		
1168_config2setopts_c_714_sailor-wmi-2-type-confusion-leak	LLM_FP	FP		config2setopts.c	714		CWE-125	0	13519		
1169_config2setopts_c_716_sailor-wmi-2-type-confusion-leak	LLM_FP	FP		config2setopts.c	716		CWE-125	0	13519		
1170_config2setopts_c_718_sailor-wmi-2-type-confusion-leak	LLM_FP	FP		config2setopts.c	718		CWE-125	0	13519		
1171_config2setopts_c_720_sailor-wmi-2-type-confusion-leak	LLM_FP	FP		config2setopts.c	720		CWE-125	0	13519		
1173_config2setopts_c_722_sailor-wmi-2-type-confusion-leak	LLM_FP	FP		config2setopts.c	722		CWE-125	0	13519		
1175_config2setopts_c_725_sailor-wmi-2-type-confusion-leak	LLM_FP	FP		config2setopts.c	725		CWE-125	0	13519		
1176_config2setopts_c_726_sailor-wmi-2-type-confusion-leak	LLM_FP	FP		config2setopts.c	726		CWE-125	0	13519		
1191_config2setopts_c_608_sailor-wmi-2-type-confusion-leak	LLM_FP	FP		config2setopts.c	608		CWE-125	0	13519		
1192_config2setopts_c_610_sailor-wmi-2-type-confusion-leak	LLM_FP	FP		config2setopts.c	610		CWE-125	0	13519		
1193_config2setopts_c_614_sailor-wmi-2-type-confusion-leak	LLM_FP	FP		config2setopts.c	614		CWE-125	0	13519		
1194_config2setopts_c_618_sailor-wmi-2-type-confusion-leak	LLM_FP	FP		config2setopts.c	618		CWE-125	0	13519		
1195_config2setopts_c_619_sailor-wmi-2-type-confusion-leak	LLM_FP	FP		config2setopts.c	619		CWE-125	0	13519		
1198_config2setopts_c_621_sailor-wmi-2-type-confusion-leak	LLM_FP	FP		config2setopts.c	621		CWE-125	0	13519		
1200_config2setopts_c_622_sailor-wmi-2-type-confusion-leak	LLM_FP	FP		config2setopts.c	622		CWE-125	0	13519		
1201_config2setopts_c_623_sailor-wmi-2-type-confusion-leak	LLM_FP	FP		config2setopts.c	623		CWE-125	0	13519		
1203_config2setopts_c_625_sailor-wmi-2-type-confusion-leak	LLM_FP	FP		config2setopts.c	625		CWE-125	0	13519		
1204_config2setopts_c_627_sailor-wmi-2-type-confusion-leak	LLM_FP	FP		config2setopts.c	627		CWE-125	0	13519		
1207_config2setopts_c_582_sailor-wmi-2-type-confusion-leak	LLM_FP	FP		config2setopts.c	582		CWE-125	0	13519		
1213_config2setopts_c_585_sailor-wmi-2-type-confusion-leak	LLM_FP	FP		config2setopts.c	585		CWE-125	0	13519		
1218_config2setopts_c_588_sailor-wmi-2-type-confusion-leak	LLM_FP	FP		config2setopts.c	588		CWE-125	0	13519		
1220_config2setopts_c_592_sailor-wmi-2-type-confusion-leak	LLM_FP	FP		config2setopts.c	592		CWE-125	0	13519		
1221_config2setopts_c_594_sailor-wmi-2-type-confusion-leak	LLM_FP	FP		config2setopts.c	594		CWE-125	0	13519		
1223_config2setopts_c_595_sailor-wmi-2-type-confusion-leak	LLM_FP	FP		config2setopts.c	595		CWE-125	0	13519		
1224_config2setopts_c_596_sailor-wmi-2-type-confusion-leak	LLM_FP	FP		config2setopts.c	596		CWE-125	0	13519		
1226_config2setopts_c_598_sailor-wmi-2-type-confusion-leak	LLM_FP	FP		config2setopts.c	598		CWE-125	0	13519		
1228_config2setopts_c_599_sailor-wmi-2-type-confusion-leak	LLM_FP	FP		config2setopts.c	599		CWE-125	0	13519		
1232_config2setopts_c_539_sailor-wmi-2-type-confusion-leak	LLM_FP	FP		config2setopts.c	539		CWE-125	0	13519		
1233_config2setopts_c_547_sailor-wmi-2-type-confusion-leak	LLM_FP	FP		config2setopts.c	547		CWE-125	0	13519		
1238_config2setopts_c_546_sailor-wmi-2-type-confusion-leak	LLM_FP	FP		config2setopts.c	546		CWE-125	0	13519		
1239_config2setopts_c_565_sailor-wmi-2-type-confusion-leak	LLM_FP	FP		config2setopts.c	565		CWE-125	0	13519		
1240_config2setopts_c_568_sailor-wmi-2-type-confusion-leak	LLM_FP	FP		config2setopts.c	568		CWE-125	0	13519		
1242_config2setopts_c_572_sailor-wmi-2-type-confusion-leak	LLM_FP	FP		config2setopts.c	572		CWE-125	0	13519		
1243_config2setopts_c_573_sailor-wmi-2-type-confusion-leak	LLM_FP	FP		config2setopts.c	573		CWE-125	0	13519		
1245_config2setopts_c_575_sailor-wmi-2-type-confusion-leak	LLM_FP	FP		config2setopts.c	575		CWE-125	0	13519		
1246_config2setopts_c_492_sailor-wmi-2-type-confusion-leak	LLM_FP	FP		config2setopts.c	492		CWE-125	0	13519		
1247_config2setopts_c_493_sailor-wmi-2-type-confusion-leak	LLM_FP	FP	use-after-free	config2setopts.c	493		CWE-125	0	13519		
1249_config2setopts_c_494_sailor-wmi-2-type-confusion-leak	LLM_FP	FP	use-after-free	config2setopts.c	494		CWE-125	0	13519		
1250_config2setopts_c_495_sailor-wmi-2-type-confusion-leak	LLM_FP	FP	use-after-free	config2setopts.c	495		CWE-125	0	13519		
1253_config2setopts_c_497_sailor-wmi-2-type-confusion-leak	LLM_FP	FP	use-after-free	config2setopts.c	497		CWE-125	0	13519		
1254_config2setopts_c_498_sailor-wmi-2-type-confusion-leak	LLM_FP	FP	use-after-free	config2setopts.c	498		CWE-125	0	13519		
1255_config2setopts_c_502_sailor-wmi-2-type-confusion-leak	LLM_FP	FP	use-after-free	config2setopts.c	502		CWE-125	0	13519		
1256_config2setopts_c_504_sailor-wmi-2-type-confusion-leak	LLM_FP	FP	use-after-free	config2setopts.c	504		CWE-125	0	13519		
1257_config2setopts_c_505_sailor-wmi-2-type-confusion-leak	LLM_FP	FP	use-after-free	config2setopts.c	505		CWE-125	0	13519		
1258_config2setopts_c_507_sailor-wmi-2-type-confusion-leak	LLM_FP	FP	use-after-free	config2setopts.c	507		CWE-125	0	13519		
1259_config2setopts_c_509_sailor-wmi-2-type-confusion-leak	LLM_FP	FP	use-after-free	config2setopts.c	509		CWE-125	0	13519		
1260_config2setopts_c_511_sailor-wmi-2-type-confusion-leak	LLM_FP	FP	use-after-free	config2setopts.c	511		CWE-125	0	13519		
1261_config2setopts_c_515_sailor-wmi-2-type-confusion-leak	LLM_FP	FP	use-after-free	config2setopts.c	515		CWE-125	0	13519		
1262_config2setopts_c_518_sailor-wmi-2-type-confusion-leak	LLM_FP	FP	use-after-free	config2setopts.c	518		CWE-125	0	13519		
1264_config2setopts_c_521_sailor-wmi-2-type-confusion-leak	LLM_FP	FP	use-after-free	config2setopts.c	521		CWE-125	0	13519		
1265_config2setopts_c_523_sailor-wmi-2-type-confusion-leak	LLM_FP	FP	use-after-free	config2setopts.c	523		CWE-125	0	13519		
1266_config2setopts_c_524_sailor-wmi-2-type-confusion-leak	LLM_FP	FP	use-after-free	config2setopts.c	524		CWE-125	0	13519		
1267_config2setopts_c_526_sailor-wmi-2-type-confusion-leak	LLM_FP	FP	use-after-free	config2setopts.c	526		CWE-125	0	13519		
1268_config2setopts_c_527_sailor-wmi-2-type-confusion-leak	LLM_FP	FP	use-after-free	config2setopts.c	527		CWE-125	0	13519		
1269_config2setopts_c_529_sailor-wmi-2-type-confusion-leak	LLM_FP	FP	use-after-free	config2setopts.c	529		CWE-125	0	13519		
1270_config2setopts_c_531_sailor-wmi-2-type-confusion-leak	LLM_FP	FP	use-after-free	config2setopts.c	531		CWE-125	0	13519		
1271_config2setopts_c_284_sailor-wmi-2-type-confusion-leak	LLM_FP	FP	use-after-free	config2setopts.c	284		CWE-125	0	13519		
1272_config2setopts_c_285_sailor-wmi-2-type-confusion-leak	LLM_FP	FP	use-after-free	config2setopts.c	285		CWE-125	0	13519		
1273_config2setopts_c_286_sailor-wmi-2-type-confusion-leak	LLM_FP	FP	use-after-free	config2setopts.c	286		CWE-125	0	13519		
1274_config2setopts_c_287_sailor-wmi-2-type-confusion-leak	LLM_FP	FP	use-after-free	config2setopts.c	287		CWE-125	0	13519		
1275_config2setopts_c_288_sailor-wmi-2-type-confusion-leak	LLM_FP	FP	use-after-free	config2setopts.c	288		CWE-125	0	13519		
1276_config2setopts_c_289_sailor-wmi-2-type-confusion-leak	LLM_FP	FP	use-after-free	config2setopts.c	289		CWE-125	0	13519		
1277_config2setopts_c_293_sailor-wmi-2-type-confusion-leak	LLM_FP	FP	use-after-free	config2setopts.c	293		CWE-125	0	13519		
1278_config2setopts_c_293_sailor-wmi-2-type-confusion-leak	LLM_FP	FP	use-after-free	config2setopts.c	293		CWE-125	0	13519		
1279_config2setopts_c_295_sailor-wmi-2-type-confusion-leak	LLM_FP	FP	use-after-free	config2setopts.c	295		CWE-125	0	13519		
1280_config2setopts_c_295_sailor-wmi-2-type-confusion-leak	LLM_FP	FP	use-after-free	config2setopts.c	295		CWE-125	0	13519		
1281_config2setopts_c_296_sailor-wmi-2-type-confusion-leak	LLM_FP	FP	use-after-free	config2setopts.c	296		CWE-125	0	13519		
1282_config2setopts_c_297_sailor-wmi-2-type-confusion-leak	LLM_FP	FP	use-after-free	config2setopts.c	297		CWE-125	0	13519		
1283_config2setopts_c_299_sailor-wmi-2-type-confusion-leak	LLM_FP	FP	use-after-free	config2setopts.c	299		CWE-125	0	13519		
1284_config2setopts_c_333_sailor-wmi-2-type-confusion-leak	LLM_FP	FP	use-after-free	config2setopts.c	333		CWE-125	0	13519		
1285_config2setopts_c_334_sailor-wmi-2-type-confusion-leak	LLM_FP	FP	use-after-free	config2setopts.c	334		CWE-125	0	13519		
1286_config2setopts_c_335_sailor-wmi-2-type-confusion-leak	LLM_FP	FP	use-after-free	config2setopts.c	335		CWE-125	0	13519		
1287_config2setopts_c_336_sailor-wmi-2-type-confusion-leak	LLM_FP	FP	use-after-free	config2setopts.c	336		CWE-125	0	13519		
1288_config2setopts_c_341_sailor-wmi-2-type-confusion-leak	LLM_FP	FP	use-after-free	config2setopts.c	341		CWE-125	0	13519		
1289_config2setopts_c_342_sailor-wmi-2-type-confusion-leak	LLM_FP	FP	use-after-free	config2setopts.c	342		CWE-125	0	13519		
1290_config2setopts_c_347_sailor-wmi-2-type-confusion-leak	LLM_FP	FP	use-after-free	config2setopts.c	347		CWE-125	0	13519		
1291_config2setopts_c_349_sailor-wmi-2-type-confusion-leak	LLM_FP	FP	use-after-free	config2setopts.c	349		CWE-125	0	13519		
1292_config2setopts_c_355_sailor-wmi-2-type-confusion-leak	LLM_FP	FP	use-after-free	config2setopts.c	355		CWE-125	0	13519		
1293_config2setopts_c_356_sailor-wmi-2-type-confusion-leak	LLM_FP	FP	use-after-free	config2setopts.c	356		CWE-125	0	13519		
1294_config2setopts_c_358_sailor-wmi-2-type-confusion-leak	LLM_FP	FP	use-after-free	config2setopts.c	358		CWE-125	0	13519		
1295_config2setopts_c_360_sailor-wmi-2-type-confusion-leak	LLM_FP	FP	use-after-free	config2setopts.c	360		CWE-125	0	13519		
1296_config2setopts_c_362_sailor-wmi-2-type-confusion-leak	LLM_FP	FP	use-after-free	config2setopts.c	362		CWE-125	0	13519		
1297_config2setopts_c_365_sailor-wmi-2-type-confusion-leak	LLM_FP	FP	use-after-free	config2setopts.c	365		CWE-125	0	13519		
1298_config2setopts_c_366_sailor-wmi-2-type-confusion-leak	LLM_FP	FP	use-after-free	config2setopts.c	366		CWE-125	0	13519		
1299_config2setopts_c_367_sailor-wmi-2-type-confusion-leak	LLM_FP	FP	use-after-free	config2setopts.c	367		CWE-125	0	13519		
1300_config2setopts_c_368_sailor-wmi-2-type-confusion-leak	LLM_FP	FP	use-after-free	config2setopts.c	368		CWE-125	0	13519		
1301_config2setopts_c_369_sailor-wmi-2-type-confusion-leak	LLM_FP	FP	use-after-free	config2setopts.c	369		CWE-125	0	13519		
1302_config2setopts_c_370_sailor-wmi-2-type-confusion-leak	LLM_FP	FP	use-after-free	config2setopts.c	370		CWE-125	0	13519		
1303_config2setopts_c_371_sailor-wmi-2-type-confusion-leak	LLM_FP	FP	use-after-free	config2setopts.c	371		CWE-125	0	13519		
1304_config2setopts_c_372_sailor-wmi-2-type-confusion-leak	LLM_FP	FP	use-after-free	config2setopts.c	372		CWE-125	0	13519		
1305_config2setopts_c_375_sailor-wmi-2-type-confusion-leak	LLM_FP	FP	use-after-free	config2setopts.c	375		CWE-125	0	13519		
1306_config2setopts_c_380_sailor-wmi-2-type-confusion-leak	LLM_FP	FP	use-after-free	config2setopts.c	380		CWE-125	0	13519		
1307_config2setopts_c_385_sailor-wmi-2-type-confusion-leak	LLM_FP	FP	use-after-free	config2setopts.c	385		CWE-125	0	13519		
1308_config2setopts_c_390_sailor-wmi-2-type-confusion-leak	LLM_FP	FP	use-after-free	config2setopts.c	390		CWE-125	0	13519		
1309_config2setopts_c_393_sailor-wmi-2-type-confusion-leak	LLM_FP	FP	use-after-free	config2setopts.c	393		CWE-125	0	13519		
1310_config2setopts_c_397_sailor-wmi-2-type-confusion-leak	LLM_FP	FP	use-after-free	config2setopts.c	397		CWE-125	0	13519		
1311_config2setopts_c_398_sailor-wmi-2-type-confusion-leak	LLM_FP	FP	use-after-free	config2setopts.c	398		CWE-125	0	13519		
1312_config2setopts_c_399_sailor-wmi-2-type-confusion-leak	LLM_FP	FP	use-after-free	config2setopts.c	399		CWE-125	0	13519		
1313_config2setopts_c_401_sailor-wmi-2-type-confusion-leak	LLM_FP	FP	use-after-free	config2setopts.c	401		CWE-125	0	13519		
1314_config2setopts_c_405_sailor-wmi-2-type-confusion-leak	LLM_FP	FP	use-after-free	config2setopts.c	405		CWE-125	0	13519		
1315_config2setopts_c_406_sailor-wmi-2-type-confusion-leak	LLM_FP	FP	use-after-free	config2setopts.c	406		CWE-125	0	13519		
1318_config2setopts_c_407_sailor-wmi-2-type-confusion-leak	LLM_FP	FP	use-after-free	config2setopts.c	407		CWE-125	0	13519		
1319_config2setopts_c_408_sailor-wmi-2-type-confusion-leak	LLM_FP	FP	use-after-free	config2setopts.c	408		CWE-125	0	13519		
1320_config2setopts_c_409_sailor-wmi-2-type-confusion-leak	LLM_FP	FP	use-after-free	config2setopts.c	409		CWE-125	0	13519		
1322_config2setopts_c_410_sailor-wmi-2-type-confusion-leak	LLM_FP	FP	use-after-free	config2setopts.c	410		CWE-125	0	13519		
1325_config2setopts_c_418_sailor-wmi-2-type-confusion-leak	LLM_FP	FP	use-after-free	config2setopts.c	418		CWE-125	0	13519		
1326_config2setopts_c_419_sailor-wmi-2-type-confusion-leak	LLM_FP	FP	use-after-free	config2setopts.c	419		CWE-125	0	13519		
1327_config2setopts_c_420_sailor-wmi-2-type-confusion-leak	LLM_FP	FP	use-after-free	config2setopts.c	420		CWE-125	0	13519		
1328_config2setopts_c_426_sailor-wmi-2-type-confusion-leak	LLM_FP	FP	use-after-free	config2setopts.c	426		CWE-125	0	13519		
1329_config2setopts_c_427_sailor-wmi-2-type-confusion-leak	LLM_FP	FP	use-after-free	config2setopts.c	427		CWE-125	0	13519		
1332_config2setopts_c_432_sailor-wmi-2-type-confusion-leak	LLM_FP	FP	use-after-free	config2setopts.c	432		CWE-125	0	13519		
1333_config2setopts_c_434_sailor-wmi-2-type-confusion-leak	LLM_FP	FP	use-after-free	config2setopts.c	434		CWE-125	0	13519		
1334_config2setopts_c_439_sailor-wmi-2-type-confusion-leak	LLM_FP	FP	use-after-free	config2setopts.c	439		CWE-125	0	13519		
1335_config2setopts_c_440_sailor-wmi-2-type-confusion-leak	LLM_FP	FP	use-after-free	config2setopts.c	440		CWE-125	0	13519		
1337_config2setopts_c_445_sailor-wmi-2-type-confusion-leak	LLM_FP	FP	use-after-free	config2setopts.c	445		CWE-125	0	13519		
1338_config2setopts_c_447_sailor-wmi-2-type-confusion-leak	LLM_FP	FP	use-after-free	config2setopts.c	447		CWE-125	0	13519		
1339_config2setopts_c_454_sailor-wmi-2-type-confusion-leak	LLM_FP	FP		config2setopts.c	454		CWE-125	0	13519		
1340_config2setopts_c_460_sailor-wmi-2-type-confusion-leak	LLM_FP	FP		config2setopts.c	460		CWE-125	0	13519		
1341_config2setopts_c_461_sailor-wmi-2-type-confusion-leak	LLM_FP	FP		config2setopts.c	461		CWE-125	0	13519		
1342_config2setopts_c_462_sailor-wmi-2-type-confusion-leak	LLM_FP	FP		config2setopts.c	462		CWE-125	0	13519		
1343_config2setopts_c_463_sailor-wmi-2-type-confusion-leak	LLM_FP	FP		config2setopts.c	463		CWE-125	0	13519		
1344_config2setopts_c_464_sailor-wmi-2-type-confusion-leak	LLM_FP	FP		config2setopts.c	464		CWE-125	0	13519		
1345_config2setopts_c_465_sailor-wmi-2-type-confusion-leak	LLM_FP	FP		config2setopts.c	465		CWE-125	0	13519		
1347_config2setopts_c_468_sailor-wmi-2-type-confusion-leak	LLM_FP	FP		config2setopts.c	468		CWE-125	0	13519		
1348_config2setopts_c_469_sailor-wmi-2-type-confusion-leak	LLM_FP	FP		config2setopts.c	469		CWE-125	0	13519		
1349_config2setopts_c_471_sailor-wmi-2-type-confusion-leak	LLM_FP	FP		config2setopts.c	471		CWE-125	0	13519		
1351_config2setopts_c_480_sailor-wmi-2-type-confusion-leak	LLM_FP	FP		config2setopts.c	480		CWE-125	0	13519		
1354_config2setopts_c_186_sailor-wmi-2-type-confusion-leak	LLM_FP	FP		config2setopts.c	186		CWE-125	0	13519		
1355_config2setopts_c_187_sailor-wmi-2-type-confusion-leak	LLM_FP	FP		config2setopts.c	187		CWE-125	0	13519		
1356_config2setopts_c_191_sailor-wmi-2-type-confusion-leak	LLM_FP	FP		config2setopts.c	191		CWE-125	0	13519		
1357_config2setopts_c_196_sailor-wmi-2-type-confusion-leak	LLM_FP	FP		config2setopts.c	196		CWE-125	0	13519		
1358_config2setopts_c_198_sailor-wmi-2-type-confusion-leak	LLM_FP	FP		config2setopts.c	198		CWE-125	0	13519		
1359_config2setopts_c_201_sailor-wmi-2-type-confusion-leak	LLM_FP	FP		config2setopts.c	201		CWE-125	0	13519		
1360_config2setopts_c_202_sailor-wmi-2-type-confusion-leak	LLM_FP	FP		config2setopts.c	202		CWE-125	0	13519		
1378_config2setopts_c_71_sailor-wmi-2-type-confusion-leak	LLM_FP	FP		config2setopts.c	71		CWE-125	0	13519		
1379_config2setopts_c_72_sailor-wmi-2-type-confusion-leak	LLM_FP	FP		config2setopts.c	72		CWE-125	0	13519		
1386_config2setopts_c_96_sailor-wmi-2-type-confusion-leak	LLM_FP	FP		config2setopts.c	96		CWE-125	0	13519		
1387_config2setopts_c_97_sailor-wmi-2-type-confusion-leak	LLM_FP	FP		config2setopts.c	97		CWE-125	0	13519		
0242_tool_operate_c_2228_local-cpp-cwe-125-oob-read	LLM_FP	FP	oob-read	tool_operate.c	2228		CWE-125	0	13519		
0538_tool_operate_c_2205_local-cpp-cwe-125-cursor-lookahead-missing-bytes-check	LLM_FP	FP	oob-read	tool_operate.c	2205		CWE-125	0	13519		
0571_tool_operate_c_1476_local-cpp-cwe-125-cursor-lookahead-missing-bytes-check	LLM_FP	FP	oob-read	tool_operate.c	1476		CWE-125	0	13519		
0741_tool_operate_c_1207_sailor-cpp-CWE-416-DirectFreeArgUseFast	LLM_FP	FP	use-after-free	tool_operate.c	1207		CWE-416	0	13519		
0742_tool_operate_c_1217_sailor-cpp-CWE-416-DirectFreeArgUseFast	LLM_FP	FP	use-after-free	tool_operate.c	1217		CWE-416	0	13519		
0743_tool_operate_c_1217_sailor-cpp-CWE-416-DirectFreeArgUseFast	LLM_FP	FP	use-after-free	tool_operate.c	1217		CWE-416	0	13519		
0744_tool_operate_c_1256_sailor-cpp-CWE-416-DirectFreeArgUseFast	LLM_FP	FP	use-after-free	tool_operate.c	1256		CWE-416	0	13519		
0745_tool_operate_c_1289_sailor-cpp-CWE-416-DirectFreeArgUseFast	LLM_FP	FP	use-after-free	tool_operate.c	1289		CWE-416	0	13519		
0746_tool_operate_c_1290_sailor-cpp-CWE-416-DirectFreeArgUseFast	LLM_FP	FP	use-after-free	tool_operate.c	1290		CWE-416	0	13519		
0747_tool_operate_c_1384_sailor-cpp-CWE-416-DirectFreeArgUseFast	LLM_FP	FP	use-after-free	tool_operate.c	1384		CWE-416	0	13519		
0748_tool_operate_c_1386_sailor-cpp-CWE-416-DirectFreeArgUseFast	LLM_FP	FP	use-after-free	tool_operate.c	1386		CWE-416	0	13519		
0749_tool_operate_c_1021_sailor-cpp-CWE-416-DirectFreeArgUseFast	LLM_FP	FP	use-after-free	tool_operate.c	1021		CWE-416	0	13519		
0750_tool_operate_c_1029_sailor-cpp-CWE-416-DirectFreeArgUseFast	LLM_FP	FP	use-after-free	tool_operate.c	1029		CWE-416	0	13519		
0751_tool_operate_c_1031_sailor-cpp-CWE-416-DirectFreeArgUseFast	LLM_FP	FP	use-after-free	tool_operate.c	1031		CWE-416	0	13519		
0752_tool_operate_c_1042_sailor-cpp-CWE-416-DirectFreeArgUseFast	LLM_FP	FP	use-after-free	tool_operate.c	1042		CWE-416	0	13519		
0753_tool_operate_c_1058_sailor-cpp-CWE-416-DirectFreeArgUseFast	LLM_FP	FP	use-after-free	tool_operate.c	1058		CWE-416	0	13519		
0754_tool_operate_c_1061_sailor-cpp-CWE-416-DirectFreeArgUseFast	LLM_FP	FP	use-after-free	tool_operate.c	1061		CWE-416	0	13519		
0755_tool_operate_c_755_sailor-cpp-CWE-416-DirectFreeArgUseFast	LLM_FP	FP	use-after-free	tool_operate.c	755		CWE-416	0	13519		
0756_tool_operate_c_758_sailor-cpp-CWE-416-DirectFreeArgUseFast	LLM_FP	FP	use-after-free	tool_operate.c	758		CWE-416	0	13519		
0757_tool_operate_c_760_sailor-cpp-CWE-416-DirectFreeArgUseFast	LLM_FP	FP	use-after-free	tool_operate.c	760		CWE-416	0	13519		
0758_tool_operate_c_763_sailor-cpp-CWE-416-DirectFreeArgUseFast	LLM_FP	FP	use-after-free	tool_operate.c	763		CWE-416	0	13519		
0759_tool_operate_c_764_sailor-cpp-CWE-416-DirectFreeArgUseFast	LLM_FP	FP	use-after-free	tool_operate.c	764		CWE-416	0	13519		
0760_tool_operate_c_765_sailor-cpp-CWE-416-DirectFreeArgUseFast	LLM_FP	FP	use-after-free	tool_operate.c	765		CWE-416	0	13519		
0761_tool_operate_c_766_sailor-cpp-CWE-416-DirectFreeArgUseFast	LLM_FP	FP	use-after-free	tool_operate.c	766		CWE-416	0	13519		
0762_tool_operate_c_330_sailor-cpp-CWE-416-DirectFreeArgUseFast	LLM_FP	FP	use-after-free	tool_operate.c	330		CWE-416	0	13519		
0765_tool_operate_c_242_sailor-wmi-1-stale-reference-creation	LLM_FP	FP	use-after-free	tool_operate.c	242		CWE-416	0	13519		
1352_tool_operate_c_2234_sailor-wmi-2-type-confusion-leak	LLM_FP	FP	oob-read	tool_operate.c	2234		CWE-125	0	13519		
1389_tool_operate_c_2170_sailor-wmi-2-type-confusion-leak	LLM_FP	FP	oob-read	tool_operate.c	2170		CWE-125	0	13519		
1393_tool_operate_c_2136_sailor-wmi-2-type-confusion-leak	LLM_FP	FP	oob-read	tool_operate.c	2136		CWE-125	0	13519		
1394_tool_operate_c_2106_sailor-wmi-2-type-confusion-leak	LLM_FP	FP	oob-read	tool_operate.c	2106		CWE-125	0	13519		
1395_tool_operate_c_2106_sailor-wmi-2-type-confusion-leak	LLM_FP	FP	oob-read	tool_operate.c	2106		CWE-125	0	13519		
1396_tool_operate_c_2106_sailor-wmi-2-type-confusion-leak	LLM_FP	FP	oob-read	tool_operate.c	2106		CWE-125	0	13519		
1404_tool_operate_c_2032_sailor-wmi-2-type-confusion-leak	LLM_FP	FP	oob-read	tool_operate.c	2032		CWE-125	0	13519		
1405_tool_operate_c_2032_sailor-wmi-2-type-confusion-leak	LLM_FP	FP	oob-read	tool_operate.c	2032		CWE-125	0	13519		
1406_tool_operate_c_2033_sailor-wmi-2-type-confusion-leak	LLM_FP	FP	oob-read	tool_operate.c	2033		CWE-125	0	13519		
1407_tool_operate_c_2033_sailor-wmi-2-type-confusion-leak	LLM_FP	FP	oob-read	tool_operate.c	2033		CWE-125	0	13519		
1408_tool_operate_c_2033_sailor-wmi-2-type-confusion-leak	LLM_FP	FP	oob-read	tool_operate.c	2033		CWE-125	0	13519		
1413_tool_operate_c_2044_sailor-wmi-2-type-confusion-leak	LLM_FP	FP	oob-read	tool_operate.c	2044		CWE-125	0	13519		
1414_tool_operate_c_2092_sailor-wmi-2-type-confusion-leak	LLM_FP	FP	oob-read	tool_operate.c	2092		CWE-125	0	13519		
1435_tool_operate_c_1905_sailor-wmi-2-type-confusion-leak	LLM_FP	FP	oob-read	tool_operate.c	1905		CWE-125	0	13519		
1436_tool_operate_c_1935_sailor-wmi-2-type-confusion-leak	LLM_FP	FP	oob-read	tool_operate.c	1935		CWE-125	0	13519		
1466_tool_operate_c_1850_sailor-wmi-2-type-confusion-leak	LLM_FP	FP	oob-read	tool_operate.c	1850		CWE-125	0	13519		
1469_tool_operate_c_1849_sailor-wmi-2-type-confusion-leak	LLM_FP	FP	oob-read	tool_operate.c	1849		CWE-125	0	13519		
1497_tool_operate_c_1730_sailor-wmi-2-type-confusion-leak	LLM_FP	FP	oob-read	tool_operate.c	1730		CWE-125	0	13519		
1498_tool_operate_c_1731_sailor-wmi-2-type-confusion-leak	LLM_FP	FP	oob-read	tool_operate.c	1731		CWE-125	0	13519		
1524_tool_operate_c_1428_sailor-wmi-2-type-confusion-leak	LLM_FP	FP	oob-read	tool_operate.c	1428		CWE-125	0	13519		
1525_tool_operate_c_1428_sailor-wmi-2-type-confusion-leak	LLM_FP	FP	oob-read	tool_operate.c	1428		CWE-125	0	13519		
1526_tool_operate_c_1431_sailor-wmi-2-type-confusion-leak	LLM_FP	FP	oob-read	tool_operate.c	1431		CWE-125	0	13519		
1527_tool_operate_c_1431_sailor-wmi-2-type-confusion-leak	LLM_FP	FP	oob-read	tool_operate.c	1431		CWE-125	0	13519		
1549_tool_operate_c_1444_sailor-wmi-2-type-confusion-leak	LLM_FP	FP	oob-read	tool_operate.c	1444		CWE-125	0	13519		
1550_tool_operate_c_1446_sailor-wmi-2-type-confusion-leak	LLM_FP	FP	oob-read	tool_operate.c	1446		CWE-125	0	13519		
1551_tool_operate_c_1448_sailor-wmi-2-type-confusion-leak	LLM_FP	FP	oob-read	tool_operate.c	1448		CWE-125	0	13519		
1570_tool_operate_c_1449_sailor-wmi-2-type-confusion-leak	LLM_FP	FP	oob-read	tool_operate.c	1449		CWE-125	0	13519		
1571_tool_operate_c_1450_sailor-wmi-2-type-confusion-leak	LLM_FP	FP	oob-read	tool_operate.c	1450		CWE-125	0	13519		
1572_tool_operate_c_1451_sailor-wmi-2-type-confusion-leak	LLM_FP	FP	oob-read	tool_operate.c	1451		CWE-125	0	13519		
1573_tool_operate_c_1452_sailor-wmi-2-type-confusion-leak	LLM_FP	FP	oob-read	tool_operate.c	1452		CWE-125	0	13519		
1574_tool_operate_c_1452_sailor-wmi-2-type-confusion-leak	LLM_FP	FP	oob-read	tool_operate.c	1452		CWE-125	0	13519		
1575_tool_operate_c_1458_sailor-wmi-2-type-confusion-leak	LLM_FP	FP	oob-read	tool_operate.c	1458		CWE-125	0	13519		
1576_tool_operate_c_1476_sailor-wmi-2-type-confusion-leak	LLM_FP	FP	oob-read	tool_operate.c	1476		CWE-125	0	13519		
1577_tool_operate_c_1427_sailor-wmi-2-type-confusion-leak	LLM_FP	FP	oob-read	tool_operate.c	1427		CWE-125	0	13519		
1578_tool_operate_c_1148_sailor-wmi-2-type-confusion-leak	LLM_FP	FP	oob-read	tool_operate.c	1148		CWE-125	0	13519		
1579_tool_operate_c_1149_sailor-wmi-2-type-confusion-leak	LLM_FP	FP	oob-read	tool_operate.c	1149		CWE-125	0	13519		
1580_tool_operate_c_1152_sailor-wmi-2-type-confusion-leak	LLM_FP	FP	oob-read	tool_operate.c	1152		CWE-125	0	13519		
1581_tool_operate_c_1154_sailor-wmi-2-type-confusion-leak	LLM_FP	FP	oob-read	tool_operate.c	1154		CWE-125	0	13519		
1582_tool_operate_c_1155_sailor-wmi-2-type-confusion-leak	LLM_FP	FP	oob-read	tool_operate.c	1155		CWE-125	0	13519		
1583_tool_operate_c_1169_sailor-wmi-2-type-confusion-leak	LLM_FP	FP	oob-read	tool_operate.c	1169		CWE-125	0	13519		
1584_tool_operate_c_1183_sailor-wmi-2-type-confusion-leak	LLM_FP	FP	oob-read	tool_operate.c	1183		CWE-125	0	13519		
1585_tool_operate_c_1188_sailor-wmi-2-type-confusion-leak	LLM_FP	FP	oob-read	tool_operate.c	1188		CWE-125	0	13519		
1586_tool_operate_c_1189_sailor-wmi-2-type-confusion-leak	LLM_FP	FP	oob-read	tool_operate.c	1189		CWE-125	0	13519		
1587_tool_operate_c_1190_sailor-wmi-2-type-confusion-leak	LLM_FP	FP	oob-read	tool_operate.c	1190		CWE-125	0	13519		
1589_tool_operate_c_1209_sailor-wmi-2-type-confusion-leak	LLM_FP	FP	oob-read	tool_operate.c	1209		CWE-125	0	13519		
1590_tool_operate_c_1214_sailor-wmi-2-type-confusion-leak	LLM_FP	FP	oob-read	tool_operate.c	1214		CWE-125	0	13519		
1591_tool_operate_c_1214_sailor-wmi-2-type-confusion-leak	LLM_FP	FP	oob-read	tool_operate.c	1214		CWE-125	0	13519		
1592_tool_operate_c_1217_sailor-wmi-2-type-confusion-leak	LLM_FP	FP	oob-read	tool_operate.c	1217		CWE-125	0	13519		
1593_tool_operate_c_1230_sailor-wmi-2-type-confusion-leak	LLM_FP	FP	oob-read	tool_operate.c	1230		CWE-125	0	13519		
1594_tool_operate_c_1236_sailor-wmi-2-type-confusion-leak	LLM_FP	FP	oob-read	tool_operate.c	1236		CWE-125	0	13519		
1595_tool_operate_c_1257_sailor-wmi-2-type-confusion-leak	LLM_FP	FP	oob-read	tool_operate.c	1257		CWE-125	0	13519		
1596_tool_operate_c_1258_sailor-wmi-2-type-confusion-leak	LLM_FP	FP	oob-read	tool_operate.c	1258		CWE-125	0	13519		
1597_tool_operate_c_1259_sailor-wmi-2-type-confusion-leak	LLM_FP	FP	oob-read	tool_operate.c	1259		CWE-125	0	13519		
1598_tool_operate_c_1266_sailor-wmi-2-type-confusion-leak	LLM_FP	FP	oob-read	tool_operate.c	1266		CWE-125	0	13519		
1599_tool_operate_c_1269_sailor-wmi-2-type-confusion-leak	LLM_FP	FP		tool_operate.c	1269		CWE-125	0	13519		
1600_tool_operate_c_1273_sailor-wmi-2-type-confusion-leak	LLM_FP	FP		tool_operate.c	1273		CWE-125	0	13519		
1601_tool_operate_c_1278_sailor-wmi-2-type-confusion-leak	LLM_FP	FP		tool_operate.c	1278		CWE-125	0	13519		
1602_tool_operate_c_1280_sailor-wmi-2-type-confusion-leak	LLM_FP	FP		tool_operate.c	1280		CWE-125	0	13519		
1603_tool_operate_c_1290_sailor-wmi-2-type-confusion-leak	LLM_FP	FP		tool_operate.c	1290		CWE-125	0	13519		
1604_tool_operate_c_1303_sailor-wmi-2-type-confusion-leak	LLM_FP	FP		tool_operate.c	1303		CWE-125	0	13519		
1605_tool_operate_c_1304_sailor-wmi-2-type-confusion-leak	LLM_FP	FP		tool_operate.c	1304		CWE-125	0	13519		
1606_tool_operate_c_1305_sailor-wmi-2-type-confusion-leak	LLM_FP	FP		tool_operate.c	1305		CWE-125	0	13519		
1607_tool_operate_c_1309_sailor-wmi-2-type-confusion-leak	LLM_FP	FP		tool_operate.c	1309		CWE-125	0	13519		
1608_tool_operate_c_1311_sailor-wmi-2-type-confusion-leak	LLM_FP	FP		tool_operate.c	1311		CWE-125	0	13519		
1609_tool_operate_c_1311_sailor-wmi-2-type-confusion-leak	LLM_FP	FP		tool_operate.c	1311		CWE-125	0	13519		
1610_tool_operate_c_1311_sailor-wmi-2-type-confusion-leak	LLM_FP	FP		tool_operate.c	1311		CWE-125	0	13519		
1611_tool_operate_c_1317_sailor-wmi-2-type-confusion-leak	LLM_FP	FP		tool_operate.c	1317		CWE-125	0	13519		
1612_tool_operate_c_1319_sailor-wmi-2-type-confusion-leak	LLM_FP	FP		tool_operate.c	1319		CWE-125	0	13519		
1613_tool_operate_c_1330_sailor-wmi-2-type-confusion-leak	LLM_FP	FP		tool_operate.c	1330		CWE-125	0	13519		
1614_tool_operate_c_1334_sailor-wmi-2-type-confusion-leak	LLM_FP	FP		tool_operate.c	1334		CWE-125	0	13519		
1615_tool_operate_c_1334_sailor-wmi-2-type-confusion-leak	LLM_FP	FP		tool_operate.c	1334		CWE-125	0	13519		
1617_tool_operate_c_1346_sailor-wmi-2-type-confusion-leak	LLM_FP	FP		tool_operate.c	1346		CWE-125	0	13519		
1618_tool_operate_c_1348_sailor-wmi-2-type-confusion-leak	LLM_FP	FP		tool_operate.c	1348		CWE-125	0	13519		
1619_tool_operate_c_1353_sailor-wmi-2-type-confusion-leak	LLM_FP	FP		tool_operate.c	1353		CWE-125	0	13519		
1620_tool_operate_c_1353_sailor-wmi-2-type-confusion-leak	LLM_FP	FP		tool_operate.c	1353		CWE-125	0	13519		
1621_tool_operate_c_1354_sailor-wmi-2-type-confusion-leak	LLM_FP	FP		tool_operate.c	1354		CWE-125	0	13519		
1622_tool_operate_c_1361_sailor-wmi-2-type-confusion-leak	LLM_FP	FP		tool_operate.c	1361		CWE-125	0	13519		
1623_tool_operate_c_1361_sailor-wmi-2-type-confusion-leak	LLM_FP	FP		tool_operate.c	1361		CWE-125	0	13519		
1624_tool_operate_c_1364_sailor-wmi-2-type-confusion-leak	LLM_FP	FP		tool_operate.c	1364		CWE-125	0	13519		
1625_tool_operate_c_1364_sailor-wmi-2-type-confusion-leak	LLM_FP	FP		tool_operate.c	1364		CWE-125	0	13519		
1626_tool_operate_c_1375_sailor-wmi-2-type-confusion-leak	LLM_FP	FP		tool_operate.c	1375		CWE-125	0	13519		
1627_tool_operate_c_1376_sailor-wmi-2-type-confusion-leak	LLM_FP	FP		tool_operate.c	1376		CWE-125	0	13519		
1628_tool_operate_c_1377_sailor-wmi-2-type-confusion-leak	LLM_FP	FP		tool_operate.c	1377		CWE-125	0	13519		
1629_tool_operate_c_1084_sailor-wmi-2-type-confusion-leak	LLM_FP	FP		tool_operate.c	1084		CWE-125	0	13519		
1630_tool_operate_c_1097_sailor-wmi-2-type-confusion-leak	LLM_FP	FP		tool_operate.c	1097		CWE-125	0	13519		
1631_tool_operate_c_1107_sailor-wmi-2-type-confusion-leak	LLM_FP	FP		tool_operate.c	1107		CWE-125	0	13519		
1632_tool_operate_c_1128_sailor-wmi-2-type-confusion-leak	LLM_FP	FP		tool_operate.c	1128		CWE-125	0	13519		
1633_tool_operate_c_1130_sailor-wmi-2-type-confusion-leak	LLM_FP	FP		tool_operate.c	1130		CWE-125	0	13519		
1634_tool_operate_c_983_sailor-wmi-2-type-confusion-leak	LLM_FP	FP		tool_operate.c	983		CWE-125	0	13519		
1635_tool_operate_c_985_sailor-wmi-2-type-confusion-leak	LLM_FP	FP		tool_operate.c	985		CWE-125	0	13519		
1636_tool_operate_c_985_sailor-wmi-2-type-confusion-leak	LLM_FP	FP		tool_operate.c	985		CWE-125	0	13519		
1637_tool_operate_c_1010_sailor-wmi-2-type-confusion-leak	LLM_FP	FP		tool_operate.c	1010		CWE-125	0	13519		
1638_tool_operate_c_1010_sailor-wmi-2-type-confusion-leak	LLM_FP	FP		tool_operate.c	1010		CWE-125	0	13519		
1639_tool_operate_c_1011_sailor-wmi-2-type-confusion-leak	LLM_FP	FP		tool_operate.c	1011		CWE-125	0	13519		
1640_tool_operate_c_1011_sailor-wmi-2-type-confusion-leak	LLM_FP	FP		tool_operate.c	1011		CWE-125	0	13519		
1641_tool_operate_c_1014_sailor-wmi-2-type-confusion-leak	LLM_FP	FP		tool_operate.c	1014		CWE-125	0	13519		
1642_tool_operate_c_1020_sailor-wmi-2-type-confusion-leak	LLM_FP	FP		tool_operate.c	1020		CWE-125	0	13519		
1643_tool_operate_c_1021_sailor-wmi-2-type-confusion-leak	LLM_FP	FP		tool_operate.c	1021		CWE-125	0	13519		
1644_tool_operate_c_1027_sailor-wmi-2-type-confusion-leak	LLM_FP	FP		tool_operate.c	1027		CWE-125	0	13519		
1645_tool_operate_c_1029_sailor-wmi-2-type-confusion-leak	LLM_FP	FP		tool_operate.c	1029		CWE-125	0	13519		
1646_tool_operate_c_1031_sailor-wmi-2-type-confusion-leak	LLM_FP	FP		tool_operate.c	1031		CWE-125	0	13519		
1647_tool_operate_c_1037_sailor-wmi-2-type-confusion-leak	LLM_FP	FP		tool_operate.c	1037		CWE-125	0	13519		
1648_tool_operate_c_1042_sailor-wmi-2-type-confusion-leak	LLM_FP	FP		tool_operate.c	1042		CWE-125	0	13519		
1649_tool_operate_c_1050_sailor-wmi-2-type-confusion-leak	LLM_FP	FP		tool_operate.c	1050		CWE-125	0	13519		
1650_tool_operate_c_1058_sailor-wmi-2-type-confusion-leak	LLM_FP	FP		tool_operate.c	1058		CWE-125	0	13519		
1651_tool_operate_c_1061_sailor-wmi-2-type-confusion-leak	LLM_FP	FP		tool_operate.c	1061		CWE-125	0	13519		
1652_tool_operate_c_1066_sailor-wmi-2-type-confusion-leak	LLM_FP	FP		tool_operate.c	1066		CWE-125	0	13519		
1653_tool_operate_c_1071_sailor-wmi-2-type-confusion-leak	LLM_FP	FP		tool_operate.c	1071		CWE-125	0	13519		
1654_tool_operate_c_924_sailor-wmi-2-type-confusion-leak	LLM_FP	FP		tool_operate.c	924		CWE-125	0	13519		
1655_tool_operate_c_890_sailor-wmi-2-type-confusion-leak	LLM_FP	FP		tool_operate.c	890		CWE-125	0	13519		
1656_tool_operate_c_891_sailor-wmi-2-type-confusion-leak	LLM_FP	FP		tool_operate.c	891		CWE-125	0	13519		
1657_tool_operate_c_897_sailor-wmi-2-type-confusion-leak	LLM_FP	FP		tool_operate.c	897		CWE-125	0	13519		
1658_tool_operate_c_898_sailor-wmi-2-type-confusion-leak	LLM_FP	FP		tool_operate.c	898		CWE-125	0	13519		
1659_tool_operate_c_901_sailor-wmi-2-type-confusion-leak	LLM_FP	FP		tool_operate.c	901		CWE-125	0	13519		
1660_tool_operate_c_853_sailor-wmi-2-type-confusion-leak	LLM_FP	FP		tool_operate.c	853		CWE-125	0	13519		
1661_tool_operate_c_856_sailor-wmi-2-type-confusion-leak	LLM_FP	FP		tool_operate.c	856		CWE-125	0	13519		
1662_tool_operate_c_876_sailor-wmi-2-type-confusion-leak	LLM_FP	FP		tool_operate.c	876		CWE-125	0	13519		
1663_tool_operate_c_819_sailor-wmi-2-type-confusion-leak	LLM_FP	FP		tool_operate.c	819		CWE-125	0	13519		
1664_tool_operate_c_776_sailor-wmi-2-type-confusion-leak	LLM_FP	FP		tool_operate.c	776		CWE-125	0	13519		
1665_tool_operate_c_776_sailor-wmi-2-type-confusion-leak	LLM_FP	FP		tool_operate.c	776		CWE-125	0	13519		
1666_tool_operate_c_776_sailor-wmi-2-type-confusion-leak	LLM_FP	FP		tool_operate.c	776		CWE-125	0	13519		
1667_tool_operate_c_778_sailor-wmi-2-type-confusion-leak	LLM_FP	FP		tool_operate.c	778		CWE-125	0	13519		
1668_tool_operate_c_784_sailor-wmi-2-type-confusion-leak	LLM_FP	FP		tool_operate.c	784		CWE-125	0	13519		
1669_tool_operate_c_784_sailor-wmi-2-type-confusion-leak	LLM_FP	FP		tool_operate.c	784		CWE-125	0	13519		
1670_tool_operate_c_784_sailor-wmi-2-type-confusion-leak	LLM_FP	FP		tool_operate.c	784		CWE-125	0	13519		
1671_tool_operate_c_786_sailor-wmi-2-type-confusion-leak	LLM_FP	FP		tool_operate.c	786		CWE-125	0	13519		
1672_tool_operate_c_792_sailor-wmi-2-type-confusion-leak	LLM_FP	FP		tool_operate.c	792		CWE-125	0	13519		
1673_tool_operate_c_792_sailor-wmi-2-type-confusion-leak	LLM_FP	FP		tool_operate.c	792		CWE-125	0	13519		
1674_tool_operate_c_793_sailor-wmi-2-type-confusion-leak	LLM_FP	FP		tool_operate.c	793		CWE-125	0	13519		
1675_tool_operate_c_795_sailor-wmi-2-type-confusion-leak	LLM_FP	FP		tool_operate.c	795		CWE-125	0	13519		
1676_tool_operate_c_801_sailor-wmi-2-type-confusion-leak	LLM_FP	FP		tool_operate.c	801		CWE-125	0	13519		
1677_tool_operate_c_801_sailor-wmi-2-type-confusion-leak	LLM_FP	FP		tool_operate.c	801		CWE-125	0	13519		
1678_tool_operate_c_802_sailor-wmi-2-type-confusion-leak	LLM_FP	FP		tool_operate.c	802		CWE-125	0	13519		
1679_tool_operate_c_804_sailor-wmi-2-type-confusion-leak	LLM_FP	FP		tool_operate.c	804		CWE-125	0	13519		
1680_tool_operate_c_599_sailor-wmi-2-type-confusion-leak	LLM_FP	FP		tool_operate.c	599		CWE-125	0	13519		
1681_tool_operate_c_600_sailor-wmi-2-type-confusion-leak	LLM_FP	FP		tool_operate.c	600		CWE-125	0	13519		
1682_tool_operate_c_601_sailor-wmi-2-type-confusion-leak	LLM_FP	FP		tool_operate.c	601		CWE-125	0	13519		
1683_tool_operate_c_610_sailor-wmi-2-type-confusion-leak	LLM_FP	FP		tool_operate.c	610		CWE-125	0	13519		
1684_tool_operate_c_611_sailor-wmi-2-type-confusion-leak	LLM_FP	FP		tool_operate.c	611		CWE-125	0	13519		
1685_tool_operate_c_611_sailor-wmi-2-type-confusion-leak	LLM_FP	FP		tool_operate.c	611		CWE-125	0	13519		
1686_tool_operate_c_617_sailor-wmi-2-type-confusion-leak	LLM_FP	FP		tool_operate.c	617		CWE-125	0	13519		
1687_tool_operate_c_627_sailor-wmi-2-type-confusion-leak	LLM_FP	FP		tool_operate.c	627		CWE-125	0	13519		
1688_tool_operate_c_638_sailor-wmi-2-type-confusion-leak	LLM_FP	FP		tool_operate.c	638		CWE-125	0	13519		
1689_tool_operate_c_640_sailor-wmi-2-type-confusion-leak	LLM_FP	FP		tool_operate.c	640		CWE-125	0	13519		
1690_tool_operate_c_659_sailor-wmi-2-type-confusion-leak	LLM_FP	FP		tool_operate.c	659		CWE-125	0	13519		
1691_tool_operate_c_660_sailor-wmi-2-type-confusion-leak	LLM_FP	FP		tool_operate.c	660		CWE-125	0	13519		
1692_tool_operate_c_698_sailor-wmi-2-type-confusion-leak	LLM_FP	FP		tool_operate.c	698		CWE-125	0	13519		
1693_tool_operate_c_699_sailor-wmi-2-type-confusion-leak	LLM_FP	FP		tool_operate.c	699		CWE-125	0	13519		
1694_tool_operate_c_700_sailor-wmi-2-type-confusion-leak	LLM_FP	FP		tool_operate.c	700		CWE-125	0	13519		
1695_tool_operate_c_701_sailor-wmi-2-type-confusion-leak	LLM_FP	FP		tool_operate.c	701		CWE-125	0	13519		
1696_tool_operate_c_708_sailor-wmi-2-type-confusion-leak	LLM_FP	FP		tool_operate.c	708		CWE-125	0	13519		
1697_tool_operate_c_711_sailor-wmi-2-type-confusion-leak	LLM_FP	FP		tool_operate.c	711		CWE-125	0	13519		
1698_tool_operate_c_721_sailor-wmi-2-type-confusion-leak	LLM_FP	FP		tool_operate.c	721		CWE-125	0	13519		
1699_tool_operate_c_735_sailor-wmi-2-type-confusion-leak	LLM_FP	FP		tool_operate.c	735		CWE-125	0	13519		
1700_tool_operate_c_744_sailor-wmi-2-type-confusion-leak	LLM_FP	FP		tool_operate.c	744		CWE-125	0	13519		
1701_tool_operate_c_748_sailor-wmi-2-type-confusion-leak	LLM_FP	FP		tool_operate.c	748		CWE-125	0	13519		
1702_tool_operate_c_748_sailor-wmi-2-type-confusion-leak	LLM_FP	FP		tool_operate.c	748		CWE-125	0	13519		
1703_tool_operate_c_749_sailor-wmi-2-type-confusion-leak	LLM_FP	FP		tool_operate.c	749		CWE-125	0	13519		
1704_tool_operate_c_751_sailor-wmi-2-type-confusion-leak	LLM_FP	FP		tool_operate.c	751		CWE-125	0	13519		
1705_tool_operate_c_752_sailor-wmi-2-type-confusion-leak	LLM_FP	FP		tool_operate.c	752		CWE-125	0	13519		
1706_tool_operate_c_754_sailor-wmi-2-type-confusion-leak	LLM_FP	FP		tool_operate.c	754		CWE-125	0	13519		
1707_tool_operate_c_754_sailor-wmi-2-type-confusion-leak	LLM_FP	FP		tool_operate.c	754		CWE-125	0	13519		
1708_tool_operate_c_755_sailor-wmi-2-type-confusion-leak	LLM_FP	FP		tool_operate.c	755		CWE-125	0	13519		
1709_tool_operate_c_757_sailor-wmi-2-type-confusion-leak	LLM_FP	FP		tool_operate.c	757		CWE-125	0	13519		
1710_tool_operate_c_758_sailor-wmi-2-type-confusion-leak	LLM_FP	FP		tool_operate.c	758		CWE-125	0	13519		
1711_tool_operate_c_760_sailor-wmi-2-type-confusion-leak	LLM_FP	FP		tool_operate.c	760		CWE-125	0	13519		
1712_tool_operate_c_763_sailor-wmi-2-type-confusion-leak	LLM_FP	FP		tool_operate.c	763		CWE-125	0	13519		
1713_tool_operate_c_764_sailor-wmi-2-type-confusion-leak	LLM_FP	FP		tool_operate.c	764		CWE-125	0	13519		
1714_tool_operate_c_765_sailor-wmi-2-type-confusion-leak	LLM_FP	FP		tool_operate.c	765		CWE-125	0	13519		
1715_tool_operate_c_766_sailor-wmi-2-type-confusion-leak	LLM_FP	FP		tool_operate.c	766		CWE-125	0	13519		
1716_tool_operate_c_767_sailor-wmi-2-type-confusion-leak	LLM_FP	FP		tool_operate.c	767		CWE-125	0	13519		
1717_tool_operate_c_365_sailor-wmi-2-type-confusion-leak	LLM_FP	FP		tool_operate.c	365		CWE-125	0	13519		
1718_tool_operate_c_366_sailor-wmi-2-type-confusion-leak	LLM_FP	FP		tool_operate.c	366		CWE-125	0	13519		
1720_tool_operate_c_443_sailor-wmi-2-type-confusion-leak	LLM_FP	FP		tool_operate.c	443		CWE-125	0	13519		
1722_tool_operate_c_471_sailor-wmi-2-type-confusion-leak	LLM_FP	FP		tool_operate.c	471		CWE-125	0	13519		
1723_tool_operate_c_472_sailor-wmi-2-type-confusion-leak	LLM_FP	FP		tool_operate.c	472		CWE-125	0	13519		
1724_tool_operate_c_475_sailor-wmi-2-type-confusion-leak	LLM_FP	FP		tool_operate.c	475		CWE-125	0	13519		
1725_tool_operate_c_485_sailor-wmi-2-type-confusion-leak	LLM_FP	FP		tool_operate.c	485		CWE-125	0	13519		
1726_tool_operate_c_486_sailor-wmi-2-type-confusion-leak	LLM_FP	FP		tool_operate.c	486		CWE-125	0	13519		
1727_tool_operate_c_490_sailor-wmi-2-type-confusion-leak	LLM_FP	FP		tool_operate.c	490		CWE-125	0	13519		
1728_tool_operate_c_494_sailor-wmi-2-type-confusion-leak	LLM_FP	FP		tool_operate.c	494		CWE-125	0	13519		
1729_tool_operate_c_503_sailor-wmi-2-type-confusion-leak	LLM_FP	FP		tool_operate.c	503		CWE-125	0	13519		
1730_tool_operate_c_504_sailor-wmi-2-type-confusion-leak	LLM_FP	FP		tool_operate.c	504		CWE-125	0	13519		
1731_tool_operate_c_506_sailor-wmi-2-type-confusion-leak	LLM_FP	FP		tool_operate.c	506		CWE-125	0	13519		
1732_tool_operate_c_523_sailor-wmi-2-type-confusion-leak	LLM_FP	FP		tool_operate.c	523		CWE-125	0	13519		
1733_tool_operate_c_545_sailor-wmi-2-type-confusion-leak	LLM_FP	FP		tool_operate.c	545		CWE-125	0	13519		
1734_tool_operate_c_584_sailor-wmi-2-type-confusion-leak	LLM_FP	FP		tool_operate.c	584		CWE-125	0	13519		
1735_tool_operate_c_347_sailor-wmi-2-type-confusion-leak	LLM_FP	FP		tool_operate.c	347		CWE-125	0	13519		
1736_tool_operate_c_348_sailor-wmi-2-type-confusion-leak	LLM_FP	FP		tool_operate.c	348		CWE-125	0	13519		
1737_tool_operate_c_348_sailor-wmi-2-type-confusion-leak	LLM_FP	FP		tool_operate.c	348		CWE-125	0	13519		
1738_tool_operate_c_349_sailor-wmi-2-type-confusion-leak	LLM_FP	FP		tool_operate.c	349		CWE-125	0	13519		
1739_tool_operate_c_349_sailor-wmi-2-type-confusion-leak	LLM_FP	FP		tool_operate.c	349		CWE-125	0	13519		
1740_tool_operate_c_352_sailor-wmi-2-type-confusion-leak	LLM_FP	FP		tool_operate.c	352		CWE-125	0	13519		
1741_tool_operate_c_352_sailor-wmi-2-type-confusion-leak	LLM_FP	FP		tool_operate.c	352		CWE-125	0	13519		
1742_tool_operate_c_353_sailor-wmi-2-type-confusion-leak	LLM_FP	FP		tool_operate.c	353		CWE-125	0	13519		
1743_tool_operate_c_354_sailor-wmi-2-type-confusion-leak	LLM_FP	FP		tool_operate.c	354		CWE-125	0	13519		
1744_tool_operate_c_253_sailor-wmi-2-type-confusion-leak	LLM_FP	FP		tool_operate.c	253		CWE-125	0	13519		
1745_tool_operate_c_253_sailor-wmi-2-type-confusion-leak	LLM_FP	FP		tool_operate.c	253		CWE-125	0	13519		
1746_tool_operate_c_286_sailor-wmi-2-type-confusion-leak	LLM_FP	FP		tool_operate.c	286		CWE-125	0	13519		
1747_tool_operate_c_287_sailor-wmi-2-type-confusion-leak	LLM_FP	FP		tool_operate.c	287		CWE-125	0	13519		
1748_tool_operate_c_287_sailor-wmi-2-type-confusion-leak	LLM_FP	FP		tool_operate.c	287		CWE-125	0	13519		
1749_tool_operate_c_290_sailor-wmi-2-type-confusion-leak	LLM_FP	FP		tool_operate.c	290		CWE-125	0	13519		
1750_tool_operate_c_291_sailor-wmi-2-type-confusion-leak	LLM_FP	FP		tool_operate.c	291		CWE-125	0	13519		
1751_tool_operate_c_292_sailor-wmi-2-type-confusion-leak	LLM_FP	FP		tool_operate.c	292		CWE-125	0	13519		
1752_tool_operate_c_316_sailor-wmi-2-type-confusion-leak	LLM_FP	FP		tool_operate.c	316		CWE-125	0	13519		
2036_tool_operate_c_229_sailor-kernel-lifecycle-mismatch	LLM_FP	FP		tool_operate.c	229		CWE-416	0	13519		
2037_tool_operate_c_230_sailor-kernel-lifecycle-mismatch	LLM_FP	FP		tool_operate.c	230		CWE-416	0	13519		
2038_tool_operate_c_233_sailor-kernel-lifecycle-mismatch	LLM_FP	FP		tool_operate.c	233		CWE-416	0	13519		
2039_tool_operate_c_238_sailor-kernel-lifecycle-mismatch	LLM_FP	FP		tool_operate.c	238		CWE-416	0	13519		
0114_tool_getparam_c_2897_local-cpp-cwe-120-overflow	LLM_FP	FP	n/a	tool_getparam.c	2897		CWE-120	0	13519		
0134_tool_getparam_c_596_local-cpp-cwe-120-overflow	LLM_FP	FP	n/a	tool_getparam.c	596		CWE-120	0	13519		
0136_tool_getparam_c_423_local-cpp-cwe-120-overflow	LLM_FP	FP	n/a	tool_getparam.c	423		CWE-120	0	13519		
0235_tool_getparam_c_2879_local-cpp-cwe-125-oob-read	LLM_FP	FP	n/a	tool_getparam.c	2879		CWE-125	0	13519		
0236_tool_getparam_c_2885_local-cpp-cwe-125-oob-read	LLM_FP	FP	n/a	tool_getparam.c	2885		CWE-125	0	13519		
0245_tool_getparam_c_1651_local-cpp-cwe-125-oob-read	LLM_FP	FP	n/a	tool_getparam.c	1651		CWE-125	0	13519		
0518_tool_getparam_c_3028_local-cpp-cwe-125-cursor-lookahead-missing-bytes-check	LLM_FP	FP	n/a	tool_getparam.c	3028		CWE-125	0	13519		
0519_tool_getparam_c_2960_local-cpp-cwe-125-cursor-lookahead-missing-bytes-check	LLM_FP	FP	n/a	tool_getparam.c	2960		CWE-125	0	13519		
0732_tool_getparam_c_1557_sailor-cpp-CWE-416-DirectFreeArgUseFast	LLM_FP	FP	use-after-free	tool_getparam.c	1557		CWE-416	0	13519		
0921_tool_getparam_c_3091_sailor-wmi-2-type-confusion-leak	LLM_FP	FP	n/a	tool_getparam.c	3091		CWE-125	0	13519		
0922_tool_getparam_c_3092_sailor-wmi-2-type-confusion-leak	LLM_FP	FP	n/a	tool_getparam.c	3092		CWE-125	0	13519		
0935_tool_getparam_c_2327_sailor-wmi-2-type-confusion-leak	LLM_FP	FP	n/a	tool_getparam.c	2327		CWE-125	0	13519		
0936_tool_getparam_c_2333_sailor-wmi-2-type-confusion-leak	LLM_FP	FP	n/a	tool_getparam.c	2333		CWE-125	0	13519		
0937_tool_getparam_c_2336_sailor-wmi-2-type-confusion-leak	LLM_FP	FP	n/a	tool_getparam.c	2336		CWE-125	0	13519		
0938_tool_getparam_c_2337_sailor-wmi-2-type-confusion-leak	LLM_FP	FP	n/a	tool_getparam.c	2337		CWE-125	0	13519		
0939_tool_getparam_c_2340_sailor-wmi-2-type-confusion-leak	LLM_FP	FP	n/a	tool_getparam.c	2340		CWE-125	0	13519		
0940_tool_getparam_c_2343_sailor-wmi-2-type-confusion-leak	LLM_FP	FP	n/a	tool_getparam.c	2343		CWE-125	0	13519		
0941_tool_getparam_c_2344_sailor-wmi-2-type-confusion-leak	LLM_FP	FP	n/a	tool_getparam.c	2344		CWE-125	0	13519		
0942_tool_getparam_c_2344_sailor-wmi-2-type-confusion-leak	LLM_FP	FP	n/a	tool_getparam.c	2344		CWE-125	0	13519		
0943_tool_getparam_c_2346_sailor-wmi-2-type-confusion-leak	LLM_FP	FP	n/a	tool_getparam.c	2346		CWE-125	0	13519		
0944_tool_getparam_c_2350_sailor-wmi-2-type-confusion-leak	LLM_FP	FP	n/a	tool_getparam.c	2350		CWE-125	0	13519		
0945_tool_getparam_c_2378_sailor-wmi-2-type-confusion-leak	LLM_FP	FP	n/a	tool_getparam.c	2378		CWE-125	0	13519		
0948_tool_getparam_c_2383_sailor-wmi-2-type-confusion-leak	LLM_FP	FP	n/a	tool_getparam.c	2383		CWE-125	0	13519		
0949_tool_getparam_c_2384_sailor-wmi-2-type-confusion-leak	LLM_FP	FP	n/a	tool_getparam.c	2384		CWE-125	0	13519		
0951_tool_getparam_c_2389_sailor-wmi-2-type-confusion-leak	LLM_FP	FP	n/a	tool_getparam.c	2389		CWE-125	0	13519		
0952_tool_getparam_c_2393_sailor-wmi-2-type-confusion-leak	LLM_FP	FP	n/a	tool_getparam.c	2393		CWE-125	0	13519		
0954_tool_getparam_c_2394_sailor-wmi-2-type-confusion-leak	LLM_FP	FP	n/a	tool_getparam.c	2394		CWE-125	0	13519		
0956_tool_getparam_c_2398_sailor-wmi-2-type-confusion-leak	LLM_FP	FP	n/a	tool_getparam.c	2398		CWE-125	0	13519		
0958_tool_getparam_c_2401_sailor-wmi-2-type-confusion-leak	LLM_FP	FP	n/a	tool_getparam.c	2401		CWE-125	0	13519		
0962_tool_getparam_c_2414_sailor-wmi-2-type-confusion-leak	LLM_FP	FP	n/a	tool_getparam.c	2414		CWE-125	0	13519		
0965_tool_getparam_c_2418_sailor-wmi-2-type-confusion-leak	LLM_FP	FP	n/a	tool_getparam.c	2418		CWE-125	0	13519		
0967_tool_getparam_c_2422_sailor-wmi-2-type-confusion-leak	LLM_FP	FP	n/a	tool_getparam.c	2422		CWE-125	0	13519		
0973_tool_getparam_c_2426_sailor-wmi-2-type-confusion-leak	LLM_FP	FP	n/a	tool_getparam.c	2426		CWE-125	0	13519		
0977_tool_getparam_c_2443_sailor-wmi-2-type-confusion-leak	LLM_FP	FP	n/a	tool_getparam.c	2443		CWE-125	0	13519		
0978_tool_getparam_c_2446_sailor-wmi-2-type-confusion-leak	LLM_FP	FP	n/a	tool_getparam.c	2446		CWE-125	0	13519		
0979_tool_getparam_c_2449_sailor-wmi-2-type-confusion-leak	LLM_FP	FP	n/a	tool_getparam.c	2449		CWE-125	0	13519		
0980_tool_getparam_c_2452_sailor-wmi-2-type-confusion-leak	LLM_FP	FP	n/a	tool_getparam.c	2452		CWE-125	0	13519		
0981_tool_getparam_c_2455_sailor-wmi-2-type-confusion-leak	LLM_FP	FP	n/a	tool_getparam.c	2455		CWE-125	0	13519		
0984_tool_getparam_c_2464_sailor-wmi-2-type-confusion-leak	LLM_FP	FP	n/a	tool_getparam.c	2464		CWE-125	0	13519		
0991_tool_getparam_c_2475_sailor-wmi-2-type-confusion-leak	LLM_FP	FP	n/a	tool_getparam.c	2475		CWE-125	0	13519		
0993_tool_getparam_c_2478_sailor-wmi-2-type-confusion-leak	LLM_FP	FP	n/a	tool_getparam.c	2478		CWE-125	0	13519		
0997_tool_getparam_c_2482_sailor-wmi-2-type-confusion-leak	LLM_FP	FP	n/a	tool_getparam.c	2482		CWE-125	0	13519		
1001_tool_getparam_c_2486_sailor-wmi-2-type-confusion-leak	LLM_FP	FP	n/a	tool_getparam.c	2486		CWE-125	0	13519		
1002_tool_getparam_c_2490_sailor-wmi-2-type-confusion-leak	LLM_FP	FP	n/a	tool_getparam.c	2490		CWE-125	0	13519		
1009_tool_getparam_c_2493_sailor-wmi-2-type-confusion-leak	LLM_FP	FP	n/a	tool_getparam.c	2493		CWE-125	0	13519		
1015_tool_getparam_c_2497_sailor-wmi-2-type-confusion-leak	LLM_FP	FP	n/a	tool_getparam.c	2497		CWE-125	0	13519		
1017_tool_getparam_c_2501_sailor-wmi-2-type-confusion-leak	LLM_FP	FP	n/a	tool_getparam.c	2501		CWE-125	0	13519		
1018_tool_getparam_c_2505_sailor-wmi-2-type-confusion-leak	LLM_FP	FP	n/a	tool_getparam.c	2505		CWE-125	0	13519		
1019_tool_getparam_c_2509_sailor-wmi-2-type-confusion-leak	LLM_FP	FP	n/a	tool_getparam.c	2509		CWE-125	0	13519		
1020_tool_getparam_c_2515_sailor-wmi-2-type-confusion-leak	LLM_FP	FP	n/a	tool_getparam.c	2515		CWE-125	0	13519		
1021_tool_getparam_c_2518_sailor-wmi-2-type-confusion-leak	LLM_FP	FP	n/a	tool_getparam.c	2518		CWE-125	0	13519		
1022_tool_getparam_c_2521_sailor-wmi-2-type-confusion-leak	LLM_FP	FP	n/a	tool_getparam.c	2521		CWE-125	0	13519		
1023_tool_getparam_c_2524_sailor-wmi-2-type-confusion-leak	LLM_FP	FP	n/a	tool_getparam.c	2524		CWE-125	0	13519		
1024_tool_getparam_c_2527_sailor-wmi-2-type-confusion-leak	LLM_FP	FP	n/a	tool_getparam.c	2527		CWE-125	0	13519		
1026_tool_getparam_c_2529_sailor-wmi-2-type-confusion-leak	LLM_FP	FP	n/a	tool_getparam.c	2529		CWE-125	0	13519		
1027_tool_getparam_c_2532_sailor-wmi-2-type-confusion-leak	LLM_FP	FP	n/a	tool_getparam.c	2532		CWE-125	0	13519		
1028_tool_getparam_c_2535_sailor-wmi-2-type-confusion-leak	LLM_FP	FP	n/a	tool_getparam.c	2535		CWE-125	0	13519		
1030_tool_getparam_c_2538_sailor-wmi-2-type-confusion-leak	LLM_FP	FP	n/a	tool_getparam.c	2538		CWE-125	0	13519		
1031_tool_getparam_c_2539_sailor-wmi-2-type-confusion-leak	LLM_FP	FP	n/a	tool_getparam.c	2539		CWE-125	0	13519		
1032_tool_getparam_c_2539_sailor-wmi-2-type-confusion-leak	LLM_FP	FP	n/a	tool_getparam.c	2539		CWE-125	0	13519		
1033_tool_getparam_c_2545_sailor-wmi-2-type-confusion-leak	LLM_FP	FP	n/a	tool_getparam.c	2545		CWE-125	0	13519		
1038_tool_getparam_c_2557_sailor-wmi-2-type-confusion-leak	LLM_FP	FP	n/a	tool_getparam.c	2557		CWE-125	0	13519		
1039_tool_getparam_c_2560_sailor-wmi-2-type-confusion-leak	LLM_FP	FP	n/a	tool_getparam.c	2560		CWE-125	0	13519		
1042_tool_getparam_c_2563_sailor-wmi-2-type-confusion-leak	LLM_FP	FP	n/a	tool_getparam.c	2563		CWE-125	0	13519		
1048_tool_getparam_c_2580_sailor-wmi-2-type-confusion-leak	LLM_FP	FP	n/a	tool_getparam.c	2580		CWE-125	0	13519		
1049_tool_getparam_c_2589_sailor-wmi-2-type-confusion-leak	LLM_FP	FP	n/a	tool_getparam.c	2589		CWE-125	0	13519		
1059_tool_getparam_c_2618_sailor-wmi-2-type-confusion-leak	LLM_FP	FP	n/a	tool_getparam.c	2618		CWE-125	0	13519		
1082_tool_getparam_c_2624_sailor-wmi-2-type-confusion-leak	LLM_FP	FP	n/a	tool_getparam.c	2624		CWE-125	0	13519		
1087_tool_getparam_c_2627_sailor-wmi-2-type-confusion-leak	LLM_FP	FP	n/a	tool_getparam.c	2627		CWE-125	0	13519		
1089_tool_getparam_c_2630_sailor-wmi-2-type-confusion-leak	LLM_FP	FP	n/a	tool_getparam.c	2630		CWE-125	0	13519		
1091_tool_getparam_c_2633_sailor-wmi-2-type-confusion-leak	LLM_FP	FP	n/a	tool_getparam.c	2633		CWE-125	0	13519		
1094_tool_getparam_c_2635_sailor-wmi-2-type-confusion-leak	LLM_FP	FP	n/a	tool_getparam.c	2635		CWE-125	0	13519		
1095_tool_getparam_c_2635_sailor-wmi-2-type-confusion-leak	LLM_FP	FP	n/a	tool_getparam.c	2635		CWE-125	0	13519		
1099_tool_getparam_c_2643_sailor-wmi-2-type-confusion-leak	LLM_FP	FP	n/a	tool_getparam.c	2643		CWE-125	0	13519		
1100_tool_getparam_c_2646_sailor-wmi-2-type-confusion-leak	LLM_FP	FP	n/a	tool_getparam.c	2646		CWE-125	0	13519		
1101_tool_getparam_c_2648_sailor-wmi-2-type-confusion-leak	LLM_FP	FP	n/a	tool_getparam.c	2648		CWE-125	0	13519		
1102_tool_getparam_c_2648_sailor-wmi-2-type-confusion-leak	LLM_FP	FP	n/a	tool_getparam.c	2648		CWE-125	0	13519		
1131_tool_getparam_c_2680_sailor-wmi-2-type-confusion-leak	LLM_FP	FP	n/a	tool_getparam.c	2680		CWE-125	0	13519		
1134_tool_getparam_c_2683_sailor-wmi-2-type-confusion-leak	LLM_FP	FP	n/a	tool_getparam.c	2683		CWE-125	0	13519		
1146_tool_getparam_c_2708_sailor-wmi-2-type-confusion-leak	LLM_FP	FP	n/a	tool_getparam.c	2708		CWE-125	0	13519		
1147_tool_getparam_c_2711_sailor-wmi-2-type-confusion-leak	LLM_FP	FP		tool_getparam.c	2711		CWE-125	0	13519		
1150_tool_getparam_c_2714_sailor-wmi-2-type-confusion-leak	LLM_FP	FP		tool_getparam.c	2714		CWE-125	0	13519		
1151_tool_getparam_c_2717_sailor-wmi-2-type-confusion-leak	LLM_FP	FP		tool_getparam.c	2717		CWE-125	0	13519		
1154_tool_getparam_c_2720_sailor-wmi-2-type-confusion-leak	LLM_FP	FP		tool_getparam.c	2720		CWE-125	0	13519		
1157_tool_getparam_c_2723_sailor-wmi-2-type-confusion-leak	LLM_FP	FP		tool_getparam.c	2723		CWE-125	0	13519		
1160_tool_getparam_c_2726_sailor-wmi-2-type-confusion-leak	LLM_FP	FP		tool_getparam.c	2726		CWE-125	0	13519		
1161_tool_getparam_c_2732_sailor-wmi-2-type-confusion-leak	LLM_FP	FP		tool_getparam.c	2732		CWE-125	0	13519		
1162_tool_getparam_c_2732_sailor-wmi-2-type-confusion-leak	LLM_FP	FP		tool_getparam.c	2732		CWE-125	0	13519		
1164_tool_getparam_c_2739_sailor-wmi-2-type-confusion-leak	LLM_FP	FP		tool_getparam.c	2739		CWE-125	0	13519		
1165_tool_getparam_c_2747_sailor-wmi-2-type-confusion-leak	LLM_FP	FP		tool_getparam.c	2747		CWE-125	0	13519		
1166_tool_getparam_c_2750_sailor-wmi-2-type-confusion-leak	LLM_FP	FP		tool_getparam.c	2750		CWE-125	0	13519		
1167_tool_getparam_c_2758_sailor-wmi-2-type-confusion-leak	LLM_FP	FP		tool_getparam.c	2758		CWE-125	0	13519		
1172_tool_getparam_c_2772_sailor-wmi-2-type-confusion-leak	LLM_FP	FP		tool_getparam.c	2772		CWE-125	0	13519		
1174_tool_getparam_c_2776_sailor-wmi-2-type-confusion-leak	LLM_FP	FP		tool_getparam.c	2776		CWE-125	0	13519		
1177_tool_getparam_c_2780_sailor-wmi-2-type-confusion-leak	LLM_FP	FP		tool_getparam.c	2780		CWE-125	0	13519		
1178_tool_getparam_c_2786_sailor-wmi-2-type-confusion-leak	LLM_FP	FP		tool_getparam.c	2786		CWE-125	0	13519		
1179_tool_getparam_c_2790_sailor-wmi-2-type-confusion-leak	LLM_FP	FP		tool_getparam.c	2790		CWE-125	0	13519		
1180_tool_getparam_c_2791_sailor-wmi-2-type-confusion-leak	LLM_FP	FP		tool_getparam.c	2791		CWE-125	0	13519		
1181_tool_getparam_c_2796_sailor-wmi-2-type-confusion-leak	LLM_FP	FP		tool_getparam.c	2796		CWE-125	0	13519		
1182_tool_getparam_c_2800_sailor-wmi-2-type-confusion-leak	LLM_FP	FP		tool_getparam.c	2800		CWE-125	0	13519		
1183_tool_getparam_c_2801_sailor-wmi-2-type-confusion-leak	LLM_FP	FP		tool_getparam.c	2801		CWE-125	0	13519		
1184_tool_getparam_c_2806_sailor-wmi-2-type-confusion-leak	LLM_FP	FP		tool_getparam.c	2806		CWE-125	0	13519		
1185_tool_getparam_c_2807_sailor-wmi-2-type-confusion-leak	LLM_FP	FP		tool_getparam.c	2807		CWE-125	0	13519		
1186_tool_getparam_c_2197_sailor-wmi-2-type-confusion-leak	LLM_FP	FP		tool_getparam.c	2197		CWE-125	0	13519		
1187_tool_getparam_c_2200_sailor-wmi-2-type-confusion-leak	LLM_FP	FP		tool_getparam.c	2200		CWE-125	0	13519		
1188_tool_getparam_c_2203_sailor-wmi-2-type-confusion-leak	LLM_FP	FP		tool_getparam.c	2203		CWE-125	0	13519		
1189_tool_getparam_c_2206_sailor-wmi-2-type-confusion-leak	LLM_FP	FP		tool_getparam.c	2206		CWE-125	0	13519		
1190_tool_getparam_c_2206_sailor-wmi-2-type-confusion-leak	LLM_FP	FP		tool_getparam.c	2206		CWE-125	0	13519		
1196_tool_getparam_c_2219_sailor-wmi-2-type-confusion-leak	LLM_FP	FP		tool_getparam.c	2219		CWE-125	0	13519		
1197_tool_getparam_c_2222_sailor-wmi-2-type-confusion-leak	LLM_FP	FP		tool_getparam.c	2222		CWE-125	0	13519		
1199_tool_getparam_c_2225_sailor-wmi-2-type-confusion-leak	LLM_FP	FP		tool_getparam.c	2225		CWE-125	0	13519		
1202_tool_getparam_c_2233_sailor-wmi-2-type-confusion-leak	LLM_FP	FP		tool_getparam.c	2233		CWE-125	0	13519		
1205_tool_getparam_c_2241_sailor-wmi-2-type-confusion-leak	LLM_FP	FP		tool_getparam.c	2241		CWE-125	0	13519		
1206_tool_getparam_c_2244_sailor-wmi-2-type-confusion-leak	LLM_FP	FP		tool_getparam.c	2244		CWE-125	0	13519		
1208_tool_getparam_c_2247_sailor-wmi-2-type-confusion-leak	LLM_FP	FP		tool_getparam.c	2247		CWE-125	0	13519		
1209_tool_getparam_c_2253_sailor-wmi-2-type-confusion-leak	LLM_FP	FP		tool_getparam.c	2253		CWE-125	0	13519		
1210_tool_getparam_c_2256_sailor-wmi-2-type-confusion-leak	LLM_FP	FP		tool_getparam.c	2256		CWE-125	0	13519		
1211_tool_getparam_c_2259_sailor-wmi-2-type-confusion-leak	LLM_FP	FP		tool_getparam.c	2259		CWE-125	0	13519		
1212_tool_getparam_c_2260_sailor-wmi-2-type-confusion-leak	LLM_FP	FP		tool_getparam.c	2260		CWE-125	0	13519		
1214_tool_getparam_c_2263_sailor-wmi-2-type-confusion-leak	LLM_FP	FP		tool_getparam.c	2263		CWE-125	0	13519		
1215_tool_getparam_c_2266_sailor-wmi-2-type-confusion-leak	LLM_FP	FP		tool_getparam.c	2266		CWE-125	0	13519		
1222_tool_getparam_c_2295_sailor-wmi-2-type-confusion-leak	LLM_FP	FP		tool_getparam.c	2295		CWE-125	0	13519		
1237_tool_getparam_c_1811_sailor-wmi-2-type-confusion-leak	LLM_FP	FP		tool_getparam.c	1811		CWE-125	0	13519		
1241_tool_getparam_c_1834_sailor-wmi-2-type-confusion-leak	LLM_FP	FP		tool_getparam.c	1834		CWE-125	0	13519		
1244_tool_getparam_c_1839_sailor-wmi-2-type-confusion-leak	LLM_FP	FP		tool_getparam.c	1839		CWE-125	0	13519		
1248_tool_getparam_c_1844_sailor-wmi-2-type-confusion-leak	LLM_FP	FP		tool_getparam.c	1844		CWE-125	0	13519		
1251_tool_getparam_c_1863_sailor-wmi-2-type-confusion-leak	LLM_FP	FP		tool_getparam.c	1863		CWE-125	0	13519		
1252_tool_getparam_c_1869_sailor-wmi-2-type-confusion-leak	LLM_FP	FP		tool_getparam.c	1869		CWE-125	0	13519		
1263_tool_getparam_c_1894_sailor-wmi-2-type-confusion-leak	LLM_FP	FP		tool_getparam.c	1894		CWE-125	0	13519		
1316_tool_getparam_c_2029_sailor-wmi-2-type-confusion-leak	LLM_FP	FP		tool_getparam.c	2029		CWE-125	0	13519		
1317_tool_getparam_c_2032_sailor-wmi-2-type-confusion-leak	LLM_FP	FP		tool_getparam.c	2032		CWE-125	0	13519		
1321_tool_getparam_c_2044_sailor-wmi-2-type-confusion-leak	LLM_FP	FP		tool_getparam.c	2044		CWE-125	0	13519		
1323_tool_getparam_c_2051_sailor-wmi-2-type-confusion-leak	LLM_FP	FP		tool_getparam.c	2051		CWE-125	0	13519		
1324_tool_getparam_c_2056_sailor-wmi-2-type-confusion-leak	LLM_FP	FP		tool_getparam.c	2056		CWE-125	0	13519		
1330_tool_getparam_c_2076_sailor-wmi-2-type-confusion-leak	LLM_FP	FP		tool_getparam.c	2076		CWE-125	0	13519		
1331_tool_getparam_c_2077_sailor-wmi-2-type-confusion-leak	LLM_FP	FP		tool_getparam.c	2077		CWE-125	0	13519		
1336_tool_getparam_c_2109_sailor-wmi-2-type-confusion-leak	LLM_FP	FP		tool_getparam.c	2109		CWE-125	0	13519		
1346_tool_getparam_c_2155_sailor-wmi-2-type-confusion-leak	LLM_FP	FP		tool_getparam.c	2155		CWE-125	0	13519		
1350_tool_getparam_c_2160_sailor-wmi-2-type-confusion-leak	LLM_FP	FP		tool_getparam.c	2160		CWE-125	0	13519		
1353_tool_getparam_c_1715_sailor-wmi-2-type-confusion-leak	LLM_FP	FP		tool_getparam.c	1715		CWE-125	0	13519		
1361_tool_getparam_c_1694_sailor-wmi-2-type-confusion-leak	LLM_FP	FP		tool_getparam.c	1694		CWE-125	0	13519		
1362_tool_getparam_c_1695_sailor-wmi-2-type-confusion-leak	LLM_FP	FP		tool_getparam.c	1695		CWE-125	0	13519		
1363_tool_getparam_c_1653_sailor-wmi-2-type-confusion-leak	LLM_FP	FP		tool_getparam.c	1653		CWE-125	0	13519		
1364_tool_getparam_c_1596_sailor-wmi-2-type-confusion-leak	LLM_FP	FP		tool_getparam.c	1596		CWE-125	0	13519		
1365_tool_getparam_c_1556_sailor-wmi-2-type-confusion-leak	LLM_FP	FP		tool_getparam.c	1556		CWE-125	0	13519		
1366_tool_getparam_c_1557_sailor-wmi-2-type-confusion-leak	LLM_FP	FP		tool_getparam.c	1557		CWE-125	0	13519		
1367_tool_getparam_c_1562_sailor-wmi-2-type-confusion-leak	LLM_FP	FP		tool_getparam.c	1562		CWE-125	0	13519		
1368_tool_getparam_c_1443_sailor-wmi-2-type-confusion-leak	LLM_FP	FP		tool_getparam.c	1443		CWE-125	0	13519		
1369_tool_getparam_c_1444_sailor-wmi-2-type-confusion-leak	LLM_FP	FP		tool_getparam.c	1444		CWE-125	0	13519		
1370_tool_getparam_c_1445_sailor-wmi-2-type-confusion-leak	LLM_FP	FP		tool_getparam.c	1445		CWE-125	0	13519		
1371_tool_getparam_c_1448_sailor-wmi-2-type-confusion-leak	LLM_FP	FP		tool_getparam.c	1448		CWE-125	0	13519		
1372_tool_getparam_c_1448_sailor-wmi-2-type-confusion-leak	LLM_FP	FP		tool_getparam.c	1448		CWE-125	0	13519		
1373_tool_getparam_c_1448_sailor-wmi-2-type-confusion-leak	LLM_FP	FP		tool_getparam.c	1448		CWE-125	0	13519		
1374_tool_getparam_c_1449_sailor-wmi-2-type-confusion-leak	LLM_FP	FP		tool_getparam.c	1449		CWE-125	0	13519		
1375_tool_getparam_c_1449_sailor-wmi-2-type-confusion-leak	LLM_FP	FP		tool_getparam.c	1449		CWE-125	0	13519		
1376_tool_getparam_c_1454_sailor-wmi-2-type-confusion-leak	LLM_FP	FP		tool_getparam.c	1454		CWE-125	0	13519		
1377_tool_getparam_c_1456_sailor-wmi-2-type-confusion-leak	LLM_FP	FP		tool_getparam.c	1456		CWE-125	0	13519		
1382_tool_getparam_c_1399_sailor-wmi-2-type-confusion-leak	LLM_FP	FP		tool_getparam.c	1399		CWE-125	0	13519		
1388_tool_getparam_c_1414_sailor-wmi-2-type-confusion-leak	LLM_FP	FP		tool_getparam.c	1414		CWE-125	0	13519		
1391_tool_getparam_c_1416_sailor-wmi-2-type-confusion-leak	LLM_FP	FP		tool_getparam.c	1416		CWE-125	0	13519		
1398_tool_getparam_c_1378_sailor-wmi-2-type-confusion-leak	LLM_FP	FP		tool_getparam.c	1378		CWE-125	0	13519		
1403_tool_getparam_c_1383_sailor-wmi-2-type-confusion-leak	LLM_FP	FP		tool_getparam.c	1383		CWE-125	0	13519		
1411_tool_getparam_c_1386_sailor-wmi-2-type-confusion-leak	LLM_FP	FP		tool_getparam.c	1386		CWE-125	0	13519		
1415_tool_getparam_c_1335_sailor-wmi-2-type-confusion-leak	LLM_FP	FP		tool_getparam.c	1335		CWE-125	0	13519		
1416_tool_getparam_c_1339_sailor-wmi-2-type-confusion-leak	LLM_FP	FP		tool_getparam.c	1339		CWE-125	0	13519		
1417_tool_getparam_c_1340_sailor-wmi-2-type-confusion-leak	LLM_FP	FP		tool_getparam.c	1340		CWE-125	0	13519		
1418_tool_getparam_c_1341_sailor-wmi-2-type-confusion-leak	LLM_FP	FP		tool_getparam.c	1341		CWE-125	0	13519		
1419_tool_getparam_c_1344_sailor-wmi-2-type-confusion-leak	LLM_FP	FP		tool_getparam.c	1344		CWE-125	0	13519		
1420_tool_getparam_c_1344_sailor-wmi-2-type-confusion-leak	LLM_FP	FP		tool_getparam.c	1344		CWE-125	0	13519		
1421_tool_getparam_c_1344_sailor-wmi-2-type-confusion-leak	LLM_FP	FP		tool_getparam.c	1344		CWE-125	0	13519		
1422_tool_getparam_c_1345_sailor-wmi-2-type-confusion-leak	LLM_FP	FP		tool_getparam.c	1345		CWE-125	0	13519		
1423_tool_getparam_c_1345_sailor-wmi-2-type-confusion-leak	LLM_FP	FP		tool_getparam.c	1345		CWE-125	0	13519		
1424_tool_getparam_c_1350_sailor-wmi-2-type-confusion-leak	LLM_FP	FP		tool_getparam.c	1350		CWE-125	0	13519		
1425_tool_getparam_c_1352_sailor-wmi-2-type-confusion-leak	LLM_FP	FP		tool_getparam.c	1352		CWE-125	0	13519		
1426_tool_getparam_c_1296_sailor-wmi-2-type-confusion-leak	LLM_FP	FP		tool_getparam.c	1296		CWE-125	0	13519		
1427_tool_getparam_c_1297_sailor-wmi-2-type-confusion-leak	LLM_FP	FP		tool_getparam.c	1297		CWE-125	0	13519		
1428_tool_getparam_c_1298_sailor-wmi-2-type-confusion-leak	LLM_FP	FP		tool_getparam.c	1298		CWE-125	0	13519		
1429_tool_getparam_c_1301_sailor-wmi-2-type-confusion-leak	LLM_FP	FP		tool_getparam.c	1301		CWE-125	0	13519		
1430_tool_getparam_c_1301_sailor-wmi-2-type-confusion-leak	LLM_FP	FP		tool_getparam.c	1301		CWE-125	0	13519		
1431_tool_getparam_c_1301_sailor-wmi-2-type-confusion-leak	LLM_FP	FP		tool_getparam.c	1301		CWE-125	0	13519		
1432_tool_getparam_c_1302_sailor-wmi-2-type-confusion-leak	LLM_FP	FP		tool_getparam.c	1302		CWE-125	0	13519		
1433_tool_getparam_c_1302_sailor-wmi-2-type-confusion-leak	LLM_FP	FP		tool_getparam.c	1302		CWE-125	0	13519		
1434_tool_getparam_c_1307_sailor-wmi-2-type-confusion-leak	LLM_FP	FP		tool_getparam.c	1307		CWE-125	0	13519		
1437_tool_getparam_c_1309_sailor-wmi-2-type-confusion-leak	LLM_FP	FP		tool_getparam.c	1309		CWE-125	0	13519		
1438_tool_getparam_c_1320_sailor-wmi-2-type-confusion-leak	LLM_FP	FP		tool_getparam.c	1320		CWE-125	0	13519		
1450_tool_getparam_c_1166_sailor-wmi-2-type-confusion-leak	LLM_FP	FP		tool_getparam.c	1166		CWE-125	0	13519		
1451_tool_getparam_c_1170_sailor-wmi-2-type-confusion-leak	LLM_FP	FP		tool_getparam.c	1170		CWE-125	0	13519		
1452_tool_getparam_c_1174_sailor-wmi-2-type-confusion-leak	LLM_FP	FP		tool_getparam.c	1174		CWE-125	0	13519		
1454_tool_getparam_c_1180_sailor-wmi-2-type-confusion-leak	LLM_FP	FP		tool_getparam.c	1180		CWE-125	0	13519		
1462_tool_getparam_c_1148_sailor-wmi-2-type-confusion-leak	LLM_FP	FP		tool_getparam.c	1148		CWE-125	0	13519		
1471_tool_getparam_c_1054_sailor-wmi-2-type-confusion-leak	LLM_FP	FP		tool_getparam.c	1054		CWE-125	0	13519		
1472_tool_getparam_c_1055_sailor-wmi-2-type-confusion-leak	LLM_FP	FP		tool_getparam.c	1055		CWE-125	0	13519		
1473_tool_getparam_c_1057_sailor-wmi-2-type-confusion-leak	LLM_FP	FP		tool_getparam.c	1057		CWE-125	0	13519		
1474_tool_getparam_c_1060_sailor-wmi-2-type-confusion-leak	LLM_FP	FP		tool_getparam.c	1060		CWE-125	0	13519		
1475_tool_getparam_c_1060_sailor-wmi-2-type-confusion-leak	LLM_FP	FP		tool_getparam.c	1060		CWE-125	0	13519		
1476_tool_getparam_c_1060_sailor-wmi-2-type-confusion-leak	LLM_FP	FP		tool_getparam.c	1060		CWE-125	0	13519		
1477_tool_getparam_c_1061_sailor-wmi-2-type-confusion-leak	LLM_FP	FP		tool_getparam.c	1061		CWE-125	0	13519		
1478_tool_getparam_c_1061_sailor-wmi-2-type-confusion-leak	LLM_FP	FP		tool_getparam.c	1061		CWE-125	0	13519		
1479_tool_getparam_c_1066_sailor-wmi-2-type-confusion-leak	LLM_FP	FP		tool_getparam.c	1066		CWE-125	0	13519		
1480_tool_getparam_c_1068_sailor-wmi-2-type-confusion-leak	LLM_FP	FP		tool_getparam.c	1068		CWE-125	0	13519		
1483_tool_getparam_c_957_sailor-wmi-2-type-confusion-leak	LLM_FP	FP		tool_getparam.c	957		CWE-125	0	13519		
1484_tool_getparam_c_960_sailor-wmi-2-type-confusion-leak	LLM_FP	FP		tool_getparam.c	960		CWE-125	0	13519		
1485_tool_getparam_c_964_sailor-wmi-2-type-confusion-leak	LLM_FP	FP		tool_getparam.c	964		CWE-125	0	13519		
1486_tool_getparam_c_969_sailor-wmi-2-type-confusion-leak	LLM_FP	FP		tool_getparam.c	969		CWE-125	0	13519		
1492_tool_getparam_c_877_sailor-wmi-2-type-confusion-leak	LLM_FP	FP		tool_getparam.c	877		CWE-125	0	13519		
1493_tool_getparam_c_878_sailor-wmi-2-type-confusion-leak	LLM_FP	FP		tool_getparam.c	878		CWE-125	0	13519		
1499_tool_getparam_c_710_sailor-wmi-2-type-confusion-leak	LLM_FP	FP		tool_getparam.c	710		CWE-125	0	13519		
1500_tool_getparam_c_711_sailor-wmi-2-type-confusion-leak	LLM_FP	FP		tool_getparam.c	711		CWE-125	0	13519		
2010_tool_getparam_c_1296_sailor-kernel-lifecycle-mismatch	LLM_FP	FP		tool_getparam.c	1296		CWE-416	0	13519		
2011_tool_getparam_c_1297_sailor-kernel-lifecycle-mismatch	LLM_FP	FP		tool_getparam.c	1297		CWE-416	0	13519		
2012_tool_getparam_c_1297_sailor-kernel-lifecycle-mismatch	LLM_FP	FP		tool_getparam.c	1297		CWE-416	0	13519		
2013_tool_getparam_c_1298_sailor-kernel-lifecycle-mismatch	LLM_FP	FP		tool_getparam.c	1298		CWE-416	0	13519		
2014_tool_getparam_c_1301_sailor-kernel-lifecycle-mismatch	LLM_FP	FP		tool_getparam.c	1301		CWE-416	0	13519		
2015_tool_getparam_c_1301_sailor-kernel-lifecycle-mismatch	LLM_FP	FP		tool_getparam.c	1301		CWE-416	0	13519		
2016_tool_getparam_c_1302_sailor-kernel-lifecycle-mismatch	LLM_FP	FP		tool_getparam.c	1302		CWE-416	0	13519		
2017_tool_getparam_c_1302_sailor-kernel-lifecycle-mismatch	LLM_FP	FP		tool_getparam.c	1302		CWE-416	0	13519		
2018_tool_getparam_c_1302_sailor-kernel-lifecycle-mismatch	LLM_FP	FP		tool_getparam.c	1302		CWE-416	0	13519		
2019_tool_getparam_c_1307_sailor-kernel-lifecycle-mismatch	LLM_FP	FP		tool_getparam.c	1307		CWE-416	0	13519		
2020_tool_getparam_c_1309_sailor-kernel-lifecycle-mismatch	LLM_FP	FP		tool_getparam.c	1309		CWE-416	0	13519		
2021_tool_getparam_c_1312_sailor-kernel-lifecycle-mismatch	LLM_FP	FP		tool_getparam.c	1312		CWE-416	0	13519		
0133_tool_urlglob_c_372_local-cpp-cwe-120-overflow	LLM_FP	FP		tool_urlglob.c	372		CWE-120	0	13519		
0551_tool_urlglob_c_427_local-cpp-cwe-125-cursor-lookahead-missing-bytes-check	LLM_FP	FP		tool_urlglob.c	427		CWE-125	0	13519		
0561_tool_urlglob_c_443_local-cpp-cwe-125-cursor-lookahead-missing-bytes-check	LLM_FP	FP		tool_urlglob.c	443		CWE-125	0	13519		
0562_tool_urlglob_c_443_local-cpp-cwe-125-cursor-lookahead-missing-bytes-check	LLM_FP	FP		tool_urlglob.c	443		CWE-125	0	13519		
0563_tool_urlglob_c_444_local-cpp-cwe-125-cursor-lookahead-missing-bytes-check	LLM_FP	FP		tool_urlglob.c	444		CWE-125	0	13519		
0564_tool_urlglob_c_444_local-cpp-cwe-125-cursor-lookahead-missing-bytes-check	LLM_FP	FP		tool_urlglob.c	444		CWE-125	0	13519		
0565_tool_urlglob_c_239_local-cpp-cwe-125-cursor-lookahead-missing-bytes-check	LLM_FP	FP		tool_urlglob.c	239		CWE-125	0	13519		
0566_tool_urlglob_c_240_local-cpp-cwe-125-cursor-lookahead-missing-bytes-check	LLM_FP	FP		tool_urlglob.c	240		CWE-125	0	13519		
0567_tool_urlglob_c_241_local-cpp-cwe-125-cursor-lookahead-missing-bytes-check	LLM_FP	FP		tool_urlglob.c	241		CWE-125	0	13519		
0568_tool_urlglob_c_242_local-cpp-cwe-125-cursor-lookahead-missing-bytes-check	LLM_FP	FP		tool_urlglob.c	242		CWE-125	0	13519		
0569_tool_urlglob_c_176_local-cpp-cwe-125-cursor-lookahead-missing-bytes-check	LLM_FP	FP		tool_urlglob.c	176		CWE-125	0	13519		
0736_tool_urlglob_c_545_sailor-cpp-CWE-416-DirectFreeArgUseFast	LLM_FP	FP		tool_urlglob.c	545		CWE-416	0	13519		
0737_tool_urlglob_c_548_sailor-cpp-CWE-416-DirectFreeArgUseFast	LLM_FP	FP		tool_urlglob.c	548		CWE-416	0	13519		
0738_tool_urlglob_c_550_sailor-cpp-CWE-416-DirectFreeArgUseFast	LLM_FP	FP		tool_urlglob.c	550		CWE-416	0	13519		
0739_tool_urlglob_c_208_sailor-cpp-CWE-416-DirectFreeArgUseFast	LLM_FP	FP		tool_urlglob.c	208		CWE-416	0	13519		
1441_tool_urlglob_c_667_sailor-wmi-2-type-confusion-leak	LLM_FP	FP		tool_urlglob.c	667		CWE-125	0	13519		
1442_tool_urlglob_c_669_sailor-wmi-2-type-confusion-leak	LLM_FP	FP		tool_urlglob.c	669		CWE-125	0	13519		
1443_tool_urlglob_c_670_sailor-wmi-2-type-confusion-leak	LLM_FP	FP		tool_urlglob.c	670		CWE-125	0	13519		
1444_tool_urlglob_c_670_sailor-wmi-2-type-confusion-leak	LLM_FP	FP		tool_urlglob.c	670		CWE-125	0	13519		
1445_tool_urlglob_c_673_sailor-wmi-2-type-confusion-leak	LLM_FP	FP		tool_urlglob.c	673		CWE-125	0	13519		
1446_tool_urlglob_c_679_sailor-wmi-2-type-confusion-leak	LLM_FP	FP		tool_urlglob.c	679		CWE-125	0	13519		
1447_tool_urlglob_c_679_sailor-wmi-2-type-confusion-leak	LLM_FP	FP		tool_urlglob.c	679		CWE-125	0	13519		
1456_tool_urlglob_c_605_sailor-wmi-2-type-confusion-leak	LLM_FP	FP		tool_urlglob.c	605		CWE-125	0	13519		
1457_tool_urlglob_c_607_sailor-wmi-2-type-confusion-leak	LLM_FP	FP		tool_urlglob.c	607		CWE-125	0	13519		
1458_tool_urlglob_c_608_sailor-wmi-2-type-confusion-leak	LLM_FP	FP		tool_urlglob.c	608		CWE-125	0	13519		
1459_tool_urlglob_c_608_sailor-wmi-2-type-confusion-leak	LLM_FP	FP		tool_urlglob.c	608		CWE-125	0	13519		
1460_tool_urlglob_c_613_sailor-wmi-2-type-confusion-leak	LLM_FP	FP		tool_urlglob.c	613		CWE-125	0	13519		
1467_tool_urlglob_c_620_sailor-wmi-2-type-confusion-leak	LLM_FP	FP		tool_urlglob.c	620		CWE-125	0	13519		
1468_tool_urlglob_c_620_sailor-wmi-2-type-confusion-leak	LLM_FP	FP		tool_urlglob.c	620		CWE-125	0	13519		
1512_tool_urlglob_c_272_sailor-wmi-2-type-confusion-leak	LLM_FP	FP		tool_urlglob.c	272		CWE-125	0	13519		
1513_tool_urlglob_c_273_sailor-wmi-2-type-confusion-leak	LLM_FP	FP		tool_urlglob.c	273		CWE-125	0	13519		
1514_tool_urlglob_c_273_sailor-wmi-2-type-confusion-leak	LLM_FP	FP		tool_urlglob.c	273		CWE-125	0	13519		
1515_tool_urlglob_c_274_sailor-wmi-2-type-confusion-leak	LLM_FP	FP		tool_urlglob.c	274		CWE-125	0	13519		
1516_tool_urlglob_c_276_sailor-wmi-2-type-confusion-leak	LLM_FP	FP		tool_urlglob.c	276		CWE-125	0	13519		
1517_tool_urlglob_c_276_sailor-wmi-2-type-confusion-leak	LLM_FP	FP		tool_urlglob.c	276		CWE-125	0	13519		
1518_tool_urlglob_c_277_sailor-wmi-2-type-confusion-leak	LLM_FP	FP		tool_urlglob.c	277		CWE-125	0	13519		
1520_tool_urlglob_c_196_sailor-wmi-2-type-confusion-leak	LLM_FP	FP		tool_urlglob.c	196		CWE-125	0	13519		
1521_tool_urlglob_c_197_sailor-wmi-2-type-confusion-leak	LLM_FP	FP		tool_urlglob.c	197		CWE-125	0	13519		
1522_tool_urlglob_c_198_sailor-wmi-2-type-confusion-leak	LLM_FP	FP		tool_urlglob.c	198		CWE-125	0	13519		
1523_tool_urlglob_c_199_sailor-wmi-2-type-confusion-leak	LLM_FP	FP		tool_urlglob.c	199		CWE-125	0	13519		
1528_tool_urlglob_c_45_sailor-wmi-2-type-confusion-leak	LLM_FP	FP		tool_urlglob.c	45		CWE-125	0	13519		
1529_tool_urlglob_c_46_sailor-wmi-2-type-confusion-leak	LLM_FP	FP		tool_urlglob.c	46		CWE-125	0	13519		
1530_tool_urlglob_c_47_sailor-wmi-2-type-confusion-leak	LLM_FP	FP		tool_urlglob.c	47		CWE-125	0	13519		
1531_tool_urlglob_c_49_sailor-wmi-2-type-confusion-leak	LLM_FP	FP		tool_urlglob.c	49		CWE-125	0	13519		
1532_tool_urlglob_c_52_sailor-wmi-2-type-confusion-leak	LLM_FP	FP		tool_urlglob.c	52		CWE-125	0	13519		
1533_tool_urlglob_c_53_sailor-wmi-2-type-confusion-leak	LLM_FP	FP		tool_urlglob.c	53		CWE-125	0	13519		
1534_tool_urlglob_c_54_sailor-wmi-2-type-confusion-leak	LLM_FP	FP		tool_urlglob.c	54		CWE-125	0	13519		
1535_tool_urlglob_c_58_sailor-wmi-2-type-confusion-leak	LLM_FP	FP		tool_urlglob.c	58		CWE-125	0	13519		
1536_tool_urlglob_c_59_sailor-wmi-2-type-confusion-leak	LLM_FP	FP		tool_urlglob.c	59		CWE-125	0	13519		
2022_tool_urlglob_c_537_sailor-kernel-lifecycle-mismatch	LLM_FP	FP		tool_urlglob.c	537		CWE-416	0	13519		
2023_tool_urlglob_c_540_sailor-kernel-lifecycle-mismatch	LLM_FP	FP		tool_urlglob.c	540		CWE-416	0	13519		
2024_tool_urlglob_c_541_sailor-kernel-lifecycle-mismatch	LLM_FP	FP		tool_urlglob.c	541		CWE-416	0	13519		
2025_tool_urlglob_c_543_sailor-kernel-lifecycle-mismatch	LLM_FP	FP		tool_urlglob.c	543		CWE-416	0	13519		
2026_tool_urlglob_c_544_sailor-kernel-lifecycle-mismatch	LLM_FP	FP		tool_urlglob.c	544		CWE-416	0	13519		
2027_tool_urlglob_c_545_sailor-kernel-lifecycle-mismatch	LLM_FP	FP		tool_urlglob.c	545		CWE-416	0	13519		
2028_tool_urlglob_c_548_sailor-kernel-lifecycle-mismatch	LLM_FP	FP		tool_urlglob.c	548		CWE-416	0	13519		
0117_tool_formparse_c_212_local-cpp-cwe-120-overflow	REPRODUCER_BUILD_FAIL	REPRODUCER_BUILD_FAIL	heap-buffer-overflow	tool_formparse.c	212		CWE-120	0	13519		
0517_tool_formparse_c_775_local-cpp-cwe-125-cursor-lookahead-missing-bytes-check	LLM_FP	FP		tool_formparse.c	775		CWE-125	0	13519		
0520_tool_formparse_c_423_local-cpp-cwe-125-cursor-lookahead-missing-bytes-check	LLM_FP	FP		tool_formparse.c	423		CWE-125	0	13519		
0521_tool_formparse_c_425_local-cpp-cwe-125-cursor-lookahead-missing-bytes-check	LLM_FP	FP		tool_formparse.c	425		CWE-125	0	13519		
0523_tool_formparse_c_354_local-cpp-cwe-125-cursor-lookahead-missing-bytes-check	LLM_FP	FP		tool_formparse.c	354		CWE-125	0	13519		
0524_tool_formparse_c_354_local-cpp-cwe-125-cursor-lookahead-missing-bytes-check	LLM_FP	FP		tool_formparse.c	354		CWE-125	0	13519		
0525_tool_formparse_c_370_local-cpp-cwe-125-cursor-lookahead-missing-bytes-check	LLM_FP	FP		tool_formparse.c	370		CWE-125	0	13519		
0526_tool_formparse_c_370_local-cpp-cwe-125-cursor-lookahead-missing-bytes-check	LLM_FP	FP		tool_formparse.c	370		CWE-125	0	13519		
0726_tool_formparse_c_185_sailor-cpp-CWE-416-DirectFreeArgUseFast	LLM_FP	FP		tool_formparse.c	185		CWE-416	0	13519		
0727_tool_formparse_c_186_sailor-cpp-CWE-416-DirectFreeArgUseFast	LLM_FP	FP		tool_formparse.c	186		CWE-416	0	13519		
0728_tool_formparse_c_187_sailor-cpp-CWE-416-DirectFreeArgUseFast	LLM_FP	FP		tool_formparse.c	187		CWE-416	0	13519		
0729_tool_formparse_c_188_sailor-cpp-CWE-416-DirectFreeArgUseFast	LLM_FP	FP		tool_formparse.c	188		CWE-416	0	13519		
0730_tool_formparse_c_189_sailor-cpp-CWE-416-DirectFreeArgUseFast	LLM_FP	FP		tool_formparse.c	189		CWE-416	0	13519		
0731_tool_formparse_c_190_sailor-cpp-CWE-416-DirectFreeArgUseFast	LLM_FP	FP		tool_formparse.c	190		CWE-416	0	13519		
0881_tool_formparse_c_765_sailor-wmi-2-type-confusion-leak	LLM_FP	FP		tool_formparse.c	765		CWE-125	0	13519		
0898_tool_formparse_c_882_sailor-wmi-2-type-confusion-leak	LLM_FP	FP		tool_formparse.c	882		CWE-125	0	13519		
0955_tool_formparse_c_262_sailor-wmi-2-type-confusion-leak	LLM_FP	FP		tool_formparse.c	262		CWE-125	0	13519		
0957_tool_formparse_c_269_sailor-wmi-2-type-confusion-leak	LLM_FP	FP		tool_formparse.c	269		CWE-125	0	13519		
0959_tool_formparse_c_270_sailor-wmi-2-type-confusion-leak	LLM_FP	FP		tool_formparse.c	270		CWE-125	0	13519		
0968_tool_formparse_c_281_sailor-wmi-2-type-confusion-leak	LLM_FP	FP		tool_formparse.c	281		CWE-125	0	13519		
0971_tool_formparse_c_286_sailor-wmi-2-type-confusion-leak	LLM_FP	FP		tool_formparse.c	286		CWE-125	0	13519		
0974_tool_formparse_c_287_sailor-wmi-2-type-confusion-leak	LLM_FP	FP		tool_formparse.c	287		CWE-125	0	13519		
0982_tool_formparse_c_296_sailor-wmi-2-type-confusion-leak	LLM_FP	FP		tool_formparse.c	296		CWE-125	0	13519		
0987_tool_formparse_c_310_sailor-wmi-2-type-confusion-leak	LLM_FP	FP		tool_formparse.c	310		CWE-125	0	13519		
0988_tool_formparse_c_312_sailor-wmi-2-type-confusion-leak	LLM_FP	FP		tool_formparse.c	312		CWE-125	0	13519		
0989_tool_formparse_c_314_sailor-wmi-2-type-confusion-leak	LLM_FP	FP		tool_formparse.c	314		CWE-125	0	13519		
0990_tool_formparse_c_316_sailor-wmi-2-type-confusion-leak	LLM_FP	FP		tool_formparse.c	316		CWE-125	0	13519		
0994_tool_formparse_c_235_sailor-wmi-2-type-confusion-leak	LLM_FP	FP		tool_formparse.c	235		CWE-125	0	13519		
0996_tool_formparse_c_238_sailor-wmi-2-type-confusion-leak	LLM_FP	FP		tool_formparse.c	238		CWE-125	0	13519		
0998_tool_formparse_c_243_sailor-wmi-2-type-confusion-leak	LLM_FP	FP		tool_formparse.c	243		CWE-125	0	13519		
0999_tool_formparse_c_244_sailor-wmi-2-type-confusion-leak	LLM_FP	FP		tool_formparse.c	244		CWE-125	0	13519		
1003_tool_formparse_c_202_sailor-wmi-2-type-confusion-leak	LLM_FP	FP		tool_formparse.c	202		CWE-125	0	13519		
1004_tool_formparse_c_203_sailor-wmi-2-type-confusion-leak	LLM_FP	FP		tool_formparse.c	203		CWE-125	0	13519		
1005_tool_formparse_c_203_sailor-wmi-2-type-confusion-leak	LLM_FP	FP		tool_formparse.c	203		CWE-125	0	13519		
1006_tool_formparse_c_205_sailor-wmi-2-type-confusion-leak	LLM_FP	FP		tool_formparse.c	205		CWE-125	0	13519		
1007_tool_formparse_c_205_sailor-wmi-2-type-confusion-leak	LLM_FP	FP		tool_formparse.c	205		CWE-125	0	13519		
1011_tool_formparse_c_210_sailor-wmi-2-type-confusion-leak	LLM_FP	FP		tool_formparse.c	210		CWE-125	0	13519		
1012_tool_formparse_c_212_sailor-wmi-2-type-confusion-leak	LLM_FP	FP		tool_formparse.c	212		CWE-125	0	13519		
1013_tool_formparse_c_212_sailor-wmi-2-type-confusion-leak	LLM_FP	FP		tool_formparse.c	212		CWE-125	0	13519		
1016_tool_formparse_c_224_sailor-wmi-2-type-confusion-leak	LLM_FP	FP		tool_formparse.c	224		CWE-125	0	13519		
1058_tool_formparse_c_42_sailor-wmi-2-type-confusion-leak	LLM_FP	FP		tool_formparse.c	42		CWE-125	0	13519		
1986_tool_formparse_c_180_sailor-kernel-lifecycle-mismatch	LLM_FP	FP		tool_formparse.c	180		CWE-416	0	13519		
1987_tool_formparse_c_181_sailor-kernel-lifecycle-mismatch	LLM_FP	FP		tool_formparse.c	181		CWE-416	0	13519		
1988_tool_formparse_c_182_sailor-kernel-lifecycle-mismatch	LLM_FP	FP		tool_formparse.c	182		CWE-416	0	13519		
1989_tool_formparse_c_183_sailor-kernel-lifecycle-mismatch	LLM_FP	FP		tool_formparse.c	183		CWE-416	0	13519		
1990_tool_formparse_c_189_sailor-kernel-lifecycle-mismatch	LLM_FP	FP		tool_formparse.c	189		CWE-416	0	13519		
0214_telnet_c_1244_local-cpp-cwe-125-oob-read	LLM_FP	FP		telnet.c	1244		CWE-125	0	13519		
0215_telnet_c_1055_local-cpp-cwe-125-oob-read	LLM_FP	FP		telnet.c	1055		CWE-125	0	13519		
0216_telnet_c_1064_local-cpp-cwe-125-oob-read	LLM_FP	FP		telnet.c	1064		CWE-125	0	13519		
0217_telnet_c_950_local-cpp-cwe-125-oob-read	LLM_FP	FP		telnet.c	950		CWE-125	0	13519		
0218_telnet_c_970_local-cpp-cwe-125-oob-read	LLM_FP	FP		telnet.c	970		CWE-125	0	13519		
0219_telnet_c_1003_local-cpp-cwe-125-oob-read	LLM_FP	FP		telnet.c	1003		CWE-125	0	13519		
0221_telnet_c_321_local-cpp-cwe-125-oob-read	LLM_FP	FP		telnet.c	321		CWE-125	0	13519		
0418_telnet_c_1508_local-cpp-cwe-125-cursor-lookahead-missing-bytes-check	LLM_FP	FP		telnet.c	1508		CWE-125	0	13519		
0419_telnet_c_1509_local-cpp-cwe-125-cursor-lookahead-missing-bytes-check	LLM_FP	FP		telnet.c	1509		CWE-125	0	13519		
0421_telnet_c_1517_local-cpp-cwe-125-cursor-lookahead-missing-bytes-check	LLM_FP	FP		telnet.c	1517		CWE-125	0	13519		
0422_telnet_c_1518_local-cpp-cwe-125-cursor-lookahead-missing-bytes-check	LLM_FP	FP		telnet.c	1518		CWE-125	0	13519		
0423_telnet_c_1521_local-cpp-cwe-125-cursor-lookahead-missing-bytes-check	LLM_FP	FP		telnet.c	1521		CWE-125	0	13519		
0430_telnet_c_1535_local-cpp-cwe-125-cursor-lookahead-missing-bytes-check	LLM_FP	FP		telnet.c	1535		CWE-125	0	13519		
0431_telnet_c_1536_local-cpp-cwe-125-cursor-lookahead-missing-bytes-check	LLM_FP	FP		telnet.c	1536		CWE-125	0	13519		
0432_telnet_c_1539_local-cpp-cwe-125-cursor-lookahead-missing-bytes-check	LLM_FP	FP		telnet.c	1539		CWE-125	0	13519		
0435_telnet_c_1582_local-cpp-cwe-125-cursor-lookahead-missing-bytes-check	LLM_FP	FP		telnet.c	1582		CWE-125	0	13519		
0436_telnet_c_1583_local-cpp-cwe-125-cursor-lookahead-missing-bytes-check	LLM_FP	FP		telnet.c	1583		CWE-125	0	13519		
0437_telnet_c_1265_local-cpp-cwe-125-cursor-lookahead-missing-bytes-check	LLM_FP	FP		telnet.c	1265		CWE-125	0	13519		
0438_telnet_c_1266_local-cpp-cwe-125-cursor-lookahead-missing-bytes-check	LLM_FP	FP		telnet.c	1266		CWE-125	0	13519		
0458_telnet_c_884_local-cpp-cwe-125-cursor-lookahead-missing-bytes-check	LLM_FP	FP		telnet.c	884		CWE-125	0	13519		
0459_telnet_c_885_local-cpp-cwe-125-cursor-lookahead-missing-bytes-check	LLM_FP	FP		telnet.c	885		CWE-125	0	13519		
0465_telnet_c_702_local-cpp-cwe-125-cursor-lookahead-missing-bytes-check	LLM_FP	FP		telnet.c	702		CWE-125	0	13519		
0466_telnet_c_703_local-cpp-cwe-125-cursor-lookahead-missing-bytes-check	LLM_FP	FP		telnet.c	703		CWE-125	0	13519		
0467_telnet_c_708_local-cpp-cwe-125-cursor-lookahead-missing-bytes-check	LLM_FP	FP		telnet.c	708		CWE-125	0	13519		
0468_telnet_c_711_local-cpp-cwe-125-cursor-lookahead-missing-bytes-check	LLM_FP	FP		telnet.c	711		CWE-125	0	13519		
0469_telnet_c_716_local-cpp-cwe-125-cursor-lookahead-missing-bytes-check	LLM_FP	FP		telnet.c	716		CWE-125	0	13519		
0470_telnet_c_718_local-cpp-cwe-125-cursor-lookahead-missing-bytes-check	LLM_FP	FP		telnet.c	718		CWE-125	0	13519		
0471_telnet_c_721_local-cpp-cwe-125-cursor-lookahead-missing-bytes-check	LLM_FP	FP		telnet.c	721		CWE-125	0	13519		
0472_telnet_c_722_local-cpp-cwe-125-cursor-lookahead-missing-bytes-check	LLM_FP	FP		telnet.c	722		CWE-125	0	13519		
0473_telnet_c_725_local-cpp-cwe-125-cursor-lookahead-missing-bytes-check	LLM_FP	FP		telnet.c	725		CWE-125	0	13519		
0474_telnet_c_740_local-cpp-cwe-125-cursor-lookahead-missing-bytes-check	LLM_FP	FP		telnet.c	740		CWE-125	0	13519		
0475_telnet_c_747_local-cpp-cwe-125-cursor-lookahead-missing-bytes-check	LLM_FP	FP		telnet.c	747		CWE-125	0	13519		
0492_telnet_c_317_local-cpp-cwe-125-cursor-lookahead-missing-bytes-check	LLM_FP	FP		telnet.c	317		CWE-125	0	13519		
0495_telnet_c_318_local-cpp-cwe-125-cursor-lookahead-missing-bytes-check	LLM_FP	FP		telnet.c	318		CWE-125	0	13519		
0496_telnet_c_319_local-cpp-cwe-125-cursor-lookahead-missing-bytes-check	LLM_FP	FP		telnet.c	319		CWE-125	0	13519		
0504_telnet_c_223_local-cpp-cwe-125-cursor-lookahead-missing-bytes-check	LLM_FP	FP		telnet.c	223		CWE-125	0	13519		
0505_telnet_c_224_local-cpp-cwe-125-cursor-lookahead-missing-bytes-check	LLM_FP	FP		telnet.c	224		CWE-125	0	13519		
0506_telnet_c_231_local-cpp-cwe-125-cursor-lookahead-missing-bytes-check	LLM_FP	FP		telnet.c	231		CWE-125	0	13519		
0507_telnet_c_232_local-cpp-cwe-125-cursor-lookahead-missing-bytes-check	LLM_FP	FP		telnet.c	232		CWE-125	0	13519		
0508_telnet_c_240_local-cpp-cwe-125-cursor-lookahead-missing-bytes-check	LLM_FP	FP		telnet.c	240		CWE-125	0	13519		
0220_urlapi_c_1169_local-cpp-cwe-125-oob-read	LLM_FP	FP		urlapi.c	1169		CWE-125	0	13519		
0222_urlapi_c_489_local-cpp-cwe-125-oob-read	LLM_FP	FP		urlapi.c	489		CWE-125	0	13519		
0223_urlapi_c_351_local-cpp-cwe-125-oob-read	LLM_FP	FP		urlapi.c	351		CWE-125	0	13519		
0410_urlapi_c_1867_local-cpp-cwe-125-cursor-lookahead-missing-bytes-check	LLM_FP	FP		urlapi.c	1867		CWE-125	0	13519		
0417_urlapi_c_1909_local-cpp-cwe-125-cursor-lookahead-missing-bytes-check	LLM_FP	FP		urlapi.c	1909		CWE-125	0	13519		
0424_urlapi_c_1910_local-cpp-cwe-125-cursor-lookahead-missing-bytes-check	LLM_FP	FP		urlapi.c	1910		CWE-125	0	13519		
0426_urlapi_c_1911_local-cpp-cwe-125-cursor-lookahead-missing-bytes-check	LLM_FP	FP		urlapi.c	1911		CWE-125	0	13519		
0427_urlapi_c_1911_local-cpp-cwe-125-cursor-lookahead-missing-bytes-check	LLM_FP	FP		urlapi.c	1911		CWE-125	0	13519		
0428_urlapi_c_1912_local-cpp-cwe-125-cursor-lookahead-missing-bytes-check	LLM_FP	FP		urlapi.c	1912		CWE-125	0	13519		
0429_urlapi_c_1912_local-cpp-cwe-125-cursor-lookahead-missing-bytes-check	LLM_FP	FP		urlapi.c	1912		CWE-125	0	13519		
0446_urlapi_c_1655_local-cpp-cwe-125-cursor-lookahead-missing-bytes-check	LLM_FP	FP		urlapi.c	1655		CWE-125	0	13519		
0457_urlapi_c_1598_local-cpp-cwe-125-cursor-lookahead-missing-bytes-check	LLM_FP	FP		urlapi.c	1598		CWE-125	0	13519		
0464_urlapi_c_1500_local-cpp-cwe-125-cursor-lookahead-missing-bytes-check	LLM_FP	FP		urlapi.c	1500		CWE-125	0	13519		
0476_urlapi_c_951_local-cpp-cwe-125-cursor-lookahead-missing-bytes-check	LLM_FP	FP		urlapi.c	951		CWE-125	0	13519		
0477_urlapi_c_974_local-cpp-cwe-125-cursor-lookahead-missing-bytes-check	LLM_FP	FP		urlapi.c	974		CWE-125	0	13519		
0478_urlapi_c_1026_local-cpp-cwe-125-cursor-lookahead-missing-bytes-check	LLM_FP	FP		urlapi.c	1026		CWE-125	0	13519		
0479_urlapi_c_769_local-cpp-cwe-125-cursor-lookahead-missing-bytes-check	LLM_FP	FP		urlapi.c	769		CWE-125	0	13519		
0481_urlapi_c_613_local-cpp-cwe-125-cursor-lookahead-missing-bytes-check	LLM_FP	FP		urlapi.c	613		CWE-125	0	13519		
0482_urlapi_c_614_local-cpp-cwe-125-cursor-lookahead-missing-bytes-check	LLM_FP	FP		urlapi.c	614		CWE-125	0	13519		
0483_urlapi_c_615_local-cpp-cwe-125-cursor-lookahead-missing-bytes-check	LLM_FP	FP		urlapi.c	615		CWE-125	0	13519		
0484_urlapi_c_616_local-cpp-cwe-125-cursor-lookahead-missing-bytes-check	LLM_FP	FP		urlapi.c	616		CWE-125	0	13519		
0485_urlapi_c_619_local-cpp-cwe-125-cursor-lookahead-missing-bytes-check	LLM_FP	FP		urlapi.c	619		CWE-125	0	13519		
0486_urlapi_c_623_local-cpp-cwe-125-cursor-lookahead-missing-bytes-check	LLM_FP	FP		urlapi.c	623		CWE-125	0	13519		
0487_urlapi_c_624_local-cpp-cwe-125-cursor-lookahead-missing-bytes-check	LLM_FP	FP		urlapi.c	624		CWE-125	0	13519		
0488_urlapi_c_625_local-cpp-cwe-125-cursor-lookahead-missing-bytes-check	LLM_FP	FP		urlapi.c	625		CWE-125	0	13519		
0489_urlapi_c_626_local-cpp-cwe-125-cursor-lookahead-missing-bytes-check	LLM_FP	FP		urlapi.c	626		CWE-125	0	13519		
0490_urlapi_c_629_local-cpp-cwe-125-cursor-lookahead-missing-bytes-check	LLM_FP	FP		urlapi.c	629		CWE-125	0	13519		
0491_urlapi_c_633_local-cpp-cwe-125-cursor-lookahead-missing-bytes-check	LLM_FP	FP		urlapi.c	633		CWE-125	0	13519		
0493_urlapi_c_634_local-cpp-cwe-125-cursor-lookahead-missing-bytes-check	LLM_FP	FP		urlapi.c	634		CWE-125	0	13519		
0494_urlapi_c_635_local-cpp-cwe-125-cursor-lookahead-missing-bytes-check	LLM_FP	FP		urlapi.c	635		CWE-125	0	13519		
0497_urlapi_c_636_local-cpp-cwe-125-cursor-lookahead-missing-bytes-check	LLM_FP	FP		urlapi.c	636		CWE-125	0	13519		
0498_urlapi_c_639_local-cpp-cwe-125-cursor-lookahead-missing-bytes-check	LLM_FP	FP		urlapi.c	639		CWE-125	0	13519		
0499_urlapi_c_640_local-cpp-cwe-125-cursor-lookahead-missing-bytes-check	LLM_FP	FP		urlapi.c	640		CWE-125	0	13519		
0500_urlapi_c_644_local-cpp-cwe-125-cursor-lookahead-missing-bytes-check	LLM_FP	FP		urlapi.c	644		CWE-125	0	13519		
0501_urlapi_c_645_local-cpp-cwe-125-cursor-lookahead-missing-bytes-check	LLM_FP	FP		urlapi.c	645		CWE-125	0	13519		
0502_urlapi_c_646_local-cpp-cwe-125-cursor-lookahead-missing-bytes-check	LLM_FP	FP		urlapi.c	646		CWE-125	0	13519		
0503_urlapi_c_647_local-cpp-cwe-125-cursor-lookahead-missing-bytes-check	LLM_FP	FP		urlapi.c	647		CWE-125	0	13519		
0511_urlapi_c_192_local-cpp-cwe-125-cursor-lookahead-missing-bytes-check	LLM_FP	FP		urlapi.c	192		CWE-125	0	13519		
0125_vtls_c_1986_local-cpp-cwe-120-overflow	LLM_FP	FP		vtls.c	1986		CWE-120	0	13519		
0126_vtls_c_1961_local-cpp-cwe-120-overflow	LLM_FP	FP		vtls.c	1961		CWE-120	0	13519		
0127_vtls_c_1939_local-cpp-cwe-120-overflow	LLM_FP	FP		vtls.c	1939		CWE-120	0	13519		
0137_vtls_c_113_local-cpp-cwe-120-overflow	REPRODUCER_BUILD_FAIL	REPRODUCER_BUILD_FAIL	heap-buffer-overflow	vtls.c	113		CWE-120	0	13519		
0243_vtls_c_2025_local-cpp-cwe-125-oob-read	LLM_FP	FP		vtls.c	2025		CWE-125	0	13519		
0244_vtls_c_2039_local-cpp-cwe-125-oob-read	LLM_FP	FP		vtls.c	2039		CWE-125	0	13519		
0246_vtls_c_1975_local-cpp-cwe-125-oob-read	LLM_FP	FP		vtls.c	1975		CWE-125	0	13519		
0260_vtls_c_766_local-cpp-cwe-125-oob-read	LLM_FP	FP		vtls.c	766		CWE-125	0	13519		
0261_vtls_c_798_local-cpp-cwe-125-oob-read	LLM_FP	FP		vtls.c	798		CWE-125	0	13519		
0262_vtls_c_806_local-cpp-cwe-125-oob-read	LLM_FP	FP		vtls.c	806		CWE-125	0	13519		
0263_vtls_c_865_local-cpp-cwe-125-oob-read	LLM_FP	FP		vtls.c	865		CWE-125	0	13519		
0264_vtls_c_883_local-cpp-cwe-125-oob-read	LLM_FP	FP		vtls.c	883		CWE-125	0	13519		
0265_vtls_c_128_local-cpp-cwe-125-oob-read	LLM_FP	FP		vtls.c	128		CWE-125	0	13519		
0598_vtls_c_1961_local-cpp-cwe-787-oob-write	LLM_FP	FP		vtls.c	1961		CWE-787	0	13519		
0599_vtls_c_1939_local-cpp-cwe-787-oob-write	LLM_FP	FP		vtls.c	1939		CWE-787	0	13519		
0624_vtls_c_1961_local-cpp-cwe-823-pointer-offset	LLM_FP	FP		vtls.c	1961		CWE-823	0	13519		
0625_vtls_c_1939_local-cpp-cwe-823-pointer-offset	LLM_FP	FP		vtls.c	1939		CWE-823	0	13519		
1409_vtls_c_1832_sailor-wmi-2-type-confusion-leak	LLM_FP	FP		vtls.c	1832		CWE-125	0	13519		
1448_vtls_c_1605_sailor-wmi-2-type-confusion-leak	LLM_FP	FP		vtls.c	1605		CWE-125	0	13519		
1470_vtls_c_1581_sailor-wmi-2-type-confusion-leak	LLM_FP	FP		vtls.c	1581		CWE-125	0	13519		
1481_vtls_c_1564_sailor-wmi-2-type-confusion-leak	LLM_FP	FP		vtls.c	1564		CWE-125	0	13519		
1482_vtls_c_1530_sailor-wmi-2-type-confusion-leak	LLM_FP	FP		vtls.c	1530		CWE-125	0	13519		
1490_vtls_c_1480_sailor-wmi-2-type-confusion-leak	LLM_FP	FP		vtls.c	1480		CWE-125	0	13519		
1496_vtls_c_1459_sailor-wmi-2-type-confusion-leak	LLM_FP	FP		vtls.c	1459		CWE-125	0	13519		
1504_vtls_c_1340_sailor-wmi-2-type-confusion-leak	LLM_FP	FP		vtls.c	1340		CWE-125	0	13519		
1510_vtls_c_1309_sailor-wmi-2-type-confusion-leak	LLM_FP	FP		vtls.c	1309		CWE-125	0	13519		
1511_vtls_c_1297_sailor-wmi-2-type-confusion-leak	LLM_FP	FP		vtls.c	1297		CWE-125	0	13519		
2003_vtls_c_1878_sailor-kernel-lifecycle-mismatch	LLM_FP	FP		vtls.c	1878		CWE-416	0	13519		
2005_vtls_c_1878_sailor-kernel-lifecycle-mismatch	LLM_FP	FP		vtls.c	1878		CWE-416	0	13519		
2006_vtls_c_1880_sailor-kernel-lifecycle-mismatch	LLM_FP	FP		vtls.c	1880		CWE-416	0	13519		
2007_vtls_c_1882_sailor-kernel-lifecycle-mismatch	LLM_FP	FP		vtls.c	1882		CWE-416	0	13519		
2008_vtls_c_1889_sailor-kernel-lifecycle-mismatch	LLM_FP	FP		vtls.c	1889		CWE-416	0	13519		
2009_vtls_c_1879_sailor-kernel-lifecycle-mismatch	LLM_FP	FP		vtls.c	1879		CWE-416	0	13519		
2031_vtls_c_277_sailor-kernel-lifecycle-mismatch	LLM_FP	FP		vtls.c	277		CWE-416	0	13519		
2032_vtls_c_278_sailor-kernel-lifecycle-mismatch	LLM_FP	FP		vtls.c	278		CWE-416	0	13519		
2033_vtls_c_279_sailor-kernel-lifecycle-mismatch	LLM_FP	FP		vtls.c	279		CWE-416	0	13519		
0389_multi_c_2922_local-cpp-cwe-125-cursor-lookahead-missing-bytes-check	LLM_FP	FP		multi.c	2922		CWE-125	0	13519		
0408_multi_c_1632_local-cpp-cwe-125-cursor-lookahead-missing-bytes-check	LLM_FP	FP		multi.c	1632		CWE-125	0	13519		
0409_multi_c_1650_local-cpp-cwe-125-cursor-lookahead-missing-bytes-check	LLM_FP	FP		multi.c	1650		CWE-125	0	13519		
0442_multi_c_1442_local-cpp-cwe-125-cursor-lookahead-missing-bytes-check	LLM_FP	FP		multi.c	1442		CWE-125	0	13519		
0443_multi_c_1443_local-cpp-cwe-125-cursor-lookahead-missing-bytes-check	LLM_FP	FP		multi.c	1443		CWE-125	0	13519		
0444_multi_c_1541_local-cpp-cwe-125-cursor-lookahead-missing-bytes-check	LLM_FP	FP		multi.c	1541		CWE-125	0	13519		
0445_multi_c_1550_local-cpp-cwe-125-cursor-lookahead-missing-bytes-check	LLM_FP	FP		multi.c	1550		CWE-125	0	13519		
0480_multi_c_471_local-cpp-cwe-125-cursor-lookahead-missing-bytes-check	LLM_FP	FP		multi.c	471		CWE-125	0	13519		
0509_multi_c_298_local-cpp-cwe-125-cursor-lookahead-missing-bytes-check	LLM_FP	FP		multi.c	298		CWE-125	0	13519		
0510_multi_c_299_local-cpp-cwe-125-cursor-lookahead-missing-bytes-check	LLM_FP	FP		multi.c	299		CWE-125	0	13519		
1910_multi_c_3968_sailor-kernel-lifecycle-mismatch	LLM_FP	FP		multi.c	3968		CWE-416	0	13519		
1911_multi_c_3923_sailor-kernel-lifecycle-mismatch	LLM_FP	FP		multi.c	3923		CWE-416	0	13519		
1912_multi_c_3869_sailor-kernel-lifecycle-mismatch	LLM_FP	FP		multi.c	3869		CWE-416	0	13519		
1947_multi_c_2879_sailor-kernel-lifecycle-mismatch	LLM_FP	FP		multi.c	2879		CWE-416	0	13519		
1948_multi_c_2882_sailor-kernel-lifecycle-mismatch	LLM_FP	FP		multi.c	2882		CWE-416	0	13519		
1949_multi_c_2886_sailor-kernel-lifecycle-mismatch	LLM_FP	FP		multi.c	2886		CWE-416	0	13519		
1950_multi_c_2900_sailor-kernel-lifecycle-mismatch	LLM_FP	FP		multi.c	2900		CWE-416	0	13519		
1951_multi_c_2901_sailor-kernel-lifecycle-mismatch	LLM_FP	FP		multi.c	2901		CWE-416	0	13519		
1952_multi_c_2902_sailor-kernel-lifecycle-mismatch	LLM_FP	FP		multi.c	2902		CWE-416	0	13519		
1953_multi_c_2903_sailor-kernel-lifecycle-mismatch	LLM_FP	FP		multi.c	2903		CWE-416	0	13519		
1954_multi_c_2903_sailor-kernel-lifecycle-mismatch	LLM_FP	FP		multi.c	2903		CWE-416	0	13519		
1955_multi_c_2904_sailor-kernel-lifecycle-mismatch	LLM_FP	FP		multi.c	2904		CWE-416	0	13519		
1956_multi_c_2905_sailor-kernel-lifecycle-mismatch	LLM_FP	FP		multi.c	2905		CWE-416	0	13519		
1961_multi_c_765_sailor-kernel-lifecycle-mismatch	LLM_FP	FP		multi.c	765		CWE-416	0	13519		
1962_multi_c_769_sailor-kernel-lifecycle-mismatch	LLM_FP	FP		multi.c	769		CWE-416	0	13519		
1963_multi_c_788_sailor-kernel-lifecycle-mismatch	LLM_FP	FP		multi.c	788		CWE-416	0	13519		
1964_multi_c_793_sailor-kernel-lifecycle-mismatch	LLM_FP	FP		multi.c	793		CWE-416	0	13519		
1965_multi_c_796_sailor-kernel-lifecycle-mismatch	LLM_FP	FP		multi.c	796		CWE-416	0	13519		
1966_multi_c_814_sailor-kernel-lifecycle-mismatch	LLM_FP	FP		multi.c	814		CWE-416	0	13519		
1967_multi_c_824_sailor-kernel-lifecycle-mismatch	LLM_FP	FP		multi.c	824		CWE-416	0	13519		
1968_multi_c_873_sailor-kernel-lifecycle-mismatch	LLM_FP	FP		multi.c	873		CWE-416	0	13519		
0055_mqtt_c_621_local-cpp-cwe-120-overflow	LLM_FP	FP		mqtt.c	621		CWE-120	0	13519		
0056_mqtt_c_625_local-cpp-cwe-120-overflow	LLM_FP	FP		mqtt.c	625		CWE-120	0	13519		
0057_mqtt_c_627_local-cpp-cwe-120-overflow	LLM_FP	FP		mqtt.c	627		CWE-120	0	13519		
0059_mqtt_c_524_local-cpp-cwe-120-overflow	LLM_FP	FP		mqtt.c	524		CWE-120	0	13519		
0060_mqtt_c_529_local-cpp-cwe-120-overflow	LLM_FP	FP		mqtt.c	529		CWE-120	0	13519		
0063_mqtt_c_284_local-cpp-cwe-120-overflow	LLM_FP	FP		mqtt.c	284		CWE-120	0	13519		
0064_mqtt_c_273_local-cpp-cwe-120-overflow	LLM_FP	FP		mqtt.c	273		CWE-120	0	13519		
0065_mqtt_c_261_local-cpp-cwe-120-overflow	LLM_FP	FP		mqtt.c	261		CWE-120	0	13519		
0066_mqtt_c_243_local-cpp-cwe-120-overflow	LLM_FP	FP		mqtt.c	243		CWE-120	0	13519		
0336_mqtt_c_563_local-cpp-cwe-125-cursor-lookahead-missing-bytes-check	LLM_FP	FP		mqtt.c	563		CWE-125	0	13519		
0337_mqtt_c_564_local-cpp-cwe-125-cursor-lookahead-missing-bytes-check	LLM_FP	FP		mqtt.c	564		CWE-125	0	13519		
0338_mqtt_c_565_local-cpp-cwe-125-cursor-lookahead-missing-bytes-check	LLM_FP	FP		mqtt.c	565		CWE-125	0	13519		
0340_mqtt_c_523_local-cpp-cwe-125-cursor-lookahead-missing-bytes-check	LLM_FP	FP		mqtt.c	523		CWE-125	0	13519		
0345_mqtt_c_461_local-cpp-cwe-125-cursor-lookahead-missing-bytes-check	LLM_FP	FP		mqtt.c	461		CWE-125	0	13519		
0346_mqtt_c_463_local-cpp-cwe-125-cursor-lookahead-missing-bytes-check	LLM_FP	FP		mqtt.c	463		CWE-125	0	13519		
0360_mqtt_c_282_local-cpp-cwe-125-cursor-lookahead-missing-bytes-check	LLM_FP	FP		mqtt.c	282		CWE-125	0	13519		
0581_mqtt_c_621_local-cpp-cwe-787-oob-write	LLM_FP	FP		mqtt.c	621		CWE-787	0	13519		
0582_mqtt_c_625_local-cpp-cwe-787-oob-write	LLM_FP	FP		mqtt.c	625		CWE-787	0	13519		
0583_mqtt_c_627_local-cpp-cwe-787-oob-write	LLM_FP	FP		mqtt.c	627		CWE-787	0	13519		
0584_mqtt_c_529_local-cpp-cwe-787-oob-write	LLM_FP	FP		mqtt.c	529		CWE-787	0	13519		
0585_mqtt_c_273_local-cpp-cwe-787-oob-write	LLM_FP	FP		mqtt.c	273		CWE-787	0	13519		
0586_mqtt_c_261_local-cpp-cwe-787-oob-write	LLM_FP	FP		mqtt.c	261		CWE-787	0	13519		
0587_mqtt_c_243_local-cpp-cwe-787-oob-write	LLM_FP	FP		mqtt.c	243		CWE-787	0	13519		
0607_mqtt_c_621_local-cpp-cwe-823-pointer-offset	LLM_FP	FP		mqtt.c	621		CWE-823	0	13519		
0608_mqtt_c_625_local-cpp-cwe-823-pointer-offset	LLM_FP	FP		mqtt.c	625		CWE-823	0	13519		
0609_mqtt_c_627_local-cpp-cwe-823-pointer-offset	LLM_FP	FP		mqtt.c	627		CWE-823	0	13519		
0610_mqtt_c_529_local-cpp-cwe-823-pointer-offset	LLM_FP	FP		mqtt.c	529		CWE-823	0	13519		
0611_mqtt_c_273_local-cpp-cwe-823-pointer-offset	LLM_FP	FP		mqtt.c	273		CWE-823	0	13519		
0612_mqtt_c_261_local-cpp-cwe-823-pointer-offset	LLM_FP	FP		mqtt.c	261		CWE-823	0	13519		
0613_mqtt_c_243_local-cpp-cwe-823-pointer-offset	LLM_FP	FP		mqtt.c	243		CWE-823	0	13519		
0068_mime_c_1271_local-cpp-cwe-120-overflow	LLM_FP	FP		mime.c	1271		CWE-120	0	13519		
0079_mime_c_867_local-cpp-cwe-120-overflow	LLM_FP	FP		mime.c	867		CWE-120	0	13519		
0080_mime_c_763_local-cpp-cwe-120-overflow	LLM_FP	FP		mime.c	763		CWE-120	0	13519		
0082_mime_c_655_local-cpp-cwe-120-overflow	LLM_FP	FP		mime.c	655		CWE-120	0	13519		
0083_mime_c_619_local-cpp-cwe-120-overflow	LLM_FP	FP		mime.c	619		CWE-120	0	13519		
0086_mime_c_382_local-cpp-cwe-120-overflow	LLM_FP	FP		mime.c	382		CWE-120	0	13519		
0383_mime_c_548_local-cpp-cwe-125-cursor-lookahead-missing-bytes-check	LLM_FP	FP		mime.c	548		CWE-125	0	13519		
0384_mime_c_549_local-cpp-cwe-125-cursor-lookahead-missing-bytes-check	LLM_FP	FP		mime.c	549		CWE-125	0	13519		
0385_mime_c_550_local-cpp-cwe-125-cursor-lookahead-missing-bytes-check	LLM_FP	FP		mime.c	550		CWE-125	0	13519		
0386_mime_c_563_local-cpp-cwe-125-cursor-lookahead-missing-bytes-check	LLM_FP	FP		mime.c	563		CWE-125	0	13519		
0387_mime_c_579_local-cpp-cwe-125-cursor-lookahead-missing-bytes-check	LLM_FP	FP		mime.c	579		CWE-125	0	13519		
0388_mime_c_585_local-cpp-cwe-125-cursor-lookahead-missing-bytes-check	LLM_FP	FP		mime.c	585		CWE-125	0	13519		
0391_mime_c_473_local-cpp-cwe-125-cursor-lookahead-missing-bytes-check	LLM_FP	FP		mime.c	473		CWE-125	0	13519		
0392_mime_c_483_local-cpp-cwe-125-cursor-lookahead-missing-bytes-check	LLM_FP	FP		mime.c	483		CWE-125	0	13519		
0393_mime_c_484_local-cpp-cwe-125-cursor-lookahead-missing-bytes-check	LLM_FP	FP		mime.c	484		CWE-125	0	13519		
0394_mime_c_486_local-cpp-cwe-125-cursor-lookahead-missing-bytes-check	LLM_FP	FP		mime.c	486		CWE-125	0	13519		
0766_mime_c_1212_sailor-wmi-2-type-confusion-leak	LLM_FP	FP		mime.c	1212		CWE-125	0	13519		
0767_mime_c_682_sailor-wmi-2-type-confusion-leak	LLM_FP	FP		mime.c	682		CWE-125	0	13519		
1913_mime_c_1168_sailor-kernel-lifecycle-mismatch	LLM_FP	FP		mime.c	1168		CWE-416	0	13519		
1914_mime_c_1169_sailor-kernel-lifecycle-mismatch	LLM_FP	FP		mime.c	1169		CWE-416	0	13519		
1915_mime_c_1170_sailor-kernel-lifecycle-mismatch	LLM_FP	FP		mime.c	1170		CWE-416	0	13519		
1916_mime_c_1170_sailor-kernel-lifecycle-mismatch	LLM_FP	FP		mime.c	1170		CWE-416	0	13519		
1917_mime_c_1128_sailor-kernel-lifecycle-mismatch	LLM_FP	FP		mime.c	1128		CWE-416	0	13519		
1918_mime_c_1129_sailor-kernel-lifecycle-mismatch	LLM_FP	FP		mime.c	1129		CWE-416	0	13519		
1919_mime_c_1130_sailor-kernel-lifecycle-mismatch	LLM_FP	FP		mime.c	1130		CWE-416	0	13519		
1920_mime_c_1115_sailor-kernel-lifecycle-mismatch	LLM_FP	FP		mime.c	1115		CWE-416	0	13519		
1944_mime_c_729_sailor-kernel-lifecycle-mismatch	LLM_FP	FP		mime.c	729		CWE-416	0	13519		
1945_mime_c_730_sailor-kernel-lifecycle-mismatch	LLM_FP	FP		mime.c	730		CWE-416	0	13519		
1946_mime_c_731_sailor-kernel-lifecycle-mismatch	LLM_FP	FP		mime.c	731		CWE-416	0	13519		
0129_tool_writeout_c_827_local-cpp-cwe-120-overflow	LLM_FP	FP		tool_writeout.c	827		CWE-120	0	13519		
0131_tool_writeout_c_683_local-cpp-cwe-120-overflow	LLM_FP	FP		tool_writeout.c	683		CWE-120	0	13519		
0247_tool_writeout_c_807_local-cpp-cwe-125-oob-read	LLM_FP	FP		tool_writeout.c	807		CWE-125	0	13519		
0248_tool_writeout_c_811_local-cpp-cwe-125-oob-read	LLM_FP	FP		tool_writeout.c	811		CWE-125	0	13519		
0249_tool_writeout_c_814_local-cpp-cwe-125-oob-read	LLM_FP	FP		tool_writeout.c	814		CWE-125	0	13519		
0250_tool_writeout_c_673_local-cpp-cwe-125-oob-read	LLM_FP	FP		tool_writeout.c	673		CWE-125	0	13519		
0251_tool_writeout_c_676_local-cpp-cwe-125-oob-read	LLM_FP	FP		tool_writeout.c	676		CWE-125	0	13519		
0542_tool_writeout_c_738_local-cpp-cwe-125-cursor-lookahead-missing-bytes-check	LLM_FP	FP		tool_writeout.c	738		CWE-125	0	13519		
0543_tool_writeout_c_739_local-cpp-cwe-125-cursor-lookahead-missing-bytes-check	LLM_FP	FP		tool_writeout.c	739		CWE-125	0	13519		
0544_tool_writeout_c_748_local-cpp-cwe-125-cursor-lookahead-missing-bytes-check	LLM_FP	FP		tool_writeout.c	748		CWE-125	0	13519		
0545_tool_writeout_c_817_local-cpp-cwe-125-cursor-lookahead-missing-bytes-check	REPRODUCER_BUILD_FAIL	REPRODUCER_BUILD_FAIL	heap-buffer-overflow	tool_writeout.c	817		CWE-125	0	13519		
0546_tool_writeout_c_847_local-cpp-cwe-125-cursor-lookahead-missing-bytes-check	LLM_FP	FP		tool_writeout.c	847		CWE-125	0	13519		
0547_tool_writeout_c_852_local-cpp-cwe-125-cursor-lookahead-missing-bytes-check	LLM_FP	FP		tool_writeout.c	852		CWE-125	0	13519		
0548_tool_writeout_c_853_local-cpp-cwe-125-cursor-lookahead-missing-bytes-check	LLM_FP	FP		tool_writeout.c	853		CWE-125	0	13519		
0549_tool_writeout_c_866_local-cpp-cwe-125-cursor-lookahead-missing-bytes-check	LLM_FP	FP		tool_writeout.c	866		CWE-125	0	13519		
0556_tool_writeout_c_622_local-cpp-cwe-125-cursor-lookahead-missing-bytes-check	LLM_FP	FP		tool_writeout.c	622		CWE-125	0	13519		
0559_tool_writeout_c_639_local-cpp-cwe-125-cursor-lookahead-missing-bytes-check	LLM_FP	FP		tool_writeout.c	639		CWE-125	0	13519		
0560_tool_writeout_c_640_local-cpp-cwe-125-cursor-lookahead-missing-bytes-check	LLM_FP	FP		tool_writeout.c	640		CWE-125	0	13519		
0570_tool_writeout_c_366_local-cpp-cwe-125-cursor-lookahead-missing-bytes-check	LLM_FP	FP		tool_writeout.c	366		CWE-125	0	13519		
1449_tool_writeout_c_727_sailor-wmi-2-type-confusion-leak	LLM_FP	FP		tool_writeout.c	727		CWE-125	0	13519		
1495_tool_writeout_c_691_sailor-wmi-2-type-confusion-leak	LLM_FP	FP		tool_writeout.c	691		CWE-125	0	13519		
1519_tool_writeout_c_503_sailor-wmi-2-type-confusion-leak	LLM_FP	FP		tool_writeout.c	503		CWE-125	0	13519		
1537_tool_writeout_c_445_sailor-wmi-2-type-confusion-leak	LLM_FP	FP		tool_writeout.c	445		CWE-125	0	13519		
1543_tool_writeout_c_299_sailor-wmi-2-type-confusion-leak	LLM_FP	FP		tool_writeout.c	299		CWE-125	0	13519		
1544_tool_writeout_c_312_sailor-wmi-2-type-confusion-leak	LLM_FP	FP		tool_writeout.c	312		CWE-125	0	13519		
1545_tool_writeout_c_277_sailor-wmi-2-type-confusion-leak	LLM_FP	FP		tool_writeout.c	277		CWE-125	0	13519		
1546_tool_writeout_c_279_sailor-wmi-2-type-confusion-leak	LLM_FP	FP		tool_writeout.c	279		CWE-125	0	13519		
1547_tool_writeout_c_205_sailor-wmi-2-type-confusion-leak	LLM_FP	FP		tool_writeout.c	205		CWE-125	0	13519		
1548_tool_writeout_c_169_sailor-wmi-2-type-confusion-leak	LLM_FP	FP		tool_writeout.c	169		CWE-125	0	13519		
0403_socks_c_985_local-cpp-cwe-125-cursor-lookahead-missing-bytes-check	LLM_FP	FP		socks.c	985		CWE-125	0	13519		
0404_socks_c_989_local-cpp-cwe-125-cursor-lookahead-missing-bytes-check	LLM_FP	FP		socks.c	989		CWE-125	0	13519		
0405_socks_c_991_local-cpp-cwe-125-cursor-lookahead-missing-bytes-check	LLM_FP	FP		socks.c	991		CWE-125	0	13519		
0406_socks_c_1013_local-cpp-cwe-125-cursor-lookahead-missing-bytes-check	LLM_FP	FP		socks.c	1013		CWE-125	0	13519		
0407_socks_c_1018_local-cpp-cwe-125-cursor-lookahead-missing-bytes-check	LLM_FP	FP		socks.c	1018		CWE-125	0	13519		
0420_socks_c_759_local-cpp-cwe-125-cursor-lookahead-missing-bytes-check	LLM_FP	FP		socks.c	759		CWE-125	0	13519		
0425_socks_c_762_local-cpp-cwe-125-cursor-lookahead-missing-bytes-check	LLM_FP	FP		socks.c	762		CWE-125	0	13519		
0433_socks_c_721_local-cpp-cwe-125-cursor-lookahead-missing-bytes-check	LLM_FP	FP		socks.c	721		CWE-125	0	13519		
0434_socks_c_722_local-cpp-cwe-125-cursor-lookahead-missing-bytes-check	LLM_FP	FP		socks.c	722		CWE-125	0	13519		
0439_socks_c_731_local-cpp-cwe-125-cursor-lookahead-missing-bytes-check	LLM_FP	FP		socks.c	731		CWE-125	0	13519		
0440_socks_c_653_local-cpp-cwe-125-cursor-lookahead-missing-bytes-check	LLM_FP	FP		socks.c	653		CWE-125	0	13519		
0441_socks_c_658_local-cpp-cwe-125-cursor-lookahead-missing-bytes-check	LLM_FP	FP		socks.c	658		CWE-125	0	13519		
0447_socks_c_418_local-cpp-cwe-125-cursor-lookahead-missing-bytes-check	LLM_FP	FP		socks.c	418		CWE-125	0	13519		
0448_socks_c_424_local-cpp-cwe-125-cursor-lookahead-missing-bytes-check	LLM_FP	FP		socks.c	424		CWE-125	0	13519		
0449_socks_c_433_local-cpp-cwe-125-cursor-lookahead-missing-bytes-check	LLM_FP	FP		socks.c	433		CWE-125	0	13519		
0450_socks_c_434_local-cpp-cwe-125-cursor-lookahead-missing-bytes-check	LLM_FP	FP		socks.c	434		CWE-125	0	13519		
0451_socks_c_441_local-cpp-cwe-125-cursor-lookahead-missing-bytes-check	LLM_FP	FP		socks.c	441		CWE-125	0	13519		
0452_socks_c_442_local-cpp-cwe-125-cursor-lookahead-missing-bytes-check	LLM_FP	FP		socks.c	442		CWE-125	0	13519		
0453_socks_c_449_local-cpp-cwe-125-cursor-lookahead-missing-bytes-check	LLM_FP	FP		socks.c	449		CWE-125	0	13519		
0454_socks_c_450_local-cpp-cwe-125-cursor-lookahead-missing-bytes-check	LLM_FP	FP		socks.c	450		CWE-125	0	13519		
0455_socks_c_456_local-cpp-cwe-125-cursor-lookahead-missing-bytes-check	LLM_FP	FP		socks.c	456		CWE-125	0	13519		
0456_socks_c_457_local-cpp-cwe-125-cursor-lookahead-missing-bytes-check	LLM_FP	FP		socks.c	457		CWE-125	0	13519		
0460_socks_c_271_local-cpp-cwe-125-cursor-lookahead-missing-bytes-check	LLM_FP	FP		socks.c	271		CWE-125	0	13519		
0461_socks_c_272_local-cpp-cwe-125-cursor-lookahead-missing-bytes-check	LLM_FP	FP		socks.c	272		CWE-125	0	13519		
0462_socks_c_273_local-cpp-cwe-125-cursor-lookahead-missing-bytes-check	LLM_FP	FP		socks.c	273		CWE-125	0	13519		
0463_socks_c_274_local-cpp-cwe-125-cursor-lookahead-missing-bytes-check	LLM_FP	FP		socks.c	274		CWE-125	0	13519		
0130_var_c_407_local-cpp-cwe-120-overflow	LLM_FP	FP		var.c	407		CWE-120	0	13519		
0132_var_c_357_local-cpp-cwe-120-overflow	LLM_FP	FP		var.c	357		CWE-120	0	13519		
0135_var_c_268_local-cpp-cwe-120-overflow	LLM_FP	FP		var.c	268		CWE-120	0	13519		
0252_var_c_249_local-cpp-cwe-125-oob-read	LLM_FP	FP		var.c	249		CWE-125	0	13519		
0253_var_c_307_local-cpp-cwe-125-oob-read	LLM_FP	FP		var.c	307		CWE-125	0	13519		
0254_var_c_95_local-cpp-cwe-125-oob-read	LLM_FP	FP		var.c	95		CWE-125	0	13519		
0255_var_c_114_local-cpp-cwe-125-oob-read	LLM_FP	FP		var.c	114		CWE-125	0	13519		
0256_var_c_124_local-cpp-cwe-125-oob-read	LLM_FP	FP		var.c	124		CWE-125	0	13519		
0257_var_c_142_local-cpp-cwe-125-oob-read	LLM_FP	FP		var.c	142		CWE-125	0	13519		
0258_var_c_162_local-cpp-cwe-125-oob-read	LLM_FP	FP		var.c	162		CWE-125	0	13519		
0259_var_c_53_local-cpp-cwe-125-oob-read	REPRODUCER_BUILD_FAIL	REPRODUCER_BUILD_FAIL	heap-buffer-overflow	var.c	53		CWE-125	0	13519		
0550_var_c_423_local-cpp-cwe-125-cursor-lookahead-missing-bytes-check	LLM_FP	FP		var.c	423		CWE-125	0	13519		
0740_var_c_45_sailor-cpp-CWE-416-DirectFreeArgUseFast	LLM_FP	FP		var.c	45		CWE-416	0	13519		
1501_var_c_353_sailor-wmi-2-type-confusion-leak	LLM_FP	FP		var.c	353		CWE-125	0	13519		
1502_var_c_357_sailor-wmi-2-type-confusion-leak	LLM_FP	FP		var.c	357		CWE-125	0	13519		
1503_var_c_361_sailor-wmi-2-type-confusion-leak	LLM_FP	FP		var.c	361		CWE-125	0	13519		
1538_var_c_53_sailor-wmi-2-type-confusion-leak	LLM_FP	FP		var.c	53		CWE-125	0	13519		
1539_var_c_53_sailor-wmi-2-type-confusion-leak	LLM_FP	FP		var.c	53		CWE-125	0	13519		
1540_var_c_56_sailor-wmi-2-type-confusion-leak	LLM_FP	FP		var.c	56		CWE-125	0	13519		
1541_var_c_43_sailor-wmi-2-type-confusion-leak	LLM_FP	FP		var.c	43		CWE-125	0	13519		
1542_var_c_44_sailor-wmi-2-type-confusion-leak	LLM_FP	FP		var.c	44		CWE-125	0	13519		
1839_var_c_44_sailor-wmi-3-arbitrary-free-stale-traversal	LLM_FP	FP		var.c	44		CWE-416	0	13519		
1840_var_c_45_sailor-wmi-3-arbitrary-free-stale-traversal	LLM_FP	FP		var.c	45		CWE-416	0	13519		
2029_var_c_40_sailor-kernel-lifecycle-mismatch	LLM_FP	FP		var.c	40		CWE-416	0	13519		
2030_var_c_43_sailor-kernel-lifecycle-mismatch	LLM_FP	FP		var.c	43		CWE-416	0	13519		
0110_tool_cb_hdr_c_374_local-cpp-cwe-120-overflow	LLM_FP	FP		tool_cb_hdr.c	374		CWE-120	0	13519		
0229_tool_cb_hdr_c_196_local-cpp-cwe-125-oob-read	LLM_FP	FP		tool_cb_hdr.c	196		CWE-125	0	13519		
0230_tool_cb_hdr_c_268_local-cpp-cwe-125-oob-read	LLM_FP	FP		tool_cb_hdr.c	268		CWE-125	0	13519		
0231_tool_cb_hdr_c_292_local-cpp-cwe-125-oob-read	LLM_FP	FP		tool_cb_hdr.c	292		CWE-125	0	13519		
0515_tool_cb_hdr_c_275_local-cpp-cwe-125-cursor-lookahead-missing-bytes-check	LLM_FP	FP		tool_cb_hdr.c	275		CWE-125	0	13519		
0516_tool_cb_hdr_c_275_local-cpp-cwe-125-cursor-lookahead-missing-bytes-check	LLM_FP	FP		tool_cb_hdr.c	275		CWE-125	0	13519		
0763_tool_cb_hdr_c_387_sailor-cpp-uaf-free-then-return-intra.min	LLM_FP	FP		tool_cb_hdr.c	387		CWE-416	0	13519		
0776_tool_cb_hdr_c_87_sailor-wmi-2-type-confusion-leak	LLM_FP	FP		tool_cb_hdr.c	87		CWE-125	0	13519		
0777_tool_cb_hdr_c_88_sailor-wmi-2-type-confusion-leak	LLM_FP	FP		tool_cb_hdr.c	88		CWE-125	0	13519		
0778_tool_cb_hdr_c_89_sailor-wmi-2-type-confusion-leak	LLM_FP	FP		tool_cb_hdr.c	89		CWE-125	0	13519		
0779_tool_cb_hdr_c_90_sailor-wmi-2-type-confusion-leak	LLM_FP	FP		tool_cb_hdr.c	90		CWE-125	0	13519		
0780_tool_cb_hdr_c_96_sailor-wmi-2-type-confusion-leak	LLM_FP	FP		tool_cb_hdr.c	96		CWE-125	0	13519		
0781_tool_cb_hdr_c_116_sailor-wmi-2-type-confusion-leak	LLM_FP	FP		tool_cb_hdr.c	116		CWE-125	0	13519		
0782_tool_cb_hdr_c_116_sailor-wmi-2-type-confusion-leak	LLM_FP	FP		tool_cb_hdr.c	116		CWE-125	0	13519		
0783_tool_cb_hdr_c_122_sailor-wmi-2-type-confusion-leak	LLM_FP	FP		tool_cb_hdr.c	122		CWE-125	0	13519		
0784_tool_cb_hdr_c_122_sailor-wmi-2-type-confusion-leak	LLM_FP	FP		tool_cb_hdr.c	122		CWE-125	0	13519		
0794_tool_cb_hdr_c_127_sailor-wmi-2-type-confusion-leak	LLM_FP	FP		tool_cb_hdr.c	127		CWE-125	0	13519		
0809_tool_cb_hdr_c_131_sailor-wmi-2-type-confusion-leak	LLM_FP	FP		tool_cb_hdr.c	131		CWE-125	0	13519		
0821_tool_cb_hdr_c_267_sailor-wmi-2-type-confusion-leak	LLM_FP	FP		tool_cb_hdr.c	267		CWE-125	0	13519		
0822_tool_cb_hdr_c_270_sailor-wmi-2-type-confusion-leak	LLM_FP	FP		tool_cb_hdr.c	270		CWE-125	0	13519		
0823_tool_cb_hdr_c_273_sailor-wmi-2-type-confusion-leak	LLM_FP	FP		tool_cb_hdr.c	273		CWE-125	0	13519		
0824_tool_cb_hdr_c_278_sailor-wmi-2-type-confusion-leak	LLM_FP	FP		tool_cb_hdr.c	278		CWE-125	0	13519		
0825_tool_cb_hdr_c_284_sailor-wmi-2-type-confusion-leak	LLM_FP	FP		tool_cb_hdr.c	284		CWE-125	0	13519		
0826_tool_cb_hdr_c_300_sailor-wmi-2-type-confusion-leak	LLM_FP	FP		tool_cb_hdr.c	300		CWE-125	0	13519		
0113_tool_cb_rea_c_139_local-cpp-cwe-120-overflow	LLM_FP	FP		tool_cb_rea.c	139		CWE-120	0	13519		
0785_tool_cb_rea_c_174_sailor-wmi-2-type-confusion-leak	LLM_FP	FP		tool_cb_rea.c	174		CWE-125	0	13519		
0786_tool_cb_rea_c_182_sailor-wmi-2-type-confusion-leak	LLM_FP	FP		tool_cb_rea.c	182		CWE-125	0	13519		
0787_tool_cb_rea_c_185_sailor-wmi-2-type-confusion-leak	LLM_FP	FP		tool_cb_rea.c	185		CWE-125	0	13519		
0788_tool_cb_rea_c_193_sailor-wmi-2-type-confusion-leak	LLM_FP	FP		tool_cb_rea.c	193		CWE-125	0	13519		
0789_tool_cb_rea_c_198_sailor-wmi-2-type-confusion-leak	LLM_FP	FP		tool_cb_rea.c	198		CWE-125	0	13519		
0790_tool_cb_rea_c_91_sailor-wmi-2-type-confusion-leak	LLM_FP	FP		tool_cb_rea.c	91		CWE-125	0	13519		
0791_tool_cb_rea_c_93_sailor-wmi-2-type-confusion-leak	LLM_FP	FP		tool_cb_rea.c	93		CWE-125	0	13519		
0792_tool_cb_rea_c_94_sailor-wmi-2-type-confusion-leak	LLM_FP	FP		tool_cb_rea.c	94		CWE-125	0	13519		
0793_tool_cb_rea_c_94_sailor-wmi-2-type-confusion-leak	LLM_FP	FP		tool_cb_rea.c	94		CWE-125	0	13519		
0795_tool_cb_rea_c_99_sailor-wmi-2-type-confusion-leak	LLM_FP	FP		tool_cb_rea.c	99		CWE-125	0	13519		
0796_tool_cb_rea_c_101_sailor-wmi-2-type-confusion-leak	LLM_FP	FP		tool_cb_rea.c	101		CWE-125	0	13519		
0797_tool_cb_rea_c_103_sailor-wmi-2-type-confusion-leak	LLM_FP	FP		tool_cb_rea.c	103		CWE-125	0	13519		
0798_tool_cb_rea_c_121_sailor-wmi-2-type-confusion-leak	LLM_FP	FP		tool_cb_rea.c	121		CWE-125	0	13519		
0799_tool_cb_rea_c_121_sailor-wmi-2-type-confusion-leak	LLM_FP	FP		tool_cb_rea.c	121		CWE-125	0	13519		
0800_tool_cb_rea_c_121_sailor-wmi-2-type-confusion-leak	LLM_FP	FP		tool_cb_rea.c	121		CWE-125	0	13519		
0801_tool_cb_rea_c_135_sailor-wmi-2-type-confusion-leak	LLM_FP	FP		tool_cb_rea.c	135		CWE-125	0	13519		
0802_tool_cb_rea_c_150_sailor-wmi-2-type-confusion-leak	LLM_FP	FP		tool_cb_rea.c	150		CWE-125	0	13519		
0803_tool_cb_rea_c_151_sailor-wmi-2-type-confusion-leak	LLM_FP	FP		tool_cb_rea.c	151		CWE-125	0	13519		
0804_tool_cb_rea_c_151_sailor-wmi-2-type-confusion-leak	LLM_FP	FP		tool_cb_rea.c	151		CWE-125	0	13519		
0805_tool_cb_rea_c_153_sailor-wmi-2-type-confusion-leak	LLM_FP	FP		tool_cb_rea.c	153		CWE-125	0	13519		
0806_tool_cb_rea_c_153_sailor-wmi-2-type-confusion-leak	LLM_FP	FP		tool_cb_rea.c	153		CWE-125	0	13519		
0807_tool_cb_rea_c_157_sailor-wmi-2-type-confusion-leak	LLM_FP	FP		tool_cb_rea.c	157		CWE-125	0	13519		
0808_tool_cb_rea_c_157_sailor-wmi-2-type-confusion-leak	LLM_FP	FP		tool_cb_rea.c	157		CWE-125	0	13519		
0053_http_c_4727_local-cpp-cwe-120-overflow	LLM_FP	FP	heap-buffer-overflow	http.c	4727		CWE-120	0	13519		
0054_http_c_4605_local-cpp-cwe-120-overflow	LLM_FP	FP	heap-buffer-overflow	http.c	4605		CWE-120	0	13519		
0090_http_c_1952_local-cpp-cwe-120-overflow	LLM_FP	FP	heap-buffer-overflow	http.c	1952		CWE-120	0	13519		
0174_http_c_4367_local-cpp-cwe-125-oob-read	LLM_FP	FP	heap-buffer-overflow	http.c	4367		CWE-125	0	13519		
0175_http_c_4176_local-cpp-cwe-125-oob-read	LLM_FP	FP		http.c	4176		CWE-125	0	13519		
0176_http_c_3753_local-cpp-cwe-125-oob-read	LLM_FP	FP	heap-buffer-overflow	http.c	3753		CWE-125	0	13519		
0177_http_c_3766_local-cpp-cwe-125-oob-read	LLM_FP	FP	heap-buffer-overflow	http.c	3766		CWE-125	0	13519		
0201_http_c_2081_local-cpp-cwe-125-oob-read	LLM_FP	FP	heap-buffer-overflow	http.c	2081		CWE-125	0	13519		
0206_http_c_1705_local-cpp-cwe-125-oob-read	LLM_FP	FP	heap-buffer-overflow	http.c	1705		CWE-125	0	13519		
0339_http_c_4326_local-cpp-cwe-125-cursor-lookahead-missing-bytes-check	LLM_FP	FP		http.c	4326		CWE-125	0	13519		
0341_http_c_4353_local-cpp-cwe-125-cursor-lookahead-missing-bytes-check	LLM_FP	FP		http.c	4353		CWE-125	0	13519		
0344_http_c_4445_local-cpp-cwe-125-cursor-lookahead-missing-bytes-check	LLM_FP	FP		http.c	4445		CWE-125	0	13519		
0349_http_c_4181_local-cpp-cwe-125-cursor-lookahead-missing-bytes-check	LLM_FP	FP		http.c	4181		CWE-125	0	13519		
0350_http_c_4181_local-cpp-cwe-125-cursor-lookahead-missing-bytes-check	LLM_FP	FP		http.c	4181		CWE-125	0	13519		
0351_http_c_4182_local-cpp-cwe-125-cursor-lookahead-missing-bytes-check	LLM_FP	FP		http.c	4182		CWE-125	0	13519		
0352_http_c_4183_local-cpp-cwe-125-cursor-lookahead-missing-bytes-check	LLM_FP	FP		http.c	4183		CWE-125	0	13519		
0353_http_c_4185_local-cpp-cwe-125-cursor-lookahead-missing-bytes-check	LLM_FP	FP		http.c	4185		CWE-125	0	13519		
0354_http_c_4186_local-cpp-cwe-125-cursor-lookahead-missing-bytes-check	LLM_FP	FP		http.c	4186		CWE-125	0	13519		
0355_http_c_4187_local-cpp-cwe-125-cursor-lookahead-missing-bytes-check	LLM_FP	FP		http.c	4187		CWE-125	0	13519		
0356_http_c_4201_local-cpp-cwe-125-cursor-lookahead-missing-bytes-check	LLM_FP	FP		http.c	4201		CWE-125	0	13519		
0357_http_c_4205_local-cpp-cwe-125-cursor-lookahead-missing-bytes-check	LLM_FP	FP		http.c	4205		CWE-125	0	13519		
0358_http_c_4206_local-cpp-cwe-125-cursor-lookahead-missing-bytes-check	LLM_FP	FP		http.c	4206		CWE-125	0	13519		
0359_http_c_4207_local-cpp-cwe-125-cursor-lookahead-missing-bytes-check	LLM_FP	FP		http.c	4207		CWE-125	0	13519		
0088_ftp_c_957_local-cpp-cwe-120-overflow	LLM_FP	FP		ftp.c	957		CWE-120	0	13519		
0091_ftp_c_1049_local-cpp-cwe-120-overflow	LLM_FP	FP		ftp.c	1049		CWE-120	0	13519		
0171_ftp_c_4378_local-cpp-cwe-125-oob-read	LLM_FP	FP		ftp.c	4378		CWE-125	0	13519		
0172_ftp_c_4243_local-cpp-cwe-125-oob-read	LLM_FP	FP		ftp.c	4243		CWE-125	0	13519		
0185_ftp_c_2488_local-cpp-cwe-125-oob-read	LLM_FP	FP		ftp.c	2488		CWE-125	0	13519		
0187_ftp_c_2314_local-cpp-cwe-125-oob-read	LLM_FP	FP		ftp.c	2314		CWE-125	0	13519		
0212_ftp_c_365_local-cpp-cwe-125-oob-read	LLM_FP	FP		ftp.c	365		CWE-125	0	13519		
0332_ftp_c_4380_local-cpp-cwe-125-cursor-lookahead-missing-bytes-check	LLM_FP	FP		ftp.c	4380		CWE-125	0	13519		
0334_ftp_c_4232_local-cpp-cwe-125-cursor-lookahead-missing-bytes-check	LLM_FP	FP		ftp.c	4232		CWE-125	0	13519		
0347_ftp_c_3769_local-cpp-cwe-125-cursor-lookahead-missing-bytes-check	LLM_FP	FP		ftp.c	3769		CWE-125	0	13519		
0348_ftp_c_3773_local-cpp-cwe-125-cursor-lookahead-missing-bytes-check	LLM_FP	FP		ftp.c	3773		CWE-125	0	13519		
0361_ftp_c_3269_local-cpp-cwe-125-cursor-lookahead-missing-bytes-check	LLM_FP	FP		ftp.c	3269		CWE-125	0	13519		
0365_ftp_c_2677_local-cpp-cwe-125-cursor-lookahead-missing-bytes-check	LLM_FP	FP		ftp.c	2677		CWE-125	0	13519		
0370_ftp_c_2020_local-cpp-cwe-125-cursor-lookahead-missing-bytes-check	LLM_FP	FP		ftp.c	2020		CWE-125	0	13519		
0371_ftp_c_1817_local-cpp-cwe-125-cursor-lookahead-missing-bytes-check	LLM_FP	FP		ftp.c	1817		CWE-125	0	13519		
0373_ftp_c_1818_local-cpp-cwe-125-cursor-lookahead-missing-bytes-check	LLM_FP	FP		ftp.c	1818		CWE-125	0	13519		
0378_ftp_c_1868_local-cpp-cwe-125-cursor-lookahead-missing-bytes-check	LLM_FP	FP		ftp.c	1868		CWE-125	0	13519		
0379_ftp_c_1874_local-cpp-cwe-125-cursor-lookahead-missing-bytes-check	LLM_FP	FP		ftp.c	1874		CWE-125	0	13519		
0380_ftp_c_1879_local-cpp-cwe-125-cursor-lookahead-missing-bytes-check	LLM_FP	FP		ftp.c	1879		CWE-125	0	13519		
0395_ftp_c_805_local-cpp-cwe-125-cursor-lookahead-missing-bytes-check	LLM_FP	FP		ftp.c	805		CWE-125	0	13519		
0400_ftp_c_546_local-cpp-cwe-125-cursor-lookahead-missing-bytes-check	LLM_FP	FP		ftp.c	546		CWE-125	0	13519		
0402_ftp_c_353_local-cpp-cwe-125-cursor-lookahead-missing-bytes-check	LLM_FP	FP		ftp.c	353		CWE-125	0	13519		
1960_ftp_c_312_sailor-kernel-lifecycle-mismatch	LLM_FP	FP		ftp.c	312		CWE-416	0	13519		
0084_tftp_c_1089_local-cpp-cwe-120-overflow	LLM_FP	FP		tftp.c	1089		CWE-120	0	13519		
0085_tftp_c_1108_local-cpp-cwe-120-overflow	LLM_FP	FP		tftp.c	1108		CWE-120	0	13519		
0192_tftp_c_1369_local-cpp-cwe-125-oob-read	LLM_FP	FP	oob-read	tftp.c	1369		CWE-125	0	13519		
0193_tftp_c_1373_local-cpp-cwe-125-oob-read	LLM_FP	FP	oob-read	tftp.c	1373		CWE-125	0	13519		
0200_tftp_c_1099_local-cpp-cwe-125-oob-read	LLM_FP	FP		tftp.c	1099		CWE-125	0	13519		
0202_tftp_c_733_local-cpp-cwe-125-oob-read	LLM_FP	FP		tftp.c	733		CWE-125	0	13519		
0203_tftp_c_778_local-cpp-cwe-125-oob-read	LLM_FP	FP		tftp.c	778		CWE-125	0	13519		
0204_tftp_c_804_local-cpp-cwe-125-oob-read	LLM_FP	FP		tftp.c	804		CWE-125	0	13519		
0205_tftp_c_822_local-cpp-cwe-125-oob-read	LLM_FP	FP		tftp.c	822		CWE-125	0	13519		
0207_tftp_c_606_local-cpp-cwe-125-oob-read	LLM_FP	FP		tftp.c	606		CWE-125	0	13519		
0208_tftp_c_631_local-cpp-cwe-125-oob-read	LLM_FP	FP		tftp.c	631		CWE-125	0	13519		
0209_tftp_c_657_local-cpp-cwe-125-oob-read	LLM_FP	FP		tftp.c	657		CWE-125	0	13519		
0210_tftp_c_671_local-cpp-cwe-125-oob-read	LLM_FP	FP		tftp.c	671		CWE-125	0	13519		
0211_tftp_c_522_local-cpp-cwe-125-oob-read	LLM_FP	FP		tftp.c	522		CWE-125	0	13519		
0213_tftp_c_276_local-cpp-cwe-125-oob-read	LLM_FP	FP		tftp.c	276		CWE-125	0	13519		
0401_tftp_c_458_local-cpp-cwe-125-cursor-lookahead-missing-bytes-check	LLM_FP	FP		tftp.c	458		CWE-125	0	13519		
0411_tftp_c_271_local-cpp-cwe-125-cursor-lookahead-missing-bytes-check	LLM_FP	FP		tftp.c	271		CWE-125	0	13519		
0412_tftp_c_266_local-cpp-cwe-125-cursor-lookahead-missing-bytes-check	LLM_FP	FP		tftp.c	266		CWE-125	0	13519		
0413_tftp_c_260_local-cpp-cwe-125-cursor-lookahead-missing-bytes-check	LLM_FP	FP		tftp.c	260		CWE-125	0	13519		
0414_tftp_c_261_local-cpp-cwe-125-cursor-lookahead-missing-bytes-check	LLM_FP	FP		tftp.c	261		CWE-125	0	13519		
0415_tftp_c_254_local-cpp-cwe-125-cursor-lookahead-missing-bytes-check	LLM_FP	FP		tftp.c	254		CWE-125	0	13519		
0416_tftp_c_255_local-cpp-cwe-125-cursor-lookahead-missing-bytes-check	LLM_FP	FP		tftp.c	255		CWE-125	0	13519		
1921_splay_c_223_sailor-kernel-lifecycle-mismatch	LLM_FP	FP		splay.c	223		CWE-416	0	13519		
1922_splay_c_227_sailor-kernel-lifecycle-mismatch	LLM_FP	FP		splay.c	227		CWE-416	0	13519		
1923_splay_c_227_sailor-kernel-lifecycle-mismatch	LLM_FP	FP		splay.c	227		CWE-416	0	13519		
1924_splay_c_227_sailor-kernel-lifecycle-mismatch	LLM_FP	FP		splay.c	227		CWE-416	0	13519		
1925_splay_c_228_sailor-kernel-lifecycle-mismatch	LLM_FP	FP		splay.c	228		CWE-416	0	13519		
1926_splay_c_228_sailor-kernel-lifecycle-mismatch	LLM_FP	FP		splay.c	228		CWE-416	0	13519		
1927_splay_c_228_sailor-kernel-lifecycle-mismatch	LLM_FP	FP		splay.c	228		CWE-416	0	13519		
1928_splay_c_231_sailor-kernel-lifecycle-mismatch	LLM_FP	FP		splay.c	231		CWE-416	0	13519		
1929_splay_c_253_sailor-kernel-lifecycle-mismatch	LLM_FP	FP		splay.c	253		CWE-416	0	13519		
1930_splay_c_259_sailor-kernel-lifecycle-mismatch	LLM_FP	FP		splay.c	259		CWE-416	0	13519		
1931_splay_c_259_sailor-kernel-lifecycle-mismatch	LLM_FP	FP		splay.c	259		CWE-416	0	13519		
1932_splay_c_260_sailor-kernel-lifecycle-mismatch	LLM_FP	FP		splay.c	260		CWE-416	0	13519		
1933_splay_c_260_sailor-kernel-lifecycle-mismatch	LLM_FP	FP		splay.c	260		CWE-416	0	13519		
1934_splay_c_261_sailor-kernel-lifecycle-mismatch	LLM_FP	FP		splay.c	261		CWE-416	0	13519		
1935_splay_c_261_sailor-kernel-lifecycle-mismatch	LLM_FP	FP		splay.c	261		CWE-416	0	13519		
1936_splay_c_262_sailor-kernel-lifecycle-mismatch	LLM_FP	FP		splay.c	262		CWE-416	0	13519		
1937_splay_c_262_sailor-kernel-lifecycle-mismatch	LLM_FP	FP		splay.c	262		CWE-416	0	13519		
1938_splay_c_266_sailor-kernel-lifecycle-mismatch	LLM_FP	FP		splay.c	266		CWE-416	0	13519		
1939_splay_c_267_sailor-kernel-lifecycle-mismatch	LLM_FP	FP		splay.c	267		CWE-416	0	13519		
1940_splay_c_269_sailor-kernel-lifecycle-mismatch	LLM_FP	FP		splay.c	269		CWE-416	0	13519		
1941_splay_c_271_sailor-kernel-lifecycle-mismatch	LLM_FP	FP		splay.c	271		CWE-416	0	13519		
1942_splay_c_271_sailor-kernel-lifecycle-mismatch	LLM_FP	FP		splay.c	271		CWE-416	0	13519		
0552_tool_progress_c_290_local-cpp-cwe-125-cursor-lookahead-missing-bytes-check	LLM_FP	FP		tool_progress.c	290		CWE-125	0	13519		
0553_tool_progress_c_290_local-cpp-cwe-125-cursor-lookahead-missing-bytes-check	LLM_FP	FP		tool_progress.c	290		CWE-125	0	13519		
0554_tool_progress_c_291_local-cpp-cwe-125-cursor-lookahead-missing-bytes-check	LLM_FP	FP		tool_progress.c	291		CWE-125	0	13519		
0555_tool_progress_c_291_local-cpp-cwe-125-cursor-lookahead-missing-bytes-check	LLM_FP	FP		tool_progress.c	291		CWE-125	0	13519		
0557_tool_progress_c_297_local-cpp-cwe-125-cursor-lookahead-missing-bytes-check	LLM_FP	FP		tool_progress.c	297		CWE-125	0	13519		
0558_tool_progress_c_297_local-cpp-cwe-125-cursor-lookahead-missing-bytes-check	LLM_FP	FP		tool_progress.c	297		CWE-125	0	13519		
1453_tool_progress_c_307_sailor-wmi-2-type-confusion-leak	LLM_FP	FP		tool_progress.c	307		CWE-125	0	13519		
1455_tool_progress_c_308_sailor-wmi-2-type-confusion-leak	LLM_FP	FP		tool_progress.c	308		CWE-125	0	13519		
1461_tool_progress_c_309_sailor-wmi-2-type-confusion-leak	LLM_FP	FP		tool_progress.c	309		CWE-125	0	13519		
1463_tool_progress_c_310_sailor-wmi-2-type-confusion-leak	LLM_FP	FP		tool_progress.c	310		CWE-125	0	13519		
1464_tool_progress_c_313_sailor-wmi-2-type-confusion-leak	LLM_FP	FP		tool_progress.c	313		CWE-125	0	13519		
1465_tool_progress_c_314_sailor-wmi-2-type-confusion-leak	LLM_FP	FP		tool_progress.c	314		CWE-125	0	13519		
1487_tool_progress_c_195_sailor-wmi-2-type-confusion-leak	LLM_FP	FP		tool_progress.c	195		CWE-125	0	13519		
1488_tool_progress_c_196_sailor-wmi-2-type-confusion-leak	LLM_FP	FP		tool_progress.c	196		CWE-125	0	13519		
1489_tool_progress_c_197_sailor-wmi-2-type-confusion-leak	LLM_FP	FP		tool_progress.c	197		CWE-125	0	13519		
1491_tool_progress_c_204_sailor-wmi-2-type-confusion-leak	LLM_FP	FP		tool_progress.c	204		CWE-125	0	13519		
1494_tool_progress_c_194_sailor-wmi-2-type-confusion-leak	LLM_FP	FP		tool_progress.c	194		CWE-125	0	13519		
1505_tool_progress_c_71_sailor-wmi-2-type-confusion-leak	LLM_FP	FP		tool_progress.c	71		CWE-125	0	13519		
1506_tool_progress_c_77_sailor-wmi-2-type-confusion-leak	LLM_FP	FP		tool_progress.c	77		CWE-125	0	13519		
1507_tool_progress_c_80_sailor-wmi-2-type-confusion-leak	LLM_FP	FP		tool_progress.c	80		CWE-125	0	13519		
1508_tool_progress_c_82_sailor-wmi-2-type-confusion-leak	LLM_FP	FP		tool_progress.c	82		CWE-125	0	13519		
1509_tool_setopt_c_683_sailor-wmi-2-type-confusion-leak	LLM_FP	FP		tool_setopt.c	683		CWE-125	0	13519		
1552_tool_setopt_c_559_sailor-wmi-2-type-confusion-leak	LLM_FP	FP		tool_setopt.c	559		CWE-125	0	13519		
1553_tool_setopt_c_540_sailor-wmi-2-type-confusion-leak	LLM_FP	FP		tool_setopt.c	540		CWE-125	0	13519		
1554_tool_setopt_c_544_sailor-wmi-2-type-confusion-leak	LLM_FP	FP		tool_setopt.c	544		CWE-125	0	13519		
1555_tool_setopt_c_408_sailor-wmi-2-type-confusion-leak	LLM_FP	FP		tool_setopt.c	408		CWE-125	0	13519		
1556_tool_setopt_c_411_sailor-wmi-2-type-confusion-leak	LLM_FP	FP		tool_setopt.c	411		CWE-125	0	13519		
1557_tool_setopt_c_412_sailor-wmi-2-type-confusion-leak	LLM_FP	FP		tool_setopt.c	412		CWE-125	0	13519		
1558_tool_setopt_c_421_sailor-wmi-2-type-confusion-leak	LLM_FP	FP		tool_setopt.c	421		CWE-125	0	13519		
1559_tool_setopt_c_434_sailor-wmi-2-type-confusion-leak	LLM_FP	FP		tool_setopt.c	434		CWE-125	0	13519		
1560_tool_setopt_c_447_sailor-wmi-2-type-confusion-leak	LLM_FP	FP		tool_setopt.c	447		CWE-125	0	13519		
1561_tool_setopt_c_450_sailor-wmi-2-type-confusion-leak	LLM_FP	FP		tool_setopt.c	450		CWE-125	0	13519		
1562_tool_setopt_c_475_sailor-wmi-2-type-confusion-leak	LLM_FP	FP		tool_setopt.c	475		CWE-125	0	13519		
1563_tool_setopt_c_476_sailor-wmi-2-type-confusion-leak	LLM_FP	FP		tool_setopt.c	476		CWE-125	0	13519		
1564_tool_setopt_c_489_sailor-wmi-2-type-confusion-leak	LLM_FP	FP		tool_setopt.c	489		CWE-125	0	13519		
1565_tool_setopt_c_490_sailor-wmi-2-type-confusion-leak	LLM_FP	FP		tool_setopt.c	490		CWE-125	0	13519		
1566_tool_setopt_c_496_sailor-wmi-2-type-confusion-leak	LLM_FP	FP		tool_setopt.c	496		CWE-125	0	13519		
1567_tool_setopt_c_497_sailor-wmi-2-type-confusion-leak	LLM_FP	FP		tool_setopt.c	497		CWE-125	0	13519		
1568_tool_setopt_c_503_sailor-wmi-2-type-confusion-leak	LLM_FP	FP		tool_setopt.c	503		CWE-125	0	13519		
1569_tool_setopt_c_506_sailor-wmi-2-type-confusion-leak	LLM_FP	FP		tool_setopt.c	506		CWE-125	0	13519		
0123_tool_paramhlp_c_457_local-cpp-cwe-120-overflow	LLM_FP	FP		tool_paramhlp.c	457		CWE-120	0	13519		
0532_tool_paramhlp_c_409_local-cpp-cwe-125-cursor-lookahead-missing-bytes-check	LLM_FP	FP		tool_paramhlp.c	409		CWE-125	0	13519		
0533_tool_paramhlp_c_453_local-cpp-cwe-125-cursor-lookahead-missing-bytes-check	LLM_FP	FP		tool_paramhlp.c	453		CWE-125	0	13519		
0534_tool_paramhlp_c_475_local-cpp-cwe-125-cursor-lookahead-missing-bytes-check	LLM_FP	FP		tool_paramhlp.c	475		CWE-125	0	13519		
0535_tool_paramhlp_c_485_local-cpp-cwe-125-cursor-lookahead-missing-bytes-check	LLM_FP	FP		tool_paramhlp.c	485		CWE-125	0	13519		
1216_tool_paramhlp_c_676_sailor-wmi-2-type-confusion-leak	LLM_FP	FP		tool_paramhlp.c	676		CWE-125	0	13519		
1217_tool_paramhlp_c_678_sailor-wmi-2-type-confusion-leak	LLM_FP	FP		tool_paramhlp.c	678		CWE-125	0	13519		
1219_tool_paramhlp_c_682_sailor-wmi-2-type-confusion-leak	LLM_FP	FP		tool_paramhlp.c	682		CWE-125	0	13519		
1225_tool_paramhlp_c_683_sailor-wmi-2-type-confusion-leak	LLM_FP	FP		tool_paramhlp.c	683		CWE-125	0	13519		
1227_tool_paramhlp_c_684_sailor-wmi-2-type-confusion-leak	LLM_FP	FP		tool_paramhlp.c	684		CWE-125	0	13519		
1229_tool_paramhlp_c_685_sailor-wmi-2-type-confusion-leak	LLM_FP	FP		tool_paramhlp.c	685		CWE-125	0	13519		
1230_tool_paramhlp_c_691_sailor-wmi-2-type-confusion-leak	LLM_FP	FP		tool_paramhlp.c	691		CWE-125	0	13519		
1231_tool_paramhlp_c_691_sailor-wmi-2-type-confusion-leak	LLM_FP	FP		tool_paramhlp.c	691		CWE-125	0	13519		
1234_tool_paramhlp_c_692_sailor-wmi-2-type-confusion-leak	LLM_FP	FP		tool_paramhlp.c	692		CWE-125	0	13519		
1235_tool_paramhlp_c_695_sailor-wmi-2-type-confusion-leak	LLM_FP	FP		tool_paramhlp.c	695		CWE-125	0	13519		
1236_tool_paramhlp_c_696_sailor-wmi-2-type-confusion-leak	LLM_FP	FP		tool_paramhlp.c	696		CWE-125	0	13519		
1390_tool_paramhlp_c_38_sailor-wmi-2-type-confusion-leak	LLM_FP	FP		tool_paramhlp.c	38		CWE-125	0	13519		
1392_tool_paramhlp_c_51_sailor-wmi-2-type-confusion-leak	LLM_FP	FP		tool_paramhlp.c	51		CWE-125	0	13519		
0012_cookie_c_626_local-cpp-cwe-120-overflow	LLM_FP	FP		cookie.c	626		CWE-120	0	13519		
0141_cookie_c_673_local-cpp-cwe-125-oob-read	LLM_FP	FP		cookie.c	673		CWE-125	0	13519		
0142_cookie_c_711_local-cpp-cwe-125-oob-read	LLM_FP	FP		cookie.c	711		CWE-125	0	13519		
0143_cookie_c_711_local-cpp-cwe-125-oob-read	LLM_FP	FP		cookie.c	711		CWE-125	0	13519		
0145_cookie_c_496_local-cpp-cwe-125-oob-read	LLM_FP	FP		cookie.c	496		CWE-125	0	13519		
0146_cookie_c_502_local-cpp-cwe-125-oob-read	LLM_FP	FP		cookie.c	502		CWE-125	0	13519		
0147_cookie_c_504_local-cpp-cwe-125-oob-read	LLM_FP	FP		cookie.c	504		CWE-125	0	13519		
0148_cookie_c_559_local-cpp-cwe-125-oob-read	LLM_FP	FP		cookie.c	559		CWE-125	0	13519		
0150_cookie_c_334_local-cpp-cwe-125-oob-read	LLM_FP	FP		cookie.c	334		CWE-125	0	13519		
0151_cookie_c_140_local-cpp-cwe-125-oob-read	LLM_FP	FP		cookie.c	140		CWE-125	0	13519		
0274_cookie_c_1444_local-cpp-cwe-125-cursor-lookahead-missing-bytes-check	LLM_FP	FP		cookie.c	1444		CWE-125	0	13519		
0285_cookie_c_861_local-cpp-cwe-125-cursor-lookahead-missing-bytes-check	LLM_FP	FP		cookie.c	861		CWE-125	0	13519		
0286_cookie_c_678_local-cpp-cwe-125-cursor-lookahead-missing-bytes-check	LLM_FP	FP		cookie.c	678		CWE-125	0	13519		
0287_cookie_c_693_local-cpp-cwe-125-cursor-lookahead-missing-bytes-check	LLM_FP	FP		cookie.c	693		CWE-125	0	13519		
0292_cookie_c_230_local-cpp-cwe-125-cursor-lookahead-missing-bytes-check	LLM_FP	FP		cookie.c	230		CWE-125	0	13519		
0293_cookie_c_239_local-cpp-cwe-125-cursor-lookahead-missing-bytes-check	LLM_FP	FP		cookie.c	239		CWE-125	0	13519		
0306_cookie_c_121_local-cpp-cwe-125-cursor-lookahead-missing-bytes-check	LLM_FP	FP		cookie.c	121		CWE-125	0	13519		
0103_ntlm_c_766_local-cpp-cwe-120-overflow	LLM_FP	FP		ntlm.c	766		CWE-120	0	13519		
0104_ntlm_c_782_local-cpp-cwe-120-overflow	LLM_FP	FP		ntlm.c	782		CWE-120	0	13519		
0105_ntlm_c_809_local-cpp-cwe-120-overflow	LLM_FP	FP		ntlm.c	809		CWE-120	0	13519		
0106_ntlm_c_817_local-cpp-cwe-120-overflow	LLM_FP	FP		ntlm.c	817		CWE-120	0	13519		
0107_ntlm_c_825_local-cpp-cwe-120-overflow	LLM_FP	FP		ntlm.c	825		CWE-120	0	13519		
0109_ntlm_c_372_local-cpp-cwe-120-overflow	LLM_FP	FP		ntlm.c	372		CWE-120	0	13519		
0227_ntlm_c_364_local-cpp-cwe-125-oob-read	LLM_FP	FP		ntlm.c	364		CWE-125	0	13519		
0590_ntlm_c_766_local-cpp-cwe-787-oob-write	LLM_FP	FP		ntlm.c	766		CWE-787	0	13519		
0591_ntlm_c_782_local-cpp-cwe-787-oob-write	LLM_FP	FP		ntlm.c	782		CWE-787	0	13519		
0592_ntlm_c_809_local-cpp-cwe-787-oob-write	LLM_FP	FP		ntlm.c	809		CWE-787	0	13519		
0593_ntlm_c_817_local-cpp-cwe-787-oob-write	LLM_FP	FP		ntlm.c	817		CWE-787	0	13519		
0594_ntlm_c_825_local-cpp-cwe-787-oob-write	LLM_FP	FP		ntlm.c	825		CWE-787	0	13519		
0616_ntlm_c_766_local-cpp-cwe-823-pointer-offset	LLM_FP	FP		ntlm.c	766		CWE-823	0	13519		
0617_ntlm_c_782_local-cpp-cwe-823-pointer-offset	LLM_FP	FP		ntlm.c	782		CWE-823	0	13519		
0618_ntlm_c_809_local-cpp-cwe-823-pointer-offset	LLM_FP	FP		ntlm.c	809		CWE-823	0	13519		
0619_ntlm_c_817_local-cpp-cwe-823-pointer-offset	LLM_FP	FP		ntlm.c	817		CWE-823	0	13519		
0620_ntlm_c_825_local-cpp-cwe-823-pointer-offset	LLM_FP	FP		ntlm.c	825		CWE-823	0	13519		
0006_cf-socket_c_2034_local-cpp-cwe-120-overflow	LLM_FP	FP		cf-socket.c	2034		CWE-120	0	13519		
0013_cf-socket_c_1535_local-cpp-cwe-120-overflow	LLM_FP	FP		cf-socket.c	1535		CWE-120	0	13519		
0027_cf-socket_c_318_local-cpp-cwe-120-overflow	LLM_FP	FP		cf-socket.c	318		CWE-120	0	13519		
0149_cf-socket_c_1468_local-cpp-cwe-125-oob-read	LLM_FP	FP		cf-socket.c	1468		CWE-125	0	13519		
0154_cf-socket_c_533_local-cpp-cwe-125-oob-read	LLM_FP	FP		cf-socket.c	533		CWE-125	0	13519		
0282_cf-socket_c_2031_local-cpp-cwe-125-cursor-lookahead-missing-bytes-check	LLM_FP	FP		cf-socket.c	2031		CWE-125	0	13519		
0288_cf-socket_c_1635_local-cpp-cwe-125-cursor-lookahead-missing-bytes-check	LLM_FP	FP		cf-socket.c	1635		CWE-125	0	13519		
0289_cf-socket_c_1636_local-cpp-cwe-125-cursor-lookahead-missing-bytes-check	LLM_FP	FP		cf-socket.c	1636		CWE-125	0	13519		
0290_cf-socket_c_1637_local-cpp-cwe-125-cursor-lookahead-missing-bytes-check	LLM_FP	FP		cf-socket.c	1637		CWE-125	0	13519		
0291_cf-socket_c_1648_local-cpp-cwe-125-cursor-lookahead-missing-bytes-check	LLM_FP	FP		cf-socket.c	1648		CWE-125	0	13519		
0302_cf-socket_c_1021_local-cpp-cwe-125-cursor-lookahead-missing-bytes-check	LLM_FP	FP		cf-socket.c	1021		CWE-125	0	13519		
1857_cf-socket_c_1012_sailor-kernel-lifecycle-mismatch	LLM_FP	FP		cf-socket.c	1012		CWE-416	0	13519		
1874_cf-socket_c_90_sailor-kernel-lifecycle-mismatch	LLM_FP	FP		cf-socket.c	90		CWE-416	0	13519		
0018_curl_ntlm_core_c_659_local-cpp-cwe-120-overflow	LLM_FP	FP		curl_ntlm_core.c	659		CWE-120	0	13519		
0019_curl_ntlm_core_c_660_local-cpp-cwe-120-overflow	LLM_FP	FP		curl_ntlm_core.c	660		CWE-120	0	13519		
0020_curl_ntlm_core_c_668_local-cpp-cwe-120-overflow	LLM_FP	FP		curl_ntlm_core.c	668		CWE-120	0	13519		
0021_curl_ntlm_core_c_669_local-cpp-cwe-120-overflow	LLM_FP	FP		curl_ntlm_core.c	669		CWE-120	0	13519		
0022_curl_ntlm_core_c_613_local-cpp-cwe-120-overflow	LLM_FP	FP		curl_ntlm_core.c	613		CWE-120	0	13519		
0023_curl_ntlm_core_c_615_local-cpp-cwe-120-overflow	LLM_FP	FP		curl_ntlm_core.c	615		CWE-120	0	13519		
0024_curl_ntlm_core_c_618_local-cpp-cwe-120-overflow	LLM_FP	FP		curl_ntlm_core.c	618		CWE-120	0	13519		
0025_curl_ntlm_core_c_627_local-cpp-cwe-120-overflow	LLM_FP	FP		curl_ntlm_core.c	627		CWE-120	0	13519		
0026_curl_ntlm_core_c_446_local-cpp-cwe-120-overflow	LLM_FP	FP		curl_ntlm_core.c	446		CWE-120	0	13519		
0028_curl_ntlm_core_c_368_local-cpp-cwe-120-overflow	LLM_FP	FP		curl_ntlm_core.c	368		CWE-120	0	13519		
0029_curl_ntlm_core_c_395_local-cpp-cwe-120-overflow	LLM_FP	FP		curl_ntlm_core.c	395		CWE-120	0	13519		
0575_curl_ntlm_core_c_368_local-cpp-cwe-787-oob-write	LLM_FP	FP		curl_ntlm_core.c	368		CWE-787	0	13519		
0601_curl_ntlm_core_c_368_local-cpp-cwe-823-pointer-offset	LLM_FP	FP		curl_ntlm_core.c	368		CWE-823	0	13519		
0045_md4_c_398_local-cpp-cwe-120-overflow	LLM_FP	FP		md4.c	398		CWE-120	0	13519		
0046_md4_c_404_local-cpp-cwe-120-overflow	LLM_FP	FP		md4.c	404		CWE-120	0	13519		
0048_md4_c_369_local-cpp-cwe-120-overflow	LLM_FP	FP		md4.c	369		CWE-120	0	13519		
0049_md4_c_373_local-cpp-cwe-120-overflow	LLM_FP	FP		md4.c	373		CWE-120	0	13519		
0051_md4_c_384_local-cpp-cwe-120-overflow	LLM_FP	FP		md4.c	384		CWE-120	0	13519		
0577_md4_c_398_local-cpp-cwe-787-oob-write	LLM_FP	FP		md4.c	398		CWE-787	0	13519		
0578_md4_c_404_local-cpp-cwe-787-oob-write	LLM_FP	FP		md4.c	404		CWE-787	0	13519		
0579_md4_c_369_local-cpp-cwe-787-oob-write	LLM_FP	FP		md4.c	369		CWE-787	0	13519		
0580_md4_c_373_local-cpp-cwe-787-oob-write	LLM_FP	FP		md4.c	373		CWE-787	0	13519		
0603_md4_c_398_local-cpp-cwe-823-pointer-offset	LLM_FP	FP		md4.c	398		CWE-823	0	13519		
0604_md4_c_404_local-cpp-cwe-823-pointer-offset	LLM_FP	FP		md4.c	404		CWE-823	0	13519		
0605_md4_c_369_local-cpp-cwe-823-pointer-offset	LLM_FP	FP		md4.c	369		CWE-823	0	13519		
0606_md4_c_373_local-cpp-cwe-823-pointer-offset	LLM_FP	FP		md4.c	373		CWE-823	0	13519		
0069_select_c_586_local-cpp-cwe-120-overflow	LLM_FP	FP		select.c	586		CWE-120	0	13519		
0070_select_c_588_local-cpp-cwe-120-overflow	LLM_FP	FP		select.c	588		CWE-120	0	13519		
0071_select_c_615_local-cpp-cwe-120-overflow	LLM_FP	FP		select.c	615		CWE-120	0	13519		
0072_select_c_616_local-cpp-cwe-120-overflow	LLM_FP	FP		select.c	616		CWE-120	0	13519		
0073_select_c_551_local-cpp-cwe-120-overflow	LLM_FP	FP		select.c	551		CWE-120	0	13519		
0074_select_c_552_local-cpp-cwe-120-overflow	LLM_FP	FP		select.c	552		CWE-120	0	13519		
0075_select_c_497_local-cpp-cwe-120-overflow	LLM_FP	FP		select.c	497		CWE-120	0	13519		
0078_select_c_371_local-cpp-cwe-120-overflow	LLM_FP	FP		select.c	371		CWE-120	0	13519		
0588_select_c_586_local-cpp-cwe-787-oob-write	LLM_FP	FP		select.c	586		CWE-787	0	13519		
0589_select_c_588_local-cpp-cwe-787-oob-write	LLM_FP	FP		select.c	588		CWE-787	0	13519		
0614_select_c_586_local-cpp-cwe-823-pointer-offset	LLM_FP	FP		select.c	586		CWE-823	0	13519		
0615_select_c_588_local-cpp-cwe-823-pointer-offset	LLM_FP	FP		select.c	588		CWE-823	0	13519		
1943_select_c_357_sailor-kernel-lifecycle-mismatch	LLM_FP	FP		select.c	357		CWE-416	0	13519		
0228_tool_cb_wrt_c_313_local-cpp-cwe-125-oob-read	LLM_FP	FP		tool_cb_wrt.c	313		CWE-125	0	13519		
0810_tool_cb_wrt_c_244_sailor-wmi-2-type-confusion-leak	LLM_FP	FP		tool_cb_wrt.c	244		CWE-125	0	13519		
0811_tool_cb_wrt_c_245_sailor-wmi-2-type-confusion-leak	LLM_FP	FP		tool_cb_wrt.c	245		CWE-125	0	13519		
0812_tool_cb_wrt_c_308_sailor-wmi-2-type-confusion-leak	LLM_FP	FP		tool_cb_wrt.c	308		CWE-125	0	13519		
0813_tool_cb_wrt_c_311_sailor-wmi-2-type-confusion-leak	LLM_FP	FP		tool_cb_wrt.c	311		CWE-125	0	13519		
0814_tool_cb_wrt_c_334_sailor-wmi-2-type-confusion-leak	LLM_FP	FP		tool_cb_wrt.c	334		CWE-125	0	13519		
0815_tool_cb_wrt_c_335_sailor-wmi-2-type-confusion-leak	LLM_FP	FP		tool_cb_wrt.c	335		CWE-125	0	13519		
0816_tool_cb_wrt_c_345_sailor-wmi-2-type-confusion-leak	LLM_FP	FP		tool_cb_wrt.c	345		CWE-125	0	13519		
0817_tool_cb_wrt_c_347_sailor-wmi-2-type-confusion-leak	LLM_FP	FP		tool_cb_wrt.c	347		CWE-125	0	13519		
0818_tool_cb_wrt_c_350_sailor-wmi-2-type-confusion-leak	LLM_FP	FP		tool_cb_wrt.c	350		CWE-125	0	13519		
0819_tool_cb_wrt_c_47_sailor-wmi-2-type-confusion-leak	LLM_FP	FP		tool_cb_wrt.c	47		CWE-125	0	13519		
0820_tool_cb_wrt_c_48_sailor-wmi-2-type-confusion-leak	LLM_FP	FP		tool_cb_wrt.c	48		CWE-125	0	13519		
1970_tool_cb_wrt_c_104_sailor-kernel-lifecycle-mismatch	LLM_FP	FP		tool_cb_wrt.c	104		CWE-416	0	13519		
0294_base64_c_190_local-cpp-cwe-125-cursor-lookahead-missing-bytes-check	LLM_FP	FP		base64.c	190		CWE-125	0	13519		
0295_base64_c_191_local-cpp-cwe-125-cursor-lookahead-missing-bytes-check	LLM_FP	FP		base64.c	191		CWE-125	0	13519		
0296_base64_c_192_local-cpp-cwe-125-cursor-lookahead-missing-bytes-check	LLM_FP	FP		base64.c	192		CWE-125	0	13519		
0297_base64_c_193_local-cpp-cwe-125-cursor-lookahead-missing-bytes-check	LLM_FP	FP		base64.c	193		CWE-125	0	13519		
0298_base64_c_199_local-cpp-cwe-125-cursor-lookahead-missing-bytes-check	LLM_FP	FP		base64.c	199		CWE-125	0	13519		
0299_base64_c_201_local-cpp-cwe-125-cursor-lookahead-missing-bytes-check	LLM_FP	FP		base64.c	201		CWE-125	0	13519		
0300_base64_c_209_local-cpp-cwe-125-cursor-lookahead-missing-bytes-check	LLM_FP	FP		base64.c	209		CWE-125	0	13519		
0301_base64_c_210_local-cpp-cwe-125-cursor-lookahead-missing-bytes-check	LLM_FP	FP		base64.c	210		CWE-125	0	13519		
0303_base64_c_120_local-cpp-cwe-125-cursor-lookahead-missing-bytes-check	LLM_FP	FP		base64.c	120		CWE-125	0	13519		
0304_base64_c_121_local-cpp-cwe-125-cursor-lookahead-missing-bytes-check	LLM_FP	FP		base64.c	121		CWE-125	0	13519		
0305_base64_c_122_local-cpp-cwe-125-cursor-lookahead-missing-bytes-check	LLM_FP	FP		base64.c	122		CWE-125	0	13519		
0307_base64_c_147_local-cpp-cwe-125-cursor-lookahead-missing-bytes-check	LLM_FP	FP		base64.c	147		CWE-125	0	13519		
0308_base64_c_148_local-cpp-cwe-125-cursor-lookahead-missing-bytes-check	LLM_FP	FP		base64.c	148		CWE-125	0	13519		
0309_asyn-thrdd_c_705_local-cpp-cwe-125-cursor-lookahead-missing-bytes-check	LLM_FP	FP		asyn-thrdd.c	705		CWE-125	0	13519		
0310_asyn-thrdd_c_488_local-cpp-cwe-125-cursor-lookahead-missing-bytes-check	LLM_FP	FP		asyn-thrdd.c	488		CWE-125	0	13519		
0311_asyn-thrdd_c_322_local-cpp-cwe-125-cursor-lookahead-missing-bytes-check	LLM_FP	FP		asyn-thrdd.c	322		CWE-125	0	13519		
0312_asyn-thrdd_c_241_local-cpp-cwe-125-cursor-lookahead-missing-bytes-check	LLM_FP	FP		asyn-thrdd.c	241		CWE-125	0	13519		
0314_asyn-thrdd_c_174_local-cpp-cwe-125-cursor-lookahead-missing-bytes-check	LLM_FP	FP		asyn-thrdd.c	174		CWE-125	0	13519		
0315_asyn-thrdd_c_175_local-cpp-cwe-125-cursor-lookahead-missing-bytes-check	LLM_FP	FP		asyn-thrdd.c	175		CWE-125	0	13519		
0316_asyn-thrdd_c_141_local-cpp-cwe-125-cursor-lookahead-missing-bytes-check	LLM_FP	FP		asyn-thrdd.c	141		CWE-125	0	13519		
1868_asyn-thrdd_c_548_sailor-kernel-lifecycle-mismatch	LLM_FP	FP		asyn-thrdd.c	548		CWE-416	0	13519		
1869_asyn-thrdd_c_549_sailor-kernel-lifecycle-mismatch	LLM_FP	FP		asyn-thrdd.c	549		CWE-416	0	13519		
1870_asyn-thrdd_c_306_sailor-kernel-lifecycle-mismatch	LLM_FP	FP		asyn-thrdd.c	306		CWE-416	0	13519		
1871_asyn-thrdd_c_316_sailor-kernel-lifecycle-mismatch	LLM_FP	FP		asyn-thrdd.c	316		CWE-416	0	13519		
1872_asyn-thrdd_c_316_sailor-kernel-lifecycle-mismatch	LLM_FP	FP		asyn-thrdd.c	316		CWE-416	0	13519		
1873_asyn-thrdd_c_339_sailor-kernel-lifecycle-mismatch	LLM_FP	FP		asyn-thrdd.c	339		CWE-416	0	13519		
0537_vtls_scache_c_559_local-cpp-cwe-125-cursor-lookahead-missing-bytes-check	LLM_FP	FP		vtls_scache.c	559		CWE-125	0	13519		
0539_vtls_scache_c_376_local-cpp-cwe-125-cursor-lookahead-missing-bytes-check	LLM_FP	FP		vtls_scache.c	376		CWE-125	0	13519		
0540_vtls_scache_c_387_local-cpp-cwe-125-cursor-lookahead-missing-bytes-check	LLM_FP	FP		vtls_scache.c	387		CWE-125	0	13519		
1991_vtls_scache_c_695_sailor-kernel-lifecycle-mismatch	LLM_FP	FP		vtls_scache.c	695		CWE-416	0	13519		
1992_vtls_scache_c_695_sailor-kernel-lifecycle-mismatch	LLM_FP	FP		vtls_scache.c	695		CWE-416	0	13519		
1993_vtls_scache_c_696_sailor-kernel-lifecycle-mismatch	LLM_FP	FP		vtls_scache.c	696		CWE-416	0	13519		
1994_vtls_scache_c_700_sailor-kernel-lifecycle-mismatch	LLM_FP	FP		vtls_scache.c	700		CWE-416	0	13519		
1995_vtls_scache_c_701_sailor-kernel-lifecycle-mismatch	LLM_FP	FP		vtls_scache.c	701		CWE-416	0	13519		
1996_vtls_scache_c_702_sailor-kernel-lifecycle-mismatch	LLM_FP	FP		vtls_scache.c	702		CWE-416	0	13519		
1997_vtls_scache_c_706_sailor-kernel-lifecycle-mismatch	LLM_FP	FP		vtls_scache.c	706		CWE-416	0	13519		
1998_vtls_scache_c_707_sailor-kernel-lifecycle-mismatch	LLM_FP	FP		vtls_scache.c	707		CWE-416	0	13519		
2002_vtls_scache_c_341_sailor-kernel-lifecycle-mismatch	LLM_FP	FP		vtls_scache.c	341		CWE-416	0	13519		
2004_vtls_scache_c_343_sailor-kernel-lifecycle-mismatch	LLM_FP	FP		vtls_scache.c	343		CWE-416	0	13519		
0108_tool_cb_prg_c_207_local-cpp-cwe-120-overflow	LLM_FP	FP		tool_cb_prg.c	207		CWE-120	0	13519		
0111_tool_cb_prg_c_76_local-cpp-cwe-120-overflow	LLM_FP	FP		tool_cb_prg.c	76		CWE-120	0	13519		
0112_tool_cb_prg_c_79_local-cpp-cwe-120-overflow	LLM_FP	FP		tool_cb_prg.c	79		CWE-120	0	13519		
0514_tool_cb_prg_c_75_local-cpp-cwe-125-cursor-lookahead-missing-bytes-check	LLM_FP	FP		tool_cb_prg.c	75		CWE-125	0	13519		
0595_tool_cb_prg_c_79_local-cpp-cwe-787-oob-write	LLM_FP	FP		tool_cb_prg.c	79		CWE-787	0	13519		
0621_tool_cb_prg_c_79_local-cpp-cwe-823-pointer-offset	LLM_FP	FP		tool_cb_prg.c	79		CWE-823	0	13519		
0770_tool_cb_prg_c_237_sailor-wmi-2-type-confusion-leak	LLM_FP	FP		tool_cb_prg.c	237		CWE-125	0	13519		
0771_tool_cb_prg_c_238_sailor-wmi-2-type-confusion-leak	LLM_FP	FP		tool_cb_prg.c	238		CWE-125	0	13519		
0772_tool_cb_prg_c_134_sailor-wmi-2-type-confusion-leak	LLM_FP	FP		tool_cb_prg.c	134		CWE-125	0	13519		
0773_tool_cb_prg_c_135_sailor-wmi-2-type-confusion-leak	LLM_FP	FP		tool_cb_prg.c	135		CWE-125	0	13519		
0774_tool_cb_prg_c_223_sailor-wmi-2-type-confusion-leak	LLM_FP	FP		tool_cb_prg.c	223		CWE-125	0	13519		
0775_tool_cb_prg_c_225_sailor-wmi-2-type-confusion-leak	LLM_FP	FP		tool_cb_prg.c	225		CWE-125	0	13519		
0000_bufq_c_73_local-cpp-cwe-120-overflow	LLM_FP	FP		bufq.c	73		CWE-120	0	13519		
0001_bufq_c_78_local-cpp-cwe-120-overflow	LLM_FP	FP		bufq.c	78		CWE-120	0	13519		
0002_bufq_c_57_local-cpp-cwe-120-overflow	LLM_FP	FP		bufq.c	57		CWE-120	0	13519		
1841_bufq_c_237_sailor-kernel-lifecycle-mismatch	LLM_FP	FP		bufq.c	237		CWE-416	0	13519		
1842_bufq_c_238_sailor-kernel-lifecycle-mismatch	LLM_FP	FP		bufq.c	238		CWE-416	0	13519		
1843_bufq_c_239_sailor-kernel-lifecycle-mismatch	LLM_FP	FP		bufq.c	239		CWE-416	0	13519		
1844_bufq_c_202_sailor-kernel-lifecycle-mismatch	LLM_FP	FP		bufq.c	202		CWE-416	0	13519		
1845_bufq_c_194_sailor-kernel-lifecycle-mismatch	LLM_FP	FP		bufq.c	194		CWE-416	0	13519		
1846_bufq_c_194_sailor-kernel-lifecycle-mismatch	LLM_FP	FP		bufq.c	194		CWE-416	0	13519		
1847_bufq_c_195_sailor-kernel-lifecycle-mismatch	LLM_FP	FP		bufq.c	195		CWE-416	0	13519		
1848_bufq_c_141_sailor-kernel-lifecycle-mismatch	LLM_FP	FP		bufq.c	141		CWE-416	0	13519		
0138_openssl_c_1797_local-cpp-cwe-120-overflow	LLM_FP	FP		openssl.c	1797		CWE-120	0	13519		
0139_openssl_c_790_local-cpp-cwe-120-overflow	LLM_FP	FP		openssl.c	790		CWE-120	0	13519		
0266_openssl_c_2138_local-cpp-cwe-125-oob-read	LLM_FP	FP		openssl.c	2138		CWE-125	0	13519		
0572_openssl_c_2574_local-cpp-cwe-125-cursor-lookahead-missing-bytes-check	LLM_FP	FP		openssl.c	2574		CWE-125	0	13519		
0573_openssl_c_832_local-cpp-cwe-125-cursor-lookahead-missing-bytes-check	LLM_FP	FP		openssl.c	832		CWE-125	0	13519		
1588_openssl_c_2749_sailor-wmi-2-type-confusion-leak	LLM_FP	FP		openssl.c	2749		CWE-125	0	13519		
1616_openssl_c_2503_sailor-wmi-2-type-confusion-leak	LLM_FP	FP		openssl.c	2503		CWE-125	0	13519		
1719_openssl_c_607_sailor-wmi-2-type-confusion-leak	LLM_FP	FP		openssl.c	607		CWE-125	0	13519		
1721_openssl_c_579_sailor-wmi-2-type-confusion-leak	LLM_FP	FP		openssl.c	579		CWE-125	0	13519		
2034_openssl_c_3194_sailor-kernel-lifecycle-mismatch	LLM_FP	FP		openssl.c	3194		CWE-416	0	13519		
2035_openssl_c_3195_sailor-kernel-lifecycle-mismatch	LLM_FP	FP		openssl.c	3195		CWE-416	0	13519		
0014_conncache_c_87_local-cpp-cwe-120-overflow	LLM_FP	FP	heap-buffer-overflow	conncache.c	87		CWE-120	0	13519		
1858_conncache_c_194_sailor-kernel-lifecycle-mismatch	REPRODUCER_BUILD_FAIL	REPRODUCER_BUILD_FAIL	use-after-free	conncache.c	194		CWE-416	0	13519		
1859_conncache_c_198_sailor-kernel-lifecycle-mismatch	REPRODUCER_BUILD_FAIL	REPRODUCER_BUILD_FAIL	use-after-free	conncache.c	198		CWE-416	0	13519		
1860_conncache_c_199_sailor-kernel-lifecycle-mismatch	LLM_FP	FP	use-after-free	conncache.c	199		CWE-416	0	13519		
1861_conncache_c_202_sailor-kernel-lifecycle-mismatch	LLM_FP	FP	use-after-free	conncache.c	202		CWE-416	0	13519		
1862_conncache_c_202_sailor-kernel-lifecycle-mismatch	REPRODUCER_BUILD_FAIL	REPRODUCER_BUILD_FAIL	use-after-free	conncache.c	202		CWE-416	0	13519		
1863_conncache_c_206_sailor-kernel-lifecycle-mismatch	REPRODUCER_BUILD_FAIL	REPRODUCER_BUILD_FAIL	use-after-free	conncache.c	206		CWE-416	0	13519		
1864_conncache_c_207_sailor-kernel-lifecycle-mismatch	REPRODUCER_BUILD_FAIL	REPRODUCER_BUILD_FAIL	use-after-free	conncache.c	207		CWE-416	0	13519		
1865_conncache_c_210_sailor-kernel-lifecycle-mismatch	LLM_FP	FP	use-after-free	conncache.c	210		CWE-416	0	13519		
1866_conncache_c_210_sailor-kernel-lifecycle-mismatch	REPRODUCER_BUILD_FAIL	REPRODUCER_BUILD_FAIL	use-after-free	conncache.c	210		CWE-416	0	13519		
0118_tool_help_c_367_local-cpp-cwe-120-overflow	LLM_FP	FP		tool_help.c	367		CWE-120	0	13519		
0119_tool_help_c_182_local-cpp-cwe-120-overflow	REPRODUCER_BUILD_FAIL	REPRODUCER_BUILD_FAIL	heap-buffer-overflow	tool_help.c	182		CWE-120	0	13519		
0120_tool_help_c_190_local-cpp-cwe-120-overflow	REPRODUCER_BUILD_FAIL	REPRODUCER_BUILD_FAIL	heap-buffer-overflow	tool_help.c	190		CWE-120	0	13519		
0121_tool_help_c_200_local-cpp-cwe-120-overflow	REPRODUCER_BUILD_FAIL	REPRODUCER_BUILD_FAIL	heap-buffer-overflow	tool_help.c	200		CWE-120	0	13519		
0238_tool_help_c_260_local-cpp-cwe-125-oob-read	LLM_FP	FP		tool_help.c	260		CWE-125	0	13519		
0239_tool_help_c_184_local-cpp-cwe-125-oob-read	LLM_FP	FP		tool_help.c	184		CWE-125	0	13519		
0240_tool_help_c_192_local-cpp-cwe-125-oob-read	LLM_FP	FP		tool_help.c	192		CWE-125	0	13519		
0241_tool_help_c_202_local-cpp-cwe-125-oob-read	LLM_FP	FP		tool_help.c	202		CWE-125	0	13519		
0528_tool_help_c_327_local-cpp-cwe-125-cursor-lookahead-missing-bytes-check	LLM_FP	FP		tool_help.c	327		CWE-125	0	13519		
0530_tool_help_c_348_local-cpp-cwe-125-cursor-lookahead-missing-bytes-check	LLM_FP	FP		tool_help.c	348		CWE-125	0	13519		
0036_http_aws_sigv4_c_826_local-cpp-cwe-120-overflow	LLM_FP	FP		http_aws_sigv4.c	826		CWE-120	0	13519		
0042_http_aws_sigv4_c_481_local-cpp-cwe-120-overflow	LLM_FP	FP		http_aws_sigv4.c	481		CWE-120	0	13519		
0044_http_aws_sigv4_c_342_local-cpp-cwe-120-overflow	LLM_FP	FP		http_aws_sigv4.c	342		CWE-120	0	13519		
0170_http_aws_sigv4_c_161_local-cpp-cwe-125-oob-read	LLM_FP	FP		http_aws_sigv4.c	161		CWE-125	0	13519		
0327_http_aws_sigv4_c_244_local-cpp-cwe-125-cursor-lookahead-missing-bytes-check	LLM_FP	FP		http_aws_sigv4.c	244		CWE-125	0	13519		
0331_http_aws_sigv4_c_347_local-cpp-cwe-125-cursor-lookahead-missing-bytes-check	LLM_FP	FP		http_aws_sigv4.c	347		CWE-125	0	13519		
0576_http_aws_sigv4_c_826_local-cpp-cwe-787-oob-write	LLM_FP	FP		http_aws_sigv4.c	826		CWE-787	0	13519		
0602_http_aws_sigv4_c_826_local-cpp-cwe-823-pointer-offset	LLM_FP	FP		http_aws_sigv4.c	826		CWE-823	0	13519		
1898_http_aws_sigv4_c_665_sailor-kernel-lifecycle-mismatch	LLM_FP	FP		http_aws_sigv4.c	665		CWE-416	0	13519		
0178_pop3_c_823_local-cpp-cwe-125-oob-read	LLM_FP	FP		pop3.c	823		CWE-125	0	13519		
0179_pop3_c_826_local-cpp-cwe-125-oob-read	LLM_FP	FP		pop3.c	826		CWE-125	0	13519		
0180_pop3_c_830_local-cpp-cwe-125-oob-read	LLM_FP	FP		pop3.c	830		CWE-125	0	13519		
0182_pop3_c_309_local-cpp-cwe-125-oob-read	LLM_FP	FP		pop3.c	309		CWE-125	0	13519		
0183_pop3_c_331_local-cpp-cwe-125-oob-read	LLM_FP	FP		pop3.c	331		CWE-125	0	13519		
0366_pop3_c_319_local-cpp-cwe-125-cursor-lookahead-missing-bytes-check	LLM_FP	FP		pop3.c	319		CWE-125	0	13519		
0367_pop3_c_320_local-cpp-cwe-125-cursor-lookahead-missing-bytes-check	LLM_FP	FP		pop3.c	320		CWE-125	0	13519		
0368_pop3_c_338_local-cpp-cwe-125-cursor-lookahead-missing-bytes-check	LLM_FP	FP		pop3.c	338		CWE-125	0	13519		
0369_pop3_c_277_local-cpp-cwe-125-cursor-lookahead-missing-bytes-check	LLM_FP	FP		pop3.c	277		CWE-125	0	13519		
0186_imap_c_1373_local-cpp-cwe-125-oob-read	LLM_FP	FP		imap.c	1373		CWE-125	0	13519		
0188_imap_c_1192_local-cpp-cwe-125-oob-read	LLM_FP	FP		imap.c	1192		CWE-125	0	13519		
0189_imap_c_1194_local-cpp-cwe-125-oob-read	LLM_FP	FP		imap.c	1194		CWE-125	0	13519		
0194_imap_c_327_local-cpp-cwe-125-oob-read	LLM_FP	FP		imap.c	327		CWE-125	0	13519		
0195_imap_c_331_local-cpp-cwe-125-oob-read	LLM_FP	FP		imap.c	331		CWE-125	0	13519		
0196_imap_c_333_local-cpp-cwe-125-oob-read	LLM_FP	FP		imap.c	333		CWE-125	0	13519		
0197_imap_c_342_local-cpp-cwe-125-oob-read	LLM_FP	FP		imap.c	342		CWE-125	0	13519		
0198_imap_c_395_local-cpp-cwe-125-oob-read	LLM_FP	FP		imap.c	395		CWE-125	0	13519		
0390_imap_c_394_local-cpp-cwe-125-cursor-lookahead-missing-bytes-check	LLM_FP	FP		imap.c	394		CWE-125	0	13519		
0190_rtsp_c_1033_local-cpp-cwe-125-oob-read	LLM_FP	FP		rtsp.c	1033		CWE-125	0	13519		
0191_rtsp_c_709_local-cpp-cwe-125-oob-read	LLM_FP	FP		rtsp.c	709		CWE-125	0	13519		
0372_rtsp_c_706_local-cpp-cwe-125-cursor-lookahead-missing-bytes-check	LLM_FP	FP		rtsp.c	706		CWE-125	0	13519		
0374_rtsp_c_707_local-cpp-cwe-125-cursor-lookahead-missing-bytes-check	LLM_FP	FP		rtsp.c	707		CWE-125	0	13519		
0375_rtsp_c_726_local-cpp-cwe-125-cursor-lookahead-missing-bytes-check	LLM_FP	FP		rtsp.c	726		CWE-125	0	13519		
0376_rtsp_c_748_local-cpp-cwe-125-cursor-lookahead-missing-bytes-check	LLM_FP	FP		rtsp.c	748		CWE-125	0	13519		
0377_rtsp_c_749_local-cpp-cwe-125-cursor-lookahead-missing-bytes-check	LLM_FP	FP		rtsp.c	749		CWE-125	0	13519		
0381_rtsp_c_774_local-cpp-cwe-125-cursor-lookahead-missing-bytes-check	LLM_FP	FP		rtsp.c	774		CWE-125	0	13519		
0382_rtsp_c_800_local-cpp-cwe-125-cursor-lookahead-missing-bytes-check	LLM_FP	FP		rtsp.c	800		CWE-125	0	13519		
0536_tool_operhlp_c_199_local-cpp-cwe-125-cursor-lookahead-missing-bytes-check	LLM_FP	FP		tool_operhlp.c	199		CWE-125	0	13519		
0733_tool_operhlp_c_41_sailor-cpp-CWE-416-DirectFreeArgUseFast	LLM_FP	FP		tool_operhlp.c	41		CWE-416	0	13519		
0734_tool_operhlp_c_42_sailor-cpp-CWE-416-DirectFreeArgUseFast	LLM_FP	FP		tool_operhlp.c	42		CWE-416	0	13519		
0735_tool_operhlp_c_43_sailor-cpp-CWE-416-DirectFreeArgUseFast	LLM_FP	FP		tool_operhlp.c	43		CWE-416	0	13519		
1380_tool_operhlp_c_36_sailor-wmi-2-type-confusion-leak	LLM_FP	FP		tool_operhlp.c	36		CWE-125	0	13519		
1381_tool_operhlp_c_39_sailor-wmi-2-type-confusion-leak	LLM_FP	FP		tool_operhlp.c	39		CWE-125	0	13519		
1383_tool_operhlp_c_40_sailor-wmi-2-type-confusion-leak	LLM_FP	FP		tool_operhlp.c	40		CWE-125	0	13519		
1384_tool_operhlp_c_41_sailor-wmi-2-type-confusion-leak	LLM_FP	FP		tool_operhlp.c	41		CWE-125	0	13519		
1385_tool_operhlp_c_42_sailor-wmi-2-type-confusion-leak	LLM_FP	FP		tool_operhlp.c	42		CWE-125	0	13519		
0541_tool_parsecfg_c_147_local-cpp-cwe-125-cursor-lookahead-missing-bytes-check	LLM_FP	FP		tool_parsecfg.c	147		CWE-125	0	13519		
1397_tool_parsecfg_c_217_sailor-wmi-2-type-confusion-leak	LLM_FP	FP		tool_parsecfg.c	217		CWE-125	0	13519		
1399_tool_parsecfg_c_217_sailor-wmi-2-type-confusion-leak	LLM_FP	FP		tool_parsecfg.c	217		CWE-125	0	13519		
1400_tool_parsecfg_c_217_sailor-wmi-2-type-confusion-leak	LLM_FP	FP		tool_parsecfg.c	217		CWE-125	0	13519		
1401_tool_parsecfg_c_220_sailor-wmi-2-type-confusion-leak	LLM_FP	FP		tool_parsecfg.c	220		CWE-125	0	13519		
1402_tool_parsecfg_c_222_sailor-wmi-2-type-confusion-leak	LLM_FP	FP		tool_parsecfg.c	222		CWE-125	0	13519		
1410_tool_parsecfg_c_225_sailor-wmi-2-type-confusion-leak	LLM_FP	FP		tool_parsecfg.c	225		CWE-125	0	13519		
1412_tool_parsecfg_c_226_sailor-wmi-2-type-confusion-leak	LLM_FP	FP		tool_parsecfg.c	226		CWE-125	0	13519		
0116_ws_c_1504_local-cpp-cwe-120-overflow	LLM_FP	FP		ws.c	1504		CWE-120	0	13519		
0122_ws_c_903_local-cpp-cwe-120-overflow	LLM_FP	FP		ws.c	903		CWE-120	0	13519		
0124_ws_c_635_local-cpp-cwe-120-overflow	LLM_FP	FP		ws.c	635		CWE-120	0	13519		
0596_ws_c_1504_local-cpp-cwe-787-oob-write	LLM_FP	FP		ws.c	1504		CWE-787	0	13519		
0597_ws_c_903_local-cpp-cwe-787-oob-write	LLM_FP	FP		ws.c	903		CWE-787	0	13519		
0622_ws_c_1504_local-cpp-cwe-823-pointer-offset	LLM_FP	FP		ws.c	1504		CWE-823	0	13519		
0623_ws_c_903_local-cpp-cwe-823-pointer-offset	LLM_FP	FP		ws.c	903		CWE-823	0	13519		
0161_formdata_c_261_local-cpp-cwe-125-oob-read	LLM_FP	FP		formdata.c	261		CWE-125	0	13519		
1875_formdata_c_674_sailor-kernel-lifecycle-mismatch	LLM_FP	FP		formdata.c	674		CWE-416	0	13519		
1876_formdata_c_677_sailor-kernel-lifecycle-mismatch	LLM_FP	FP		formdata.c	677		CWE-416	0	13519		
1883_formdata_c_293_sailor-kernel-lifecycle-mismatch	LLM_FP	FP		formdata.c	293		CWE-416	0	13519		
1884_formdata_c_294_sailor-kernel-lifecycle-mismatch	LLM_FP	FP		formdata.c	294		CWE-416	0	13519		
1885_formdata_c_295_sailor-kernel-lifecycle-mismatch	LLM_FP	FP		formdata.c	295		CWE-416	0	13519		
1886_formdata_c_157_sailor-kernel-lifecycle-mismatch	LLM_FP	FP		formdata.c	157		CWE-416	0	13519		
0007_curl_addrinfo_c_480_local-cpp-cwe-120-overflow	LLM_FP	FP		curl_addrinfo.c	480		CWE-120	0	13519		
0008_curl_addrinfo_c_482_local-cpp-cwe-120-overflow	LLM_FP	FP		curl_addrinfo.c	482		CWE-120	0	13519		
0009_curl_addrinfo_c_374_local-cpp-cwe-120-overflow	LLM_FP	FP		curl_addrinfo.c	374		CWE-120	0	13519		
0010_curl_addrinfo_c_156_local-cpp-cwe-120-overflow	REPRODUCER_BUILD_FAIL	REPRODUCER_BUILD_FAIL	heap-buffer-overflow	curl_addrinfo.c	156		CWE-120	0	13519		
0011_curl_addrinfo_c_160_local-cpp-cwe-120-overflow	REPRODUCER_BUILD_FAIL	REPRODUCER_BUILD_FAIL	heap-buffer-overflow	curl_addrinfo.c	160		CWE-120	0	13519		
1855_curl_addrinfo_c_76_sailor-kernel-lifecycle-mismatch	LLM_FP	FP		curl_addrinfo.c	76		CWE-416	0	13519		
0030_dynhds_c_164_local-cpp-cwe-120-overflow	LLM_FP	FP		dynhds.c	164		CWE-120	0	13519		
0031_dynhds_c_47_local-cpp-cwe-120-overflow	LLM_FP	FP		dynhds.c	47		CWE-120	0	13519		
0032_dynhds_c_50_local-cpp-cwe-120-overflow	LLM_FP	FP		dynhds.c	50		CWE-120	0	13519		
0158_dynhds_c_200_local-cpp-cwe-125-oob-read	LLM_FP	FP		dynhds.c	200		CWE-125	0	13519		
0159_dynhds_c_213_local-cpp-cwe-125-oob-read	LLM_FP	FP		dynhds.c	213		CWE-125	0	13519		
0160_dynhds_c_215_local-cpp-cwe-125-oob-read	LLM_FP	FP		dynhds.c	215		CWE-125	0	13519		
0052_hostip_c_1330_local-cpp-cwe-120-overflow	LLM_FP	FP		hostip.c	1330		CWE-120	0	13519		
0061_hostip_c_660_local-cpp-cwe-120-overflow	LLM_FP	FP		hostip.c	660		CWE-120	0	13519		
0062_hostip_c_623_local-cpp-cwe-120-overflow	LLM_FP	FP		hostip.c	623		CWE-120	0	13519		
0067_hostip_c_527_local-cpp-cwe-120-overflow	LLM_FP	FP		hostip.c	527		CWE-120	0	13519		
0364_hostip_c_135_local-cpp-cwe-125-cursor-lookahead-missing-bytes-check	REPRODUCER_BUILD_FAIL	REPRODUCER_BUILD_FAIL	heap-buffer-overflow	hostip.c	135		CWE-125	0	13519		
1903_hostip_c_1165_sailor-kernel-lifecycle-mismatch	LLM_FP	FP		hostip.c	1165		CWE-416	0	13519		
0232_url_c_2863_local-cpp-cwe-125-oob-read	LLM_FP	FP	heap-buffer-overflow	url.c	2863		CWE-125	0	13519		
0233_url_c_2569_local-cpp-cwe-125-oob-read	LLM_FP	FP	heap-buffer-overflow	url.c	2569		CWE-125	0	13519		
0234_url_c_2573_local-cpp-cwe-125-oob-read	LLM_FP	FP	heap-buffer-overflow	url.c	2573		CWE-125	0	13519		
1999_url_c_520_sailor-kernel-lifecycle-mismatch	LLM_FP	FP		url.c	520		CWE-416	0	13519		
2000_url_c_520_sailor-kernel-lifecycle-mismatch	LLM_FP	FP		url.c	520		CWE-416	0	13519		
2001_url_c_522_sailor-kernel-lifecycle-mismatch	LLM_FP	FP		url.c	522		CWE-416	0	13519		
0276_curl_endian_c_81_local-cpp-cwe-125-cursor-lookahead-missing-bytes-check	LLM_FP	FP		curl_endian.c	81		CWE-125	0	13519		
0277_curl_endian_c_82_local-cpp-cwe-125-cursor-lookahead-missing-bytes-check	LLM_FP	FP		curl_endian.c	82		CWE-125	0	13519		
0278_curl_endian_c_62_local-cpp-cwe-125-cursor-lookahead-missing-bytes-check	LLM_FP	FP		curl_endian.c	62		CWE-125	0	13519		
0279_curl_endian_c_63_local-cpp-cwe-125-cursor-lookahead-missing-bytes-check	LLM_FP	FP		curl_endian.c	63		CWE-125	0	13519		
0280_curl_endian_c_43_local-cpp-cwe-125-cursor-lookahead-missing-bytes-check	LLM_FP	FP		curl_endian.c	43		CWE-125	0	13519		
0281_curl_endian_c_44_local-cpp-cwe-125-cursor-lookahead-missing-bytes-check	LLM_FP	FP		curl_endian.c	44		CWE-125	0	13519		
1877_curl_share_c_245_sailor-kernel-lifecycle-mismatch	LLM_FP	FP		curl_share.c	245		CWE-416	0	13519		
1878_curl_share_c_249_sailor-kernel-lifecycle-mismatch	LLM_FP	FP		curl_share.c	249		CWE-416	0	13519		
1879_curl_share_c_253_sailor-kernel-lifecycle-mismatch	LLM_FP	FP		curl_share.c	253		CWE-416	0	13519		
1880_curl_share_c_254_sailor-kernel-lifecycle-mismatch	LLM_FP	FP		curl_share.c	254		CWE-416	0	13519		
1881_curl_share_c_255_sailor-kernel-lifecycle-mismatch	LLM_FP	FP		curl_share.c	255		CWE-416	0	13519		
1882_curl_share_c_260_sailor-kernel-lifecycle-mismatch	LLM_FP	FP		curl_share.c	260		CWE-416	0	13519		
0016_dynbuf_c_154_local-cpp-cwe-120-overflow	LLM_FP	FP		dynbuf.c	154		CWE-120	0	13519		
0017_dynbuf_c_117_local-cpp-cwe-120-overflow	REPRODUCER_BUILD_FAIL	REPRODUCER_BUILD_FAIL	heap-buffer-overflow	dynbuf.c	117		CWE-120	0	13519		
0313_dynbuf_c_133_local-cpp-cwe-125-cursor-lookahead-missing-bytes-check	LLM_FP	FP		dynbuf.c	133		CWE-125	0	13519		
0574_dynbuf_c_117_local-cpp-cwe-787-oob-write	REPRODUCER_BUILD_FAIL	REPRODUCER_BUILD_FAIL	heap-buffer-overflow	dynbuf.c	117		CWE-787	0	13519		
0600_dynbuf_c_117_local-cpp-cwe-823-pointer-offset	REPRODUCER_BUILD_FAIL	REPRODUCER_BUILD_FAIL	heap-buffer-overflow	dynbuf.c	117		CWE-823	0	13519		
0043_hsts_c_413_local-cpp-cwe-120-overflow	LLM_FP	FP		hsts.c	413		CWE-120	0	13519		
0050_hsts_c_111_local-cpp-cwe-120-overflow	LLM_FP	FP		hsts.c	111		CWE-120	0	13519		
0328_hsts_c_458_local-cpp-cwe-125-cursor-lookahead-missing-bytes-check	LLM_FP	FP		hsts.c	458		CWE-125	0	13519		
0329_hsts_c_468_local-cpp-cwe-125-cursor-lookahead-missing-bytes-check	LLM_FP	FP		hsts.c	468		CWE-125	0	13519		
0330_hsts_c_421_local-cpp-cwe-125-cursor-lookahead-missing-bytes-check	LLM_FP	FP		hsts.c	421		CWE-125	0	13519		
0092_smb_c_778_local-cpp-cwe-120-overflow	LLM_FP	FP		smb.c	778		CWE-120	0	13519		
0093_smb_c_750_local-cpp-cwe-120-overflow	LLM_FP	FP		smb.c	750		CWE-120	0	13519		
0095_smb_c_709_local-cpp-cwe-120-overflow	LLM_FP	FP		smb.c	709		CWE-120	0	13519		
0096_smb_c_668_local-cpp-cwe-120-overflow	LLM_FP	FP		smb.c	668		CWE-120	0	13519		
0098_smb_c_604_local-cpp-cwe-120-overflow	LLM_FP	FP		smb.c	604		CWE-120	0	13519		
0094_smtp_c_281_local-cpp-cwe-120-overflow	LLM_FP	FP		smtp.c	281		CWE-120	0	13519		
0184_smtp_c_1962_local-cpp-cwe-125-oob-read	LLM_FP	FP		smtp.c	1962		CWE-125	0	13519		
0396_smtp_c_269_local-cpp-cwe-125-cursor-lookahead-missing-bytes-check	LLM_FP	FP		smtp.c	269		CWE-125	0	13519		
0397_smtp_c_276_local-cpp-cwe-125-cursor-lookahead-missing-bytes-check	LLM_FP	FP		smtp.c	276		CWE-125	0	13519		
0398_smtp_c_292_local-cpp-cwe-125-cursor-lookahead-missing-bytes-check	LLM_FP	FP		smtp.c	292		CWE-125	0	13519		
0153_connect_c_76_local-cpp-cwe-125-oob-read	LLM_FP	FP		connect.c	76		CWE-125	0	13519		
0155_connect_c_78_local-cpp-cwe-125-oob-read	LLM_FP	FP		connect.c	78		CWE-125	0	13519		
0156_connect_c_80_local-cpp-cwe-125-oob-read	LLM_FP	FP		connect.c	80		CWE-125	0	13519		
0157_connect_c_84_local-cpp-cwe-125-oob-read	LLM_FP	FP		connect.c	84		CWE-125	0	13519		
1867_connect_c_469_sailor-kernel-lifecycle-mismatch	LLM_FP	FP		connect.c	469		CWE-416	0	13519		
0269_cf-https-connect_c_712_local-cpp-cwe-125-cursor-lookahead-missing-bytes-check	LLM_FP	FP		cf-https-connect.c	712		CWE-125	0	13519		
0270_cf-https-connect_c_735_local-cpp-cwe-125-cursor-lookahead-missing-bytes-check	LLM_FP	FP		cf-https-connect.c	735		CWE-125	0	13519		
0271_cf-https-connect_c_746_local-cpp-cwe-125-cursor-lookahead-missing-bytes-check	LLM_FP	FP		cf-https-connect.c	746		CWE-125	0	13519		
0272_cf-https-connect_c_752_local-cpp-cwe-125-cursor-lookahead-missing-bytes-check	LLM_FP	FP		cf-https-connect.c	752		CWE-125	0	13519		
1851_cf-https-connect_c_550_sailor-kernel-lifecycle-mismatch	LLM_FP	FP		cf-https-connect.c	550		CWE-416	0	13519		
1887_cw-pause_c_101_sailor-kernel-lifecycle-mismatch	LLM_FP	FP		cw-pause.c	101		CWE-416	0	13519		
1888_cw-pause_c_102_sailor-kernel-lifecycle-mismatch	LLM_FP	FP		cw-pause.c	102		CWE-416	0	13519		
1889_cw-pause_c_102_sailor-kernel-lifecycle-mismatch	LLM_FP	FP		cw-pause.c	102		CWE-416	0	13519		
1890_cw-pause_c_103_sailor-kernel-lifecycle-mismatch	LLM_FP	FP		cw-pause.c	103		CWE-416	0	13519		
1891_cw-pause_c_104_sailor-kernel-lifecycle-mismatch	LLM_FP	FP		cw-pause.c	104		CWE-416	0	13519		
1893_cw-out_c_131_sailor-kernel-lifecycle-mismatch	LLM_FP	FP		cw-out.c	131		CWE-416	0	13519		
1894_cw-out_c_132_sailor-kernel-lifecycle-mismatch	LLM_FP	FP		cw-out.c	132		CWE-416	0	13519		
1895_cw-out_c_132_sailor-kernel-lifecycle-mismatch	LLM_FP	FP		cw-out.c	132		CWE-416	0	13519		
1896_cw-out_c_133_sailor-kernel-lifecycle-mismatch	LLM_FP	FP		cw-out.c	133		CWE-416	0	13519		
1897_cw-out_c_134_sailor-kernel-lifecycle-mismatch	LLM_FP	FP		cw-out.c	134		CWE-416	0	13519		
0003_altsvc_c_171_local-cpp-cwe-120-overflow	LLM_FP	FP		altsvc.c	171		CWE-120	0	13519		
0004_altsvc_c_97_local-cpp-cwe-120-overflow	LLM_FP	FP		altsvc.c	97		CWE-120	0	13519		
0005_altsvc_c_101_local-cpp-cwe-120-overflow	LLM_FP	FP		altsvc.c	101		CWE-120	0	13519		
0273_altsvc_c_75_local-cpp-cwe-125-cursor-lookahead-missing-bytes-check	LLM_FP	FP		altsvc.c	75		CWE-125	0	13519		
0034_doh_c_960_local-cpp-cwe-120-overflow	LLM_FP	FP		doh.c	960		CWE-120	0	13519		
0040_doh_c_585_local-cpp-cwe-120-overflow	LLM_FP	FP		doh.c	585		CWE-120	0	13519		
0041_doh_c_573_local-cpp-cwe-120-overflow	LLM_FP	FP		doh.c	573		CWE-120	0	13519		
0140_doh_c_144_local-cpp-cwe-120-overflow	LLM_FP	FP		doh.c	144		CWE-120	0	13519		
0035_http1_c_217_local-cpp-cwe-120-overflow	LLM_FP	FP		http1.c	217		CWE-120	0	13519		
0164_http1_c_149_local-cpp-cwe-125-oob-read	LLM_FP	FP		http1.c	149		CWE-125	0	13519		
0165_http1_c_195_local-cpp-cwe-125-oob-read	LLM_FP	FP		http1.c	195		CWE-125	0	13519		
0166_http1_c_85_local-cpp-cwe-125-oob-read	LLM_FP	FP		http1.c	85		CWE-125	0	13519		
0081_sendf_c_1305_local-cpp-cwe-120-overflow	LLM_FP	FP		sendf.c	1305		CWE-120	0	13519		
0199_sendf_c_1007_local-cpp-cwe-125-oob-read	LLM_FP	FP		sendf.c	1007		CWE-125	0	13519		
1957_sendf_c_949_sailor-kernel-lifecycle-mismatch	LLM_FP	FP		sendf.c	949		CWE-416	0	13519		
1958_sendf_c_386_sailor-kernel-lifecycle-mismatch	LLM_FP	FP		sendf.c	386		CWE-416	0	13519		
0144_cf-h1-proxy_c_339_local-cpp-cwe-125-oob-read	LLM_FP	FP		cf-h1-proxy.c	339		CWE-125	0	13519		
0283_cf-h1-proxy_c_536_local-cpp-cwe-125-cursor-lookahead-missing-bytes-check	LLM_FP	FP		cf-h1-proxy.c	536		CWE-125	0	13519		
0284_cf-h1-proxy_c_380_local-cpp-cwe-125-cursor-lookahead-missing-bytes-check	LLM_FP	FP		cf-h1-proxy.c	380		CWE-125	0	13519		
1852_cf-h1-proxy_c_741_sailor-kernel-lifecycle-mismatch	LLM_FP	FP		cf-h1-proxy.c	741		CWE-416	0	13519		
0167_ftplistparser_c_412_local-cpp-cwe-125-oob-read	LLM_FP	FP		ftplistparser.c	412		CWE-125	0	13519		
0319_ftplistparser_c_1036_local-cpp-cwe-125-cursor-lookahead-missing-bytes-check	LLM_FP	FP		ftplistparser.c	1036		CWE-125	0	13519		
0325_ftplistparser_c_589_local-cpp-cwe-125-cursor-lookahead-missing-bytes-check	LLM_FP	FP		ftplistparser.c	589		CWE-125	0	13519		
1899_ftplistparser_c_219_sailor-kernel-lifecycle-mismatch	LLM_FP	FP		ftplistparser.c	219		CWE-416	0	13519		
0275_cf-ip-happy_c_85_local-cpp-cwe-125-cursor-lookahead-missing-bytes-check	LLM_FP	FP	out-of-bounds-read	cf-ip-happy.c	85		CWE-125	0	13519		
1850_cf-ip-happy_c_887_sailor-kernel-lifecycle-mismatch	LLM_FP	FP	use-after-free	cf-ip-happy.c	887		CWE-416	0	13519		
1853_cf-ip-happy_c_178_sailor-kernel-lifecycle-mismatch	LLM_FP	FP	use-after-free	cf-ip-happy.c	178		CWE-416	0	13519		
1854_cf-ip-happy_c_179_sailor-kernel-lifecycle-mismatch	LLM_FP	FP	use-after-free	cf-ip-happy.c	179		CWE-416	0	13519		
0529_tool_ipfs_c_185_local-cpp-cwe-125-cursor-lookahead-missing-bytes-check	LLM_FP	FP		tool_ipfs.c	185		CWE-125	0	13519		
1037_tool_ipfs_c_132_sailor-wmi-2-type-confusion-leak	LLM_FP	FP		tool_ipfs.c	132		CWE-125	0	13519		
1040_tool_ipfs_c_133_sailor-wmi-2-type-confusion-leak	LLM_FP	FP		tool_ipfs.c	133		CWE-125	0	13519		
1045_tool_ipfs_c_135_sailor-wmi-2-type-confusion-leak	LLM_FP	FP		tool_ipfs.c	135		CWE-125	0	13519		
0033_hash_c_112_local-cpp-cwe-120-overflow	REPRODUCER_BUILD_FAIL	REPRODUCER_BUILD_FAIL	heap-buffer-overflow	hash.c	112		CWE-120	0	13519		
0163_hash_c_344_local-cpp-cwe-125-oob-read	LLM_FP	FP		hash.c	344		CWE-125	0	13519		
1892_hash_c_228_sailor-kernel-lifecycle-mismatch	LLM_FP	FP		hash.c	228		CWE-416	0	13519		
0037_file_c_594_local-cpp-cwe-120-overflow	LLM_FP	FP		file.c	594		CWE-120	0	13519		
0168_file_c_400_local-cpp-cwe-125-oob-read	LLM_FP	FP		file.c	400		CWE-125	0	13519		
0169_file_c_231_local-cpp-cwe-125-oob-read	LLM_FP	FP		file.c	231		CWE-125	0	13519		
0038_easy_c_898_local-cpp-cwe-120-overflow	LLM_FP	FP		easy.c	898		CWE-120	0	13519		
0039_easy_c_899_local-cpp-cwe-120-overflow	LLM_FP	FP		easy.c	899		CWE-120	0	13519		
0326_easy_c_760_local-cpp-cwe-125-cursor-lookahead-missing-bytes-check	LLM_FP	FP		easy.c	760		CWE-125	0	13519		
0058_noproxy_c_159_local-cpp-cwe-120-overflow	LLM_FP	FP		noproxy.c	159		CWE-120	0	13519		
0173_noproxy_c_98_local-cpp-cwe-125-oob-read	LLM_FP	FP		noproxy.c	98		CWE-125	0	13519		
0335_noproxy_c_198_local-cpp-cwe-125-cursor-lookahead-missing-bytes-check	LLM_FP	FP		noproxy.c	198		CWE-125	0	13519		
0162_curl_sasl_c_124_local-cpp-cwe-125-oob-read	LLM_FP	FP		curl_sasl.c	124		CWE-125	0	13519		
0317_curl_sasl_c_906_local-cpp-cwe-125-cursor-lookahead-missing-bytes-check	LLM_FP	FP		curl_sasl.c	906		CWE-125	0	13519		
0318_curl_sasl_c_301_local-cpp-cwe-125-cursor-lookahead-missing-bytes-check	LLM_FP	FP		curl_sasl.c	301		CWE-125	0	13519		
0224_hostcheck_c_91_local-cpp-cwe-125-oob-read	REPRODUCER_BUILD_FAIL	REPRODUCER_BUILD_FAIL	heap-buffer-overflow	hostcheck.c	91		CWE-125	0	13519		
0225_hostcheck_c_100_local-cpp-cwe-125-oob-read	LLM_FP	FP		hostcheck.c	100		CWE-125	0	13519		
0226_hostcheck_c_105_local-cpp-cwe-125-oob-read	LLM_FP	FP		hostcheck.c	105		CWE-125	0	13519		
0322_escape_c_127_local-cpp-cwe-125-cursor-lookahead-missing-bytes-check	LLM_FP	FP		escape.c	127		CWE-125	0	13519		
0323_escape_c_129_local-cpp-cwe-125-cursor-lookahead-missing-bytes-check	LLM_FP	FP		escape.c	129		CWE-125	0	13519		
0324_escape_c_130_local-cpp-cwe-125-cursor-lookahead-missing-bytes-check	LLM_FP	FP		escape.c	130		CWE-125	0	13519		
0768_slist_wc_c_54_sailor-wmi-2-type-confusion-leak	LLM_FP	FP	use-after-free	slist_wc.c	54		CWE-125	0	13519		
0769_slist_wc_c_55_sailor-wmi-2-type-confusion-leak	LLM_FP	FP	use-after-free	slist_wc.c	55		CWE-125	0	13519		
1969_slist_wc_c_65_sailor-kernel-lifecycle-mismatch	LLM_FP	FP	use-after-free	slist_wc.c	65		CWE-416	0	13519		
0076_strdup_c_112_local-cpp-cwe-120-overflow	LLM_FP	FP		strdup.c	112		CWE-120	0	13519		
0077_strdup_c_90_local-cpp-cwe-120-overflow	LLM_FP	FP		strdup.c	90		CWE-120	0	13519		
0087_uint-bset_c_101_local-cpp-cwe-120-overflow	LLM_FP	FP		uint-bset.c	101		CWE-120	0	13519		
0089_uint-bset_c_52_local-cpp-cwe-120-overflow	LLM_FP	FP		uint-bset.c	52		CWE-120	0	13519		
0099_setopt_c_121_local-cpp-cwe-120-overflow	LLM_FP	FP		setopt.c	121		CWE-120	0	13519		
0399_setopt_c_2136_local-cpp-cwe-125-cursor-lookahead-missing-bytes-check	LLM_FP	FP	out-of-bounds-read	setopt.c	2136		CWE-125	0	13519		
0100_keylog_c_123_local-cpp-cwe-120-overflow	LLM_FP	FP		keylog.c	123		CWE-120	0	13519		
0101_keylog_c_93_local-cpp-cwe-120-overflow	LLM_FP	FP		keylog.c	93		CWE-120	0	13519		
0115_tool_getpass_c_178_local-cpp-cwe-120-overflow	LLM_FP	FP		tool_getpass.c	178		CWE-120	0	13519		
0522_tool_getpass_c_182_local-cpp-cwe-125-cursor-lookahead-missing-bytes-check	REPRODUCER_BUILD_FAIL	REPRODUCER_BUILD_FAIL	heap-buffer-overflow	tool_getpass.c	182		CWE-125	0	13519		
0267_tool_hugehelp_c_12501_local-cpp-cwe-125-cursor-lookahead-missing-bytes-check	LLM_FP	FP		tool_hugehelp.c	12501		CWE-125	0	13519		
0268_tool_hugehelp_c_12461_local-cpp-cwe-125-cursor-lookahead-missing-bytes-check	LLM_FP	FP		tool_hugehelp.c	12461		CWE-125	0	13519		
0320_curl_trc_c_347_local-cpp-cwe-125-cursor-lookahead-missing-bytes-check	LLM_FP	FP		curl_trc.c	347		CWE-125	0	13519		
0321_curl_trc_c_292_local-cpp-cwe-125-cursor-lookahead-missing-bytes-check	LLM_FP	FP		curl_trc.c	292		CWE-125	0	13519		
0342_parsedate_c_319_local-cpp-cwe-125-cursor-lookahead-missing-bytes-check	LLM_FP	FP		parsedate.c	319		CWE-125	0	13519		
0343_parsedate_c_322_local-cpp-cwe-125-cursor-lookahead-missing-bytes-check	LLM_FP	FP		parsedate.c	322		CWE-125	0	13519		
0362_progress_c_433_local-cpp-cwe-125-cursor-lookahead-missing-bytes-check	LLM_FP	FP		progress.c	433		CWE-125	0	13519		
0363_progress_c_434_local-cpp-cwe-125-cursor-lookahead-missing-bytes-check	LLM_FP	FP		progress.c	434		CWE-125	0	13519		
0512_tool_cb_dbg_c_103_local-cpp-cwe-125-cursor-lookahead-missing-bytes-check	LLM_FP	FP		tool_cb_dbg.c	103		CWE-125	0	13519		
0513_tool_cb_dbg_c_117_local-cpp-cwe-125-cursor-lookahead-missing-bytes-check	LLM_FP	FP		tool_cb_dbg.c	117		CWE-125	0	13519		
0527_tool_easysrc_c_210_local-cpp-cwe-125-cursor-lookahead-missing-bytes-check	LLM_FP	FP		tool_easysrc.c	210		CWE-125	0	13519		
0970_tool_easysrc_c_140_sailor-wmi-2-type-confusion-leak	REPRODUCER_BUILD_FAIL	REPRODUCER_BUILD_FAIL	use-after-free	tool_easysrc.c	140		CWE-125	0	13519		
1439_tool_writeout_json_c_125_sailor-wmi-2-type-confusion-leak	LLM_FP	FP		tool_writeout_json.c	125		CWE-125	0	13519		
1440_tool_writeout_json_c_145_sailor-wmi-2-type-confusion-leak	LLM_FP	FP		tool_writeout_json.c	145		CWE-125	0	13519		
1900_llist_c_201_sailor-kernel-lifecycle-mismatch	LLM_FP	FP		llist.c	201		CWE-416	0	13519		
1901_llist_c_182_sailor-kernel-lifecycle-mismatch	LLM_FP	FP		llist.c	182		CWE-416	0	13519		
1904_multi_ev_c_176_sailor-kernel-lifecycle-mismatch	LLM_FP	FP		multi_ev.c	176		CWE-416	0	13519		
1905_multi_ev_c_177_sailor-kernel-lifecycle-mismatch	LLM_FP	FP		multi_ev.c	177		CWE-416	0	13519		
1906_http_ntlm_c_135_sailor-kernel-lifecycle-mismatch	LLM_FP	FP		http_ntlm.c	135		CWE-416	0	13519		
1907_http_ntlm_c_59_sailor-kernel-lifecycle-mismatch	LLM_FP	FP		http_ntlm.c	59		CWE-416	0	13519		
0015_strcopy_c_45_local-cpp-cwe-120-overflow	LLM_FP	FP		strcopy.c	45		CWE-120	0	13519		
0047_headers_c_262_local-cpp-cwe-120-overflow	REPRODUCER_BUILD_FAIL	REPRODUCER_BUILD_FAIL	heap-buffer-overflow	headers.c	262		CWE-120	0	13519		
0097_uint-table_c_74_local-cpp-cwe-120-overflow	LLM_FP	FP		uint-table.c	74		CWE-120	0	13519		
0102_version_c_287_local-cpp-cwe-120-overflow	LLM_FP	FP		version.c	287		CWE-120	0	13519		
0128_tool_strdup_c_52_local-cpp-cwe-120-overflow	LLM_FP	FP		tool_strdup.c	52		CWE-120	0	13519		
0152_strparse_c_251_local-cpp-cwe-125-oob-read	LLM_FP	FP		strparse.c	251		CWE-125	0	13519		
0181_pingpong_c_304_local-cpp-cwe-125-oob-read	LLM_FP	FP		pingpong.c	304		CWE-125	0	13519		
0237_tool_libinfo_c_189_local-cpp-cwe-125-oob-read	LLM_FP	FP		tool_libinfo.c	189		CWE-125	0	13519		
0333_mprintf_c_1125_local-cpp-cwe-125-cursor-lookahead-missing-bytes-check	REPRODUCER_BUILD_FAIL	REPRODUCER_BUILD_FAIL	heap-buffer-overflow	mprintf.c	1125		CWE-125	0	13519		
0828_tool_cb_see_c_82_sailor-wmi-2-type-confusion-leak	REPRODUCER_BUILD_FAIL	REPRODUCER_BUILD_FAIL	use-after-free	tool_cb_see.c	82		CWE-125	0	13519		
1849_cf-haproxy_c_160_sailor-kernel-lifecycle-mismatch	LLM_FP	FP	use-after-free	cf-haproxy.c	160		CWE-416	0	13519		
1856_cshutdn_c_345_sailor-kernel-lifecycle-mismatch	LLM_FP	FP	use-after-free	cshutdn.c	345		CWE-416	0	13519		
1902_multi_ntfy_c_141_sailor-kernel-lifecycle-mismatch	LLM_FP	FP	use-after-free	multi_ntfy.c	141		CWE-416	0	13519		
1908_http_proxy_c_384_sailor-kernel-lifecycle-mismatch	LLM_FP	FP		http_proxy.c	384		CWE-416	0	13519		
1909_slist_c_134_sailor-kernel-lifecycle-mismatch	LLM_FP	FP		slist.c	134		CWE-416	0	13519		
1959_uint-hash_c_160_sailor-kernel-lifecycle-mismatch	LLM_FP	FP		uint-hash.c	160		CWE-416	0	13519		
